config_id,epoch,beta1,beta2,global_batch_size,eps,lr,text_width,vision_width,warmup_fraction,wd,mparams,vision_mparams,text_mparams,text_mparams_non_emb,epoch_diverged,current_lr_value,lr_ratio,global_steps_completed,total_global_steps,in_warmup,warmup_steps,warmup_progress,training_progress,val_loss,test_loss,train_loss,world_size,train_gpu_name,train_num_samples_per_epoch,total_epochs,total_samples_planned,samples_seen,samples_seen_frac,compute_seen,Total compute(GLOPs),total_compute_planned,train_duration(s),vtab_caltech101_mean_per_class_recall,cifar10_mean_per_class_recall,vtab_cifar100_mean_per_class_recall,vtab_clevr_count_all_acc1,vtab_clevr_closest_object_distance_acc1,country211_acc1,vtab_dtd_acc1,vtab_eurosat_acc1,fgvc_aircraft_mean_per_class_recall,food101_acc1,gtsrb_acc1,imagenet1k_acc1,imagenet_sketch_acc1,imagenet-a_acc1,imagenet-o_acc1,imagenet-r_acc1,vtab_kitti_closest_vehicle_distance_acc1,mnist_acc1,objectnet_acc1,vtab_flowers_mean_per_class_recall,vtab_pets_mean_per_class_recall,voc2007_acc1,vtab_pcam_acc1,renderedsst2_acc1,vtab_resisc45_acc1,cars_acc1,stl10_acc1,sun397_acc1,vtab_svhn_acc1,retrieval_flickr_1k_test_image_text_retrieval_mean_recall@1,retrieval_mscoco_2014_5k_test_image_text_retrieval_mean_recall@1,misc_winogavil_jaccard_score_10-12,wilds_iwildcam_F1-macro_all,wilds_camelyon17_acc1,wilds_fmow_acc_worst_region,fairness_dollar_street_acc_top5_wg,fairness_geode_acc_wg,fairness_fairface_acc_race_avg,fairness_utkface_acc_race_avg
1501,1,0.9,0.999,16384,1e-08,0.001,768,512,0.2,0.2,162.98,39.63,123.35,85.35,False,0.000500408496732,0.5004084967320263,1224,12240,1,2448,0.5,0.1,2.024131774902344,2.005329370498657,7.848944623875462,16,NVIDIA H100,20000000,10,200000000,20000000,0.1,346733936.64,3467339366.4,3467339366.4,623.8116583824158,0.2291188702898851,0.29,0.1471,0.1495333333333333,0.2076,0.0143601895734597,0.0542553191489361,0.1009259259259259,0.0088770053475935,0.0700990099009901,0.0779889152810768,0.04224,0.0130873076696339,0.0156,0.1185,0.0671333333333333,0.3361462728551336,0.1522,0.0365564767955206,0.0581036390407221,0.0934802902443682,0.2920673076923077,0.587188720703125,0.4909390444810543,0.0769841269841269,0.0203954731998507,0.4925,0.0888519042977729,0.1493930547019053,0.0377999991178512,0.0182568971067667,0.2515557042489126,0.0019864005176376,0.5326968749265173,0.0,0.2137850522994995,0.2275574058294296,0.7747854590415955,0.5694215893745422
1501,2,0.9,0.999,16384,1e-08,0.001,768,512,0.2,0.2,162.98,39.63,123.35,85.35,False,0.001,1.0,2448,12240,1,2448,1.0,0.2,4.850943565368652,4.850504398345947,8.74642390830844,16,NVIDIA H100,20000000,10,200000000,40000000,0.2,693467873.28,3467339366.4,3467339366.4,616.0009019374847,0.0098039215686274,0.1,0.01,0.1205333333333333,0.2450666666666666,0.0047393364928909,0.0212765957446808,0.115,0.01,0.0099009900990099,0.0308788598574821,0.001,0.0010021812179449,0.0106666666666666,0.0035,0.0048666666666666,0.220815752461322,0.098,0.008398837084096,0.0098039215686274,0.027027027027027,0.0917467948717948,0.500213623046875,0.4991762767710049,0.0217460317460317,0.0054719562243502,0.1,0.0015355757029626,0.0669944683466502,0.0010000000474974,0.0001999600135604,0.1452603992416639,0.0,0.5,0.0,0.0871040746569633,0.0212943628430366,0.1903414279222488,0.4250938594341278
1501,3,0.9,0.999,16384,1e-08,0.001,768,512,0.2,0.2,162.98,39.63,123.35,85.35,False,0.0009619397662556,0.9619397662556434,3672,12240,0,2448,1.0,0.3,4.850653648376465,4.850196838378906,9.70356007806616,16,NVIDIA H100,20000000,10,200000000,60000000,0.3,1040201809.92,3467339366.4,3467339366.4,627.7706027030945,0.0094754634396578,0.1011,0.0098999999999999,0.1265333333333333,0.1997333333333333,0.004691943127962,0.0212765957446808,0.1288888888888889,0.01,0.0099405940594059,0.0407759303246239,0.00098,0.001041482442178,0.0038666666666666,0.0045,0.0047,0.3727144866385373,0.0887,0.0089372240766663,0.0092541689573025,0.0275675675675675,0.0259748931623931,0.493438720703125,0.4991762767710049,0.0234920634920634,0.0048501430170376,0.09975,0.0037331960203762,0.0855485556238475,0.0011999999987892,0.0002199520167778,0.1303390208542433,2.4064985701814346e-05,0.4566863404425423,0.0040298206731677,0.0759345814585685,0.0205444265156984,0.7470330595970154,0.5694637894630432
1501,4,0.9,0.999,16384,1e-08,0.001,768,512,0.2,0.2,162.98,39.63,123.35,85.35,False,0.0008535533905932,0.8535533905932737,4896,12240,0,2448,1.0,0.4,4.850942134857178,4.8505024909973145,9.70337652848437,16,NVIDIA H100,20000000,10,200000000,80000000,0.4,1386935746.56,3467339366.4,3467339366.4,625.6204009056091,0.0107505070993914,0.0995,0.0116,0.1283333333333333,0.0904666666666666,0.0054502369668246,0.0212765957446808,0.0914814814814814,0.0104367201426024,0.0104554455445544,0.0213776722090261,0.00092,0.0009825306058283,0.0030666666666666,0.005,0.0063666666666666,0.1054852320675105,0.0982,0.0066221600086141,0.0098039215686274,0.0267567567567567,0.0261084401709401,0.499786376953125,0.5019220208676551,0.0207936507936507,0.0055963188658127,0.100375,0.0023999117273847,0.096919176398279,0.0015000000712461,0.0001999600135604,0.1307293409166945,0.0006360526664463,0.5,0.0,0.0610432848334312,0.0181979574263095,0.5868176221847534,0.529468834400177
1501,5,0.9,0.999,16384,1e-08,0.001,768,512,0.2,0.2,162.98,39.63,123.35,85.35,False,0.0006913417161825,0.6913417161825449,6120,12240,0,2448,1.0,0.5,4.850944519042969,4.8505048751831055,9.97552282825794,16,NVIDIA H100,20000000,10,200000000,100000000,0.5,1733669683.1999998,3467339366.4,3467339366.4,630.5766844749451,0.0098039215686274,0.1,0.01,0.1283333333333333,0.2254,0.0047393364928909,0.0212765957446808,0.1125925925925925,0.01,0.0099009900990099,0.0306413301662707,0.001,0.0010021812179449,0.0012,0.006,0.0044666666666666,0.0914205344585091,0.1028,0.0088295466781522,0.0098039215686274,0.027027027027027,0.01696047008547,0.499786376953125,0.4991762767710049,0.0209523809523809,0.0055963188658127,0.1,0.0011034076907516,0.077558389674247,0.0010000000474974,0.0001999600135604,0.1309746849559495,8.940231360415849e-05,0.5,0.0,0.0610859729349613,0.0216368772089481,0.8096585869789124,0.5749061107635498
1501,6,0.9,0.999,16384,1e-08,0.001,768,512,0.2,0.2,162.98,39.63,123.35,85.35,False,0.0005,0.5,7344,12240,0,2448,1.0,0.6,4.850942134857178,4.8505024909973145,9.703126221700431,16,NVIDIA H100,20000000,10,200000000,120000000,0.6,2080403619.84,3467339366.4,3467339366.4,624.7467980384827,0.0098039215686274,0.1,0.01,0.1205333333333333,0.2450666666666666,0.0047393364928909,0.0212765957446808,0.0946296296296296,0.01,0.0099009900990099,0.0166270783847981,0.00102,0.0010218318300615,0.0025333333333333,0.003,0.0036666666666666,0.3150492264416315,0.0958,0.0118445138365457,0.0098039215686274,0.027027027027027,0.0207665598290598,0.500213623046875,0.4991762767710049,0.0217460317460317,0.0043526924511876,0.1,0.0011126027548412,0.0759449907805777,0.0010000000474974,0.0001999600135604,0.1307293409166945,0.0001726055086834,0.5,0.0,0.0490654222667217,0.0197554100304842,0.8096585869789124,0.5749061107635498
1501,7,0.9,0.999,16384,1e-08,0.001,768,512,0.2,0.2,162.98,39.63,123.35,85.35,False,0.0003086582838174,0.3086582838174551,8568,12240,0,2448,1.0,0.7,4.850942134857178,4.8505024909973145,9.703185539619597,16,NVIDIA H100,20000000,10,200000000,140000000,0.7,2427137556.48,3467339366.4,3467339366.4,640.9643514156342,0.0051966750188919,0.1002999999999999,0.01,0.1252666666666666,0.2086,0.0043601895734597,0.0234042553191489,0.0898148148148148,0.0102762923351158,0.0093465346534653,0.0064133016627078,0.00086,0.0011397355027609,0.0016,0.007,0.0039,0.0914205344585091,0.0982,0.0116291590395176,0.0118352059925093,0.0267622167622167,0.023704594017094,0.499786376953125,0.500823723228995,0.0182539682539682,0.0058450441487377,0.1,0.0013332842929915,0.0842808850645359,0.001300000003539,0.0002799680078169,0.1307293409166945,0.0019014527986382,0.5,0.0,0.0757918581366539,0.0179540701210498,0.8096585869789124,0.5749061107635498
1501,8,0.9,0.999,16384,1e-08,0.001,768,512,0.2,0.2,162.98,39.63,123.35,85.35,False,0.0001464466094067,0.1464466094067262,9792,12240,0,2448,1.0,0.8,4.850942134857178,4.8505024909973145,9.70323920405768,16,NVIDIA H100,20000000,10,200000000,160000000,0.8,2773871493.12,3467339366.4,3467339366.4,638.1429619789124,0.0090753477457824,0.0968,0.0097,0.1202666666666666,0.1631333333333333,0.0045497630331753,0.0228723404255319,0.1114814814814814,0.0072727272727272,0.0103366336633663,0.0156769596199524,0.00088,0.0009235787694786,0.0032,0.0035,0.0048666666666666,0.3684950773558368,0.0945,0.0093679336707225,0.0100105176170084,0.0268373265805047,0.0259081196581196,0.446319580078125,0.500274574409665,0.0265079365079365,0.0054719562243502,0.09975,0.0028596649318645,0.1236939151813153,0.0010000000474974,0.0001999600135604,0.1307293409166945,0.0016908305284479,0.4149011216403696,0.0,0.0823665857315063,0.0225469730794429,0.8077414631843567,0.5746529698371887
1501,9,0.9,0.999,16384,1e-08,0.001,768,512,0.2,0.2,162.98,39.63,123.35,85.35,False,3.806023374435663e-05,0.0380602337443566,11016,12240,0,2448,1.0,0.9,4.850942134857178,4.8505024909973145,9.703192564397076,16,NVIDIA H100,20000000,10,200000000,180000000,0.9,3120605429.76,3467339366.4,3467339366.4,636.2352011203766,0.0101026387582142,0.1016,0.0093,0.123,0.2250666666666666,0.0047393364928909,0.0207446808510638,0.1474074074074074,0.0107754010695187,0.0104950495049504,0.0407759303246239,0.0008,0.0009039281573621,0.0048,0.003,0.0035666666666666,0.220815752461322,0.0964,0.008344998384839,0.0091165003192985,0.0267567567567567,0.0832665598290598,0.509674072265625,0.4953322350356947,0.0147619047619047,0.0049745056585001,0.10075,0.0021332548687864,0.0840888137676705,0.00240000008489,9.996001608669758e-05,0.1307293409166945,0.0005880392542426,0.542008606297176,0.0,0.0800464004278183,0.0192850418388843,0.7400036454200745,0.5676074624061584
1501,10,0.9,0.999,16384,1e-08,0.001,768,512,0.2,0.2,162.98,39.63,123.35,85.35,False,0.0,0.0,12240,12240,0,2448,1.0,1.0,4.850942134857178,4.850502014160156,9.703565070831695,16,NVIDIA H100,20000000,10,200000000,200000000,1.0,3467339366.4,3467339366.4,3467339366.4,634.4575338363647,0.0098039215686274,0.1035,0.011,0.13,0.2176666666666666,0.0045023696682464,0.0202127659574468,0.1362962962962963,0.0071925133689839,0.0109306930693069,0.0304829770387965,0.00086,0.0009235787694786,0.0114666666666666,0.0065,0.0064333333333333,0.3150492264416315,0.1021,0.0077527726930117,0.00898817610332,0.0272972972972972,0.0508146367521367,0.500213623046875,0.5013728720483251,0.0206349206349206,0.0050988682999626,0.09625,0.0035400996744947,0.1087507682851874,0.0010000000474974,0.0004399440367706,0.1307293409166945,0.0041748000051052,0.5,0.0,0.0572429895401001,0.0204592905938625,0.1903414279222488,0.4250938594341278
1502,1,0.9,0.999,16384,1e-08,0.001,768,512,0.4,0.2,162.98,39.63,123.35,85.35,False,0.000250204248366,0.2502042483660131,1224,12240,1,4896,0.25,0.1,2.246177673339844,2.2288053035736084,8.00666236682655,16,NVIDIA H100,20000000,10,200000000,20000000,0.1,346733936.64,3467339366.4,3467339366.4,623.9757676124573,0.1784947632935362,0.258,0.1128999999999999,0.1208,0.1729333333333333,0.0142180094786729,0.05,0.1818518518518518,0.0127540106951871,0.0644752475247524,0.0644497228820269,0.0326,0.0100021615673328,0.0128,0.0895,0.0569333333333333,0.2770745428973277,0.0845,0.0313879616668461,0.0612780514414185,0.0856856238253203,0.2591479700854701,0.5570068359375,0.499725425590335,0.0746031746031746,0.014301703768188,0.442125,0.0738087794471927,0.1072141979102642,0.024100000038743,0.0144578968174755,0.2633210661313706,0.0065762182309505,0.5164718884473394,0.0,0.1939252316951751,0.1633282005786895,0.7620960474014282,0.5736826658248901
1502,2,0.9,0.999,16384,1e-08,0.001,768,512,0.4,0.2,162.98,39.63,123.35,85.35,False,0.000500204248366,0.5002042483660131,2448,12240,1,4896,0.5,0.2,1.523014783859253,1.5084999799728394,6.532558559981826,16,NVIDIA H100,20000000,10,200000000,40000000,0.2,693467873.28,3467339366.4,3467339366.4,616.9076721668243,0.314731124969975,0.2836999999999999,0.1531,0.1262,0.1947333333333333,0.0172985781990521,0.0952127659574468,0.2042592592592592,0.0143582887700534,0.0951287128712871,0.0695961995249406,0.07124,0.0244453614730098,0.0182666666666666,0.143,0.1028333333333333,0.3009845288326301,0.0972,0.0531387961666846,0.0869479407264951,0.1285182248216121,0.3752003205128205,0.501861572265625,0.500274574409665,0.1088888888888888,0.0167889565974381,0.572,0.133972083785424,0.0991087891825445,0.0555000007152557,0.0329550579190254,0.2714174194267871,0.0037395243867664,0.500105815129212,0.0,0.2429906576871872,0.291858047246933,0.7101515531539917,0.527232825756073
1502,3,0.9,0.999,16384,1e-08,0.001,768,512,0.4,0.2,162.98,39.63,123.35,85.35,False,0.000750204248366,0.7502042483660131,3672,12240,1,4896,0.75,0.3,4.849167823791504,4.848718166351318,6.173517478447335,16,NVIDIA H100,20000000,10,200000000,60000000,0.3,1040201809.92,3467339366.4,3467339366.4,628.2837023735046,0.0065908716427747,0.1,0.0095,0.1251333333333333,0.2450666666666666,0.0046445497630331,0.0191489361702127,0.0933333333333333,0.0108823529411764,0.011049504950495,0.0209026128266033,0.001,0.0010807836664112,0.0102666666666666,0.0045,0.0062333333333333,0.0914205344585091,0.1028,0.0082911596855819,0.0096967878943709,0.0283783783783783,0.0372596153846153,0.500213623046875,0.500823723228995,0.0182539682539682,0.0054719562243502,0.099625,0.0027033488423414,0.077558389674247,0.0011000000522471,9.999999747378752e-05,0.1607114977138396,0.0,0.5,0.0,0.0769230797886848,0.0212943628430366,0.8096585869789124,0.5749061107635498
1502,4,0.9,0.999,16384,1e-08,0.001,768,512,0.4,0.2,162.98,39.63,123.35,85.35,False,0.001,1.0,4896,12240,1,4896,1.0,0.4,4.850857734680176,4.850414276123047,9.704310136682848,16,NVIDIA H100,20000000,10,200000000,80000000,0.4,1386935746.56,3467339366.4,3467339366.4,627.8609426021576,0.011117518902986,0.0906,0.0132,0.1292,0.2450666666666666,0.0036018957345971,0.0223404255319148,0.1005555555555555,0.0083689839572192,0.0104554455445544,0.0074425969912905,0.00102,0.0008646269331289,0.0081333333333333,0.009,0.0055333333333333,0.220815752461322,0.0993,0.010390868956606,0.0123697618005018,0.0275757575757575,0.0308493589743589,0.529296875,0.4953322350356947,0.0174603174603174,0.0042283298097251,0.093875,0.0014252349338874,0.0830900430239705,0.0010000000474974,0.0002999600110342,0.1237704918032786,9.901818729178152e-05,0.5932936722552731,0.0,0.0599334090948104,0.0192066803574562,0.8095672726631165,0.5748639702796936
1502,5,0.9,0.999,16384,1e-08,0.001,768,512,0.4,0.2,162.98,39.63,123.35,85.35,False,0.0009330127018922,0.9330127018922192,6120,12240,0,4896,1.0,0.5,4.850942134857178,4.8505024909973145,9.703514075746725,16,NVIDIA H100,20000000,10,200000000,100000000,0.5,1733669683.1999998,3467339366.4,3467339366.4,633.2728524208069,0.0088846322842862,0.0958,0.0088999999999999,0.1251333333333333,0.2246666666666666,0.0050236966824644,0.0228723404255319,0.1212962962962962,0.0081550802139037,0.0106138613861386,0.014251781472684,0.00074,0.0009039281573621,0.0089333333333333,0.0035,0.0056666666666666,0.220815752461322,0.1004,0.0089372240766663,0.0105196301236034,0.0239397035273323,0.0225026709401709,0.5074462890625,0.500823723228995,0.0185714285714285,0.0034821539609501,0.0975,0.0015447707670522,0.1015673017824216,0.0015000000712461,9.996001608669758e-05,0.126603100256496,0.0001308365056711,0.5259834928398429,0.0,0.0754060298204422,0.0211665090173482,0.8096585869789124,0.5749061107635498
1502,6,0.9,0.999,16384,1e-08,0.001,768,512,0.4,0.2,162.98,39.63,123.35,85.35,False,0.00075,0.75,7344,12240,0,4896,1.0,0.6,4.850940227508545,4.850499153137207,9.703314497579935,16,NVIDIA H100,20000000,10,200000000,120000000,0.6,2080403619.84,3467339366.4,3467339366.4,625.2475500106812,0.0098039215686274,0.0928,0.0103,0.1246666666666666,0.2330666666666666,0.0045971563981042,0.0276595744680851,0.162037037037037,0.0108645276292335,0.0099405940594059,0.0167854315122723,0.0009,0.0009432293815952,0.0010666666666666,0.003,0.0043666666666666,0.3150492264416315,0.1012,0.0074835791967266,0.0097174225383381,0.027027027027027,0.0579594017094017,0.507904052734375,0.5112575507962658,0.0204761904761904,0.0039796045268001,0.09875,0.0016459164720378,0.0777888752304855,0.0010000000474974,0.0001999600135604,0.1307293409166945,0.0007116920842411,0.5327556611094129,0.0,0.0699223056435585,0.0175365339964628,0.6493518352508545,0.5376112461090088
1502,7,0.9,0.999,16384,1e-08,0.001,768,512,0.4,0.2,162.98,39.63,123.35,85.35,False,0.0005,0.5,8568,12240,0,4896,1.0,0.7,4.850835800170898,4.850395679473877,9.70352493703755,16,NVIDIA H100,20000000,10,200000000,140000000,0.7,2427137556.48,3467339366.4,3467339366.4,643.1219217777252,0.0088072602778485,0.0992,0.0097,0.1262,0.1337333333333333,0.0049763033175355,0.0244680851063829,0.1,0.0096969696969696,0.0091485148514851,0.023673792557403,0.00094,0.0012379885633437,0.0030666666666666,0.01,0.0037333333333333,0.3150492264416315,0.1135,0.0094217723699795,0.0098039215686274,0.0250982800982801,0.0309161324786324,0.49749755859375,0.4991762767710049,0.0212698412698412,0.0052232309414251,0.102125,0.0017102819206649,0.1797403196066379,0.0010000000474974,0.0001999600135604,0.1111185457789673,0.0001042163733489,0.6323512121710914,0.0,0.040887851268053,0.0211665090173482,0.8096585869789124,0.5749061107635498
1502,8,0.9,0.999,16384,1e-08,0.001,768,512,0.4,0.2,162.98,39.63,123.35,85.35,False,0.0002499999999999,0.2499999999999999,9792,12240,0,4896,1.0,0.8,4.850947380065918,4.850507736206055,10.380617514155269,16,NVIDIA H100,20000000,10,200000000,160000000,0.8,2773871493.12,3467339366.4,3467339366.4,640.4443271160126,0.0098039215686274,0.1,0.01,0.1205333333333333,0.0904666666666666,0.0047393364928909,0.0212765957446808,0.1122222222222222,0.01,0.0099009900990099,0.007125890736342,0.001,0.0010021812179449,0.0010666666666666,0.0045,0.0024666666666666,0.3727144866385373,0.0982,0.0029611284591364,0.0098039215686274,0.027027027027027,0.0199652777777777,0.499786376953125,0.500823723228995,0.0228571428571428,0.0046014177341126,0.1,0.0011493830111995,0.096919176398279,0.0010000000474974,0.0001999600135604,0.1330656852905096,0.0,0.5,0.0,0.1018099561333656,0.0216368772089481,0.8096585869789124,0.5749061107635498
1502,9,0.9,0.999,16384,1e-08,0.001,768,512,0.4,0.2,162.98,39.63,123.35,85.35,False,6.698729810778076e-05,0.0669872981077807,11016,12240,0,4896,1.0,0.9,4.850942134857178,4.8505024909973145,9.703537654253392,16,NVIDIA H100,20000000,10,200000000,180000000,0.9,3120605429.76,3467339366.4,3467339366.4,637.5317866802216,0.0098039215686274,0.1002,0.0101,0.1287333333333333,0.0904666666666666,0.004691943127962,0.0234042553191489,0.1122222222222222,0.01,0.0088316831683168,0.0068883610451306,0.00096,0.0009432293815952,0.0038666666666666,0.0045,0.0050333333333333,0.3136427566807314,0.1063,0.0101755141595779,0.0098039215686274,0.0259459459459459,0.0199652777777777,0.499786376953125,0.5024711696869851,0.023015873015873,0.0046014177341126,0.101375,0.0017010868565753,0.0995697602950215,0.0011000000522471,0.0002799280264298,0.1307293409166945,3.1122107589125934e-05,0.5,0.0,0.1298557221889495,0.0216368772089481,0.8096585869789124,0.5749061107635498
1502,10,0.9,0.999,16384,1e-08,0.001,768,512,0.4,0.2,162.98,39.63,123.35,85.35,False,0.0,0.0,12240,12240,0,4896,1.0,1.0,4.850942134857178,4.8505024909973145,9.703441146152471,16,NVIDIA H100,20000000,10,200000000,200000000,1.0,3467339366.4,3467339366.4,3467339366.4,633.5237951278687,0.009419421172277,0.0999,0.0101,0.1253333333333333,0.0944666666666666,0.0056872037914691,0.0191489361702127,0.0996296296296296,0.0102941176470588,0.0106534653465346,0.0096595407759303,0.00106,0.0009825306058283,0.0042666666666666,0.006,0.0045333333333333,0.220815752461322,0.1073,0.0095294497684935,0.0098039215686274,0.0249972699972699,0.0265090811965811,0.499664306640625,0.499725425590335,0.0276190476190476,0.0049745056585001,0.1065,0.0013148941648123,0.1785494775660725,0.0011000000522471,0.0001999600135604,0.1307293409166945,0.0011417432162646,0.4999764855268417,0.0,0.0961538478732109,0.0216368772089481,0.8096585869789124,0.5749061107635498
1503,1,0.9,0.999,16384,1e-08,0.001,768,512,0.6,0.2,162.98,39.63,123.35,85.35,False,0.000166802832244,0.1668028322440087,1224,12240,1,7344,0.1666666666666666,0.1,2.375398635864258,2.355301141738892,8.120771977636549,16,NVIDIA H100,20000000,10,200000000,20000000,0.1,346733936.64,3467339366.4,3467339366.4,622.8177332878113,0.1695858733732619,0.2337999999999999,0.1079,0.0831333333333333,0.1775333333333333,0.0112796208530805,0.0414893617021276,0.1977777777777777,0.0142602495543672,0.0636831683168316,0.0974663499604117,0.02928,0.0078995460708601,0.0130666666666666,0.088,0.0503,0.2475386779184247,0.1006,0.0302573489824485,0.0550871732966187,0.0722916457378902,0.2426549145299145,0.459686279296875,0.499725425590335,0.0822222222222222,0.0101977365999253,0.393625,0.0709766997075969,0.0964966195451751,0.0273000001907348,0.012318352703005,0.2413404706144753,0.0032770252010408,0.3969007924377454,0.0,0.1857476681470871,0.1549060493707656,0.6809384822845459,0.518584132194519
1503,2,0.9,0.999,16384,1e-08,0.001,768,512,0.6,0.2,162.98,39.63,123.35,85.35,False,0.0003334694989106,0.3334694989106753,2448,12240,1,7344,0.3333333333333333,0.2,4.634450435638428,4.630463123321533,7.7058270452848445,16,NVIDIA H100,20000000,10,200000000,40000000,0.2,693467873.28,3467339366.4,3467339366.4,615.7228410243988,0.0114230764749795,0.0931,0.0113,0.1728666666666666,0.2155333333333333,0.0056872037914691,0.0212765957446808,0.1442592592592592,0.0115151515151515,0.0125148514851485,0.0285035629453681,0.00154,0.0011004342785277,0.0024,0.0115,0.0045,0.1139240506329113,0.0925,0.0061376117153009,0.013605466088925,0.0332869232869232,0.0563568376068376,0.521575927734375,0.4991762767710049,0.0258730158730158,0.0065912199975127,0.10775,0.0024642771760119,0.1059081130915795,0.0006999999750405,0.0002999600110342,0.1877941340470614,0.0011767656509299,0.5804312554377219,0.0,0.0642523393034935,0.0319849476218223,0.6060799956321716,0.5526726841926575
1503,3,0.9,0.999,16384,1e-08,0.001,768,512,0.6,0.2,162.98,39.63,123.35,85.35,False,0.0005001361655773,0.5001361655773421,3672,12240,1,7344,0.5,0.3,2.5608673095703125,2.529395580291748,7.363313468453152,16,NVIDIA H100,20000000,10,200000000,60000000,0.3,1040201809.92,3467339366.4,3467339366.4,631.8609373569489,0.1944658207057113,0.2700999999999999,0.1155,0.139,0.2336,0.0149763033175355,0.0542553191489361,0.1516666666666666,0.0124688057040998,0.0771089108910891,0.0386381631037213,0.03396,0.0072117746467802,0.0165333333333333,0.094,0.0622,0.2939521800281294,0.1106,0.029234413696565,0.0752704500615536,0.0951573858348526,0.1694043803418803,0.518890380859375,0.5013728720483251,0.0849206349206349,0.0180325830120631,0.4345,0.0743512882284789,0.1385218192993239,0.0317000010982155,0.0141378249973058,0.2441619270659083,0.0025348047884464,0.5464763561972394,0.0,0.1764018684625625,0.1624217182397842,0.7594485878944397,0.5675652623176575
1503,4,0.9,0.999,16384,1e-08,0.001,768,512,0.6,0.2,162.98,39.63,123.35,85.35,False,0.000666802832244,0.6668028322440087,4896,12240,1,7344,0.6666666666666666,0.4,0.9945145845413208,0.9772778153419496,4.93872834186928,16,NVIDIA H100,20000000,10,200000000,80000000,0.4,1386935746.56,3467339366.4,3467339366.4,626.0072226524353,0.4772723656670197,0.3464,0.2027,0.1244666666666666,0.2098666666666666,0.0244075829383886,0.126063829787234,0.2146296296296296,0.0167379679144385,0.1627326732673267,0.0522565320665083,0.12884,0.0658492012026174,0.0234666666666666,0.2275,0.1696333333333333,0.3037974683544304,0.0975,0.0782814687197157,0.1653222289792772,0.212503044884273,0.3939636752136752,0.56854248046875,0.500823723228995,0.1692063492063492,0.0461385399825892,0.666125,0.2190907920628206,0.0776736324523663,0.1191999986767768,0.0668703317642211,0.3066019850563176,0.0038958907444685,0.5711430385402215,0.0,0.3317756950855255,0.4521920680999756,0.7855578064918518,0.5669324398040771
1503,5,0.9,0.999,16384,1e-08,0.001,768,512,0.6,0.2,162.98,39.63,123.35,85.35,False,0.0008334694989106,0.8334694989106755,6120,12240,1,7344,0.8333333333333334,0.5,4.5699782371521,4.561415195465088,7.502511966851801,16,NVIDIA H100,20000000,10,200000000,100000000,0.5,1733669683.1999998,3467339366.4,3467339366.4,632.7929265499115,0.0140226953104665,0.1182,0.0134,0.1166666666666666,0.1478,0.0043601895734597,0.026595744680851,0.062037037037037,0.0111497326203208,0.014019801980198,0.0214568487727632,0.00156,0.0008056750967792,0.0033333333333333,0.0095,0.0079,0.3544303797468354,0.087,0.0119521912350597,0.0090980044446052,0.0237837837837837,0.0609642094017094,0.529510498046875,0.500823723228995,0.0387301587301587,0.0049745056585001,0.137375,0.0112823436379351,0.0873540258143823,0.0008000000379979,0.0003199520142516,0.1800379168060666,0.0006654509212006,0.5915300867684059,0.0,0.0759345814585685,0.0230479780584573,0.6264378428459167,0.5631354451179504
1503,6,0.9,0.999,16384,1e-08,0.001,768,512,0.6,0.2,162.98,39.63,123.35,85.35,False,0.001,1.0,7344,12240,1,7344,1.0,0.6,4.287102699279785,4.276724338531494,9.299799175823436,16,NVIDIA H100,20000000,10,200000000,120000000,0.6,2080403619.84,3467339366.4,3467339366.4,627.2372074127197,0.0301601582405207,0.1828,0.0259999999999999,0.1199333333333333,0.1201333333333333,0.0071090047393364,0.0180851063829787,0.1061111111111111,0.0099732620320855,0.016079207920792,0.0204275534441805,0.00212,0.0015523983572088,0.0064,0.0125,0.0086,0.2925457102672292,0.1095,0.012652094325401,0.0137246503302701,0.0311141753998896,0.0484107905982906,0.477325439453125,0.500823723228995,0.0387301587301587,0.0053475935828877,0.18825,0.00889162697464,0.1240780577750461,0.0039000000979285,0.000519872046425,0.1959183673469387,0.0002520648795989,0.597291132692172,0.0,0.0788013339042663,0.0437441207468509,0.8069198727607727,0.5763405561447144
1503,7,0.9,0.999,16384,1e-08,0.001,768,512,0.6,0.2,162.98,39.63,123.35,85.35,False,0.0008535533905932,0.8535533905932737,8568,12240,0,7344,1.0,0.7,3.060752868652344,3.038975954055786,8.614960498669568,16,NVIDIA H100,20000000,10,200000000,140000000,0.7,2427137556.48,3467339366.4,3467339366.4,642.1616787910461,0.0848809016236818,0.2688,0.0831999999999999,0.1237333333333333,0.207,0.0101895734597156,0.0398936170212766,0.1685185185185185,0.0092335115864527,0.0419009900990099,0.04972288202692,0.01428,0.00394977303543,0.0085333333333333,0.055,0.0296666666666666,0.2784810126582278,0.1902,0.0160977710778507,0.0451426825998236,0.0498966705547764,0.2169471153846154,0.5733642578125,0.500823723228995,0.0538095238095238,0.0105708245243128,0.28825,0.0337918605292678,0.1576905347264904,0.0091999999713152,0.0046992003917694,0.2354187576670012,0.0019033807655276,0.5758929621181837,0.0,0.1226635500788688,0.0993736982345581,0.8051853179931641,0.5800109505653381
1503,8,0.9,0.999,16384,1e-08,0.001,768,512,0.6,0.2,162.98,39.63,123.35,85.35,False,0.0005,0.5,9792,12240,0,7344,1.0,0.8,1.71571147441864,1.6930915117263794,6.961999806313733,16,NVIDIA H100,20000000,10,200000000,160000000,0.8,2773871493.12,3467339366.4,3467339366.4,642.300733089447,0.2205821584649747,0.2927,0.1344,0.1265333333333333,0.2136,0.0161137440758293,0.0792553191489361,0.1575925925925926,0.0136185383244206,0.0902970297029703,0.0730007917656373,0.04792,0.0174300929473953,0.0149333333333333,0.119,0.0666333333333333,0.3164556962025316,0.092,0.0360719285022073,0.0759536305302671,0.0950668482907731,0.2786458333333333,0.500244140625,0.500823723228995,0.0636507936507936,0.0187787588608382,0.494625,0.1106442061901171,0.1245774431468961,0.0426999991759657,0.0219770087860524,0.2655012824802052,0.003393399911743,0.4999176993439462,0.0,0.2359813153743744,0.2449923008680343,0.8019901514053345,0.5833860635757446
1503,9,0.9,0.999,16384,1e-08,0.001,768,512,0.6,0.2,162.98,39.63,123.35,85.35,False,0.0001464466094067,0.1464466094067262,11016,12240,0,7344,1.0,0.9,1.0684523582458496,1.0608928203582764,5.123046744493098,16,NVIDIA H100,20000000,10,200000000,180000000,0.9,3120605429.76,3467339366.4,3467339366.4,636.5814442634583,0.3810947340947242,0.3232,0.1953,0.1305333333333333,0.2207333333333333,0.0219905213270142,0.1106382978723404,0.2157407407407407,0.0133511586452762,0.1657821782178218,0.0665874901029295,0.1111,0.03892786260292,0.0210666666666666,0.214,0.1305333333333333,0.3150492264416315,0.091,0.0691827285452783,0.1490408633750025,0.1727442759369254,0.4023103632478632,0.53521728515625,0.4975288303130148,0.1038095238095238,0.0384280562119139,0.65225,0.1978961693363002,0.096419791026429,0.0962999984622001,0.0531722120940685,0.3020185123229619,0.0023932953920007,0.4208737978225598,0.0,0.3189252316951751,0.4133611619472503,0.7806280851364136,0.5695059895515442
1503,10,0.9,0.999,16384,1e-08,0.001,768,512,0.6,0.2,162.98,39.63,123.35,85.35,False,0.0,0.0,12240,12240,0,7344,1.0,1.0,0.9480568170547484,0.9419859051704408,4.250885433620876,16,NVIDIA H100,20000000,10,200000000,200000000,1.0,3467339366.4,3467339366.4,3467339366.4,635.4356853961945,0.4344599552434842,0.3571,0.1986,0.128,0.2290666666666666,0.0259241706161137,0.126063829787234,0.1866666666666666,0.0121925133689839,0.1884356435643564,0.0850356294536817,0.13008,0.0495195425337499,0.0218666666666666,0.237,0.1477666666666666,0.3206751054852321,0.1118,0.0783353074189727,0.1644744336928495,0.1928934611053887,0.4393696581196581,0.57427978515625,0.499725425590335,0.1082539682539682,0.0482527048874518,0.677,0.21864942898652,0.0732175783650891,0.1160000003874301,0.0655908845365047,0.2969443515110962,0.0045981133316196,0.4349942389540762,0.0,0.322429895401001,0.4601252675056457,0.7955085039138794,0.5800531506538391
1504,1,0.9,0.999,16384,1e-08,0.002,768,512,0.2,0.2,162.98,39.63,123.35,85.35,False,0.001000816993464,0.5004084967320263,1224,12240,1,2448,0.5,0.1,1.9185062646865845,1.9054228067398071,7.765135478739645,16,NVIDIA H100,20000000,10,200000000,20000000,0.1,346733936.64,3467339366.4,3467339366.4,621.3472263813019,0.2359758807894737,0.3025,0.1526,0.1240666666666666,0.1768,0.0142654028436018,0.0728723404255319,0.1337037037037037,0.0086898395721925,0.0769504950495049,0.0498812351543943,0.04518,0.0170960325414136,0.0136,0.117,0.0763,0.3220815752461322,0.0959,0.0421018628189942,0.0641634735788715,0.0977869060237381,0.3403445512820512,0.55419921875,0.500823723228995,0.0898412698412698,0.0169133192389006,0.508875,0.1032329845339022,0.1013752304855562,0.038799999281764,0.021216713823378,0.2744228839076614,0.0030578194825014,0.5416911609095398,0.0,0.2242990583181381,0.2455114871263504,0.78537517786026,0.5540648698806763
1504,2,0.9,0.999,16384,1e-08,0.002,768,512,0.2,0.2,162.98,39.63,123.35,85.35,False,0.002,1.0,2448,12240,1,2448,1.0,0.2,1.7017611265182495,1.6891796588897705,6.657702098484912,16,NVIDIA H100,20000000,10,200000000,40000000,0.2,693467873.28,3467339366.4,3467339366.4,617.3099310398102,0.2809768684742371,0.3069,0.1496,0.1346,0.2247333333333333,0.0170142180094786,0.0787234042553191,0.2124074074074074,0.0129500891265597,0.0865742574257425,0.0403800475059382,0.0606,0.0231877222975495,0.0166666666666666,0.145,0.0902666666666666,0.3431786216596343,0.0818,0.045655216969958,0.0687407367483871,0.1190888528296481,0.3166399572649572,0.63421630859375,0.500823723228995,0.0947619047619047,0.0191518467852257,0.56825,0.1262206447578939,0.0687231100184388,0.0582000017166137,0.0257360246032476,0.2710828593732575,0.0022549118419675,0.5180591153855197,0.0,0.2640186846256256,0.2563674449920654,0.6992879509925842,0.5458802580833435
1504,3,0.9,0.999,16384,1e-08,0.002,768,512,0.2,0.2,162.98,39.63,123.35,85.35,False,0.0019238795325112,0.9619397662556434,3672,12240,0,2448,1.0,0.3,4.850942134857178,4.850502014160156,8.45028637904747,16,NVIDIA H100,20000000,10,200000000,60000000,0.3,1040201809.92,3467339366.4,3467339366.4,627.2151927947998,0.0098039215686274,0.1,0.01,0.1205333333333333,0.2450666666666666,0.0047393364928909,0.0212765957446808,0.0927777777777777,0.01,0.0099009900990099,0.007125890736342,0.001,0.0010021812179449,0.0017333333333333,0.0035,0.0061666666666666,0.3727144866385373,0.0974,0.0091525788736944,0.0098039215686274,0.027027027027027,0.0395299145299145,0.500213623046875,0.500823723228995,0.0233333333333333,0.0053475935828877,0.1,0.0011401879471099,0.0637676705593116,0.0010000000474974,0.0001999600135604,0.1322181331549013,8.12259088745694e-05,0.5,0.0040298206731677,0.0765661224722862,0.0187891442328691,0.8096585869789124,0.5749061107635498
1504,4,0.9,0.999,16384,1e-08,0.002,768,512,0.2,0.2,162.98,39.63,123.35,85.35,False,0.0017071067811865,0.8535533905932737,4896,12240,0,2448,1.0,0.4,4.850942134857178,4.8505024909973145,9.70345254505382,16,NVIDIA H100,20000000,10,200000000,80000000,0.4,1386935746.56,3467339366.4,3467339366.4,625.4011585712433,0.0109038962492171,0.0995,0.0085,0.1288666666666666,0.094,0.0041232227488151,0.0170212765957446,0.0953703703703703,0.0105614973262032,0.0101386138613861,0.0317498020585906,0.00096,0.0011397355027609,0.0054666666666666,0.006,0.0040666666666666,0.3150492264416315,0.1009,0.0095294497684935,0.0091074734887542,0.0265438165438165,0.0729834401709401,0.502288818359375,0.4975288303130148,0.0269841269841269,0.0053475935828877,0.094,0.0022895709583095,0.0981484326982175,0.0010000000474974,0.0001799680103431,0.1307293409166945,0.0007036326616618,0.4467397182966116,0.0,0.067285381257534,0.0242171194404363,0.792587161064148,0.5724591612815857
1504,5,0.9,0.999,16384,1e-08,0.002,768,512,0.2,0.2,162.98,39.63,123.35,85.35,False,0.001382683432365,0.6913417161825449,6120,12240,0,2448,1.0,0.5,4.850942134857178,4.8505024909973145,9.70322971406326,16,NVIDIA H100,20000000,10,200000000,100000000,0.5,1733669683.1999998,3467339366.4,3467339366.4,630.7153012752533,0.0102297932747759,0.1029999999999999,0.0095,0.1206,0.2391333333333333,0.0050236966824644,0.0212765957446808,0.0962962962962963,0.0096969696969696,0.0105346534653465,0.0399049881235154,0.00094,0.0010218318300615,0.0041333333333333,0.0045,0.0035,0.3614627285513361,0.0983,0.0052223538279315,0.0098039215686274,0.0262162162162162,0.0206997863247863,0.500213623046875,0.4986271279516749,0.0219047619047619,0.0044770550926501,0.1,0.001048237306214,0.0716425937307928,0.0011000000522471,0.0001799680103431,0.1307293409166945,9.233979814520126e-06,0.5,0.0,0.0630841106176376,0.0184079594910144,0.8096585869789124,0.5749061107635498
1504,6,0.9,0.999,16384,1e-08,0.002,768,512,0.2,0.2,162.98,39.63,123.35,85.35,False,0.001,0.5,7344,12240,0,2448,1.0,0.6,4.850785255432129,4.850342750549316,9.70336293862536,16,NVIDIA H100,20000000,10,200000000,120000000,0.6,2080403619.84,3467339366.4,3467339366.4,626.8756234645844,0.0124211465911278,0.1032999999999999,0.0109,0.1330666666666666,0.1096,0.0047867298578199,0.0228723404255319,0.1103703703703703,0.0102139037433155,0.0097821782178217,0.0511480601741884,0.00062,0.0008449763210123,0.0068,0.014,0.0065333333333333,0.2545710267229255,0.1152,0.0079142887907828,0.0166524545128928,0.0272972972972972,0.032451923076923,0.47625732421875,0.4991762767710049,0.0277777777777777,0.0050988682999626,0.133875,0.0018390128179193,0.11289950829748,0.0010000000474974,0.0001999600135604,0.1307293409166945,0.0002747158886271,0.3883062524984128,0.0,0.0549065433442592,0.0308166407048702,0.7821800112724304,0.5983209013938904
1504,7,0.9,0.999,16384,1e-08,0.002,768,512,0.2,0.2,162.98,39.63,123.35,85.35,False,0.0006173165676349,0.3086582838174551,8568,12240,0,2448,1.0,0.7,4.850942134857178,4.8505024909973145,9.70327903086843,16,NVIDIA H100,20000000,10,200000000,140000000,0.7,2427137556.48,3467339366.4,3467339366.4,641.2528872489929,0.0094582490093326,0.1006,0.0093,0.1251333333333333,0.1602666666666666,0.0054502369668246,0.0228723404255319,0.1061111111111111,0.0096880570409982,0.0093465346534653,0.0414885193982581,0.00128,0.0009628799937118,0.0029333333333333,0.007,0.0057,0.3614627285513361,0.1031,0.0092602562722084,0.0110244076483227,0.0262162162162162,0.0544204059829059,0.499786376953125,0.4991762767710049,0.0207936507936507,0.0058450441487377,0.100875,0.0021700351251448,0.1565381069452981,0.0015000000712461,0.0001399840039084,0.1307293409166945,0.0002201472003142,0.5,0.0,0.0806074738502502,0.0246346555650234,0.6845901012420654,0.5604775547981262
1504,8,0.9,0.999,16384,1e-08,0.002,768,512,0.2,0.2,162.98,39.63,123.35,85.35,False,0.0002928932188134,0.1464466094067262,9792,12240,0,2448,1.0,0.8,4.850949764251709,4.850509166717529,10.15770950816036,16,NVIDIA H100,20000000,10,200000000,160000000,0.8,2773871493.12,3467339366.4,3467339366.4,638.4773578643799,0.0098039215686274,0.1,0.01,0.1264666666666666,0.1997333333333333,0.0047393364928909,0.0212765957446808,0.0933333333333333,0.01,0.0099009900990099,0.0356294536817102,0.001,0.0010021812179449,0.0036,0.0025,0.0031,0.0914205344585091,0.1041,0.0029611284591364,0.0098039215686274,0.027027027027027,0.0395299145299145,0.499786376953125,0.500823723228995,0.0196825396825396,0.0048501430170376,0.1,0.0041745590966769,0.1503918254456054,0.0010000000474974,0.0001999600135604,0.1331102932976469,6.8709444250531135e-06,0.5,0.0,0.0754716992378234,0.0221072435379028,0.8096585869789124,0.5749061107635498
1504,9,0.9,0.999,16384,1e-08,0.002,768,512,0.2,0.2,162.98,39.63,123.35,85.35,False,7.612046748871326e-05,0.0380602337443566,11016,12240,0,2448,1.0,0.9,4.850942134857178,4.850500106811523,9.703356571446836,16,NVIDIA H100,20000000,10,200000000,180000000,0.9,3120605429.76,3467339366.4,3467339366.4,636.4025003910065,0.0098039215686274,0.1,0.01,0.121,0.1279333333333333,0.0047393364928909,0.0164893617021276,0.1064814814814814,0.0096613190730837,0.0099009900990099,0.01187648456057,0.001,0.0010021812179449,0.0036,0.01,0.0031,0.0914205344585091,0.0953,0.0121675460320878,0.0110672624921776,0.0273341523341523,0.0395299145299145,0.499786376953125,0.5030203185063152,0.0196825396825396,0.0044770550926501,0.1,0.0041745590966769,0.0663414259373079,0.0010000000474974,0.0001999600135604,0.1303390208542433,6.8709444250531135e-06,0.5,0.0,0.0765815749764442,0.0221072435379028,0.8096585869789124,0.5749061107635498
1504,10,0.9,0.999,16384,1e-08,0.002,768,512,0.2,0.2,162.98,39.63,123.35,85.35,False,0.0,0.0,12240,12240,0,2448,1.0,1.0,4.850955486297607,4.850513935089111,9.702852716632918,16,NVIDIA H100,20000000,10,200000000,200000000,1.0,3467339366.4,3467339366.4,3467339366.4,633.3244161605835,0.0098039215686274,0.1,0.0102,0.1206,0.1998,0.0047393364928909,0.0212765957446808,0.0933333333333333,0.01,0.0099009900990099,0.01187648456057,0.001,0.0010021812179449,0.0036,0.0025,0.0031,0.0914205344585091,0.1098,0.0087757079788952,0.0090521689619586,0.027027027027027,0.0395299145299145,0.499786376953125,0.4931356397583745,0.0196825396825396,0.0057206815072752,0.1,0.0041745590966769,0.1561539643515673,0.0010000000474974,0.0001999600135604,0.1418980707036913,6.8709444250531135e-06,0.5,0.0,0.0799112096428871,0.0194029845297336,0.8096585869789124,0.5749061107635498
1505,1,0.9,0.999,16384,1e-08,0.002,768,512,0.4,0.2,162.98,39.63,123.35,85.35,False,0.000500408496732,0.2502042483660131,1224,12240,1,4896,0.25,0.1,4.850961208343506,4.850523948669434,8.067989657906924,16,NVIDIA H100,20000000,10,200000000,20000000,0.1,346733936.64,3467339366.4,3467339366.4,621.0380463600159,0.0098039215686274,0.1,0.01,0.1237333333333333,0.2450666666666666,0.0047393364928909,0.0212765957446808,0.0688888888888888,0.01,0.0099009900990099,0.0380047505938242,0.001,0.0010021812179449,0.0133333333333333,0.0105,0.009,0.3727144866385373,0.1135,0.0101755141595779,0.0098039215686274,0.027027027027027,0.0296474358974358,0.500213623046875,0.500823723228995,0.0195238095238095,0.0054719562243502,0.1,0.0045607517884399,0.1958743085433313,0.0010000000474974,0.0001999600135604,0.1445020631203301,0.0,0.5,0.0,0.0788863077759742,0.0192850418388843,0.8096585869789124,0.5749061107635498
1505,2,0.9,0.999,16384,1e-08,0.002,768,512,0.4,0.2,162.98,39.63,123.35,85.35,False,0.001000408496732,0.5002042483660131,2448,12240,1,4896,0.5,0.2,4.850943565368652,4.850503921508789,9.703976303923364,16,NVIDIA H100,20000000,10,200000000,40000000,0.2,693467873.28,3467339366.4,3467339366.4,615.9068310260773,0.0098039215686274,0.1,0.01,0.1283333333333333,0.1997333333333333,0.0047393364928909,0.0212765957446808,0.1064814814814814,0.01,0.0099009900990099,0.0546318289786223,0.001,0.0010021812179449,0.0014666666666666,0.0045,0.0028,0.3150492264416315,0.1025,0.0089372240766663,0.0079365079365079,0.027027027027027,0.0395299145299145,0.500213623046875,0.500823723228995,0.0222222222222222,0.0043526924511876,0.1,0.001002261985766,0.1420943454210202,0.0010000000474974,0.0001999600135604,0.1563287610126018,5.497140799641587e-06,0.5,0.0,0.0642523393034935,0.0307342056185007,0.8096585869789124,0.5749061107635498
1505,3,0.9,0.999,16384,1e-08,0.002,768,512,0.4,0.2,162.98,39.63,123.35,85.35,False,0.001500408496732,0.7502042483660131,3672,12240,1,4896,0.75,0.3,4.850950717926025,4.850510597229004,9.703750412448558,16,NVIDIA H100,20000000,10,200000000,60000000,0.3,1040201809.92,3467339366.4,3467339366.4,627.7143704891205,0.0098039215686274,0.1,0.0098999999999999,0.1251333333333333,0.0904666666666666,0.0047393364928909,0.0212765957446808,0.1125925925925925,0.01,0.0099009900990099,0.0522565320665083,0.001,0.0009825306058283,0.0050666666666666,0.0065,0.0026666666666666,0.3727144866385373,0.1028,0.0117368364380316,0.0098039215686274,0.027027027027027,0.0219684829059829,0.500213623046875,0.4991762767710049,0.0252380952380952,0.0042283298097251,0.1,0.0013056991007227,0.077558389674247,0.0010000000474974,0.0001999600135604,0.1353629976580796,0.0,0.5,0.0080987270921468,0.0754716992378234,0.0188146755099296,0.8096585869789124,0.5749061107635498
1505,4,0.9,0.999,16384,1e-08,0.002,768,512,0.4,0.2,162.98,39.63,123.35,85.35,False,0.002,1.0,4896,12240,1,4896,1.0,0.4,4.850942134857178,4.8505024909973145,9.703585911420436,16,NVIDIA H100,20000000,10,200000000,80000000,0.4,1386935746.56,3467339366.4,3467339366.4,626.1695110797882,0.010759716072809,0.1006,0.0105,0.1220666666666666,0.128,0.0045497630331753,0.0212765957446808,0.0988888888888888,0.00975935828877,0.0099009900990099,0.0106096595407759,0.00084,0.0007663738725461,0.0017333333333333,0.004,0.0052666666666666,0.3727144866385373,0.1032,0.0067836761063852,0.0094286680189317,0.027027027027027,0.0207665598290598,0.500213623046875,0.5052169137836353,0.0244444444444444,0.0050988682999626,0.101125,0.0010850175625724,0.1593807621389059,0.0010000000474974,0.0001999600135604,0.1307293409166945,0.0004351056365025,0.5,0.0080987270921468,0.0882352963089943,0.0208955220878124,0.8096585869789124,0.5749061107635498
1505,5,0.9,0.999,16384,1e-08,0.002,768,512,0.4,0.2,162.98,39.63,123.35,85.35,False,0.0018660254037844,0.9330127018922192,6120,12240,0,4896,1.0,0.5,4.850942134857178,4.8505024909973145,9.703294825709722,16,NVIDIA H100,20000000,10,200000000,100000000,0.5,1733669683.1999998,3467339366.4,3467339366.4,632.1983559131622,0.0142555266724545,0.1,0.0109,0.1292,0.2378,0.0047393364928909,0.025531914893617,0.1198148148148148,0.0102941176470588,0.0099801980198019,0.0079968329374505,0.00102,0.0012772897875768,0.0109333333333333,0.003,0.0035,0.220815752461322,0.0987,0.0075912565952406,0.0071922886801779,0.0268119139547711,0.0393963675213675,0.499786376953125,0.4794069192751236,0.0219047619047619,0.0052232309414251,0.10075,0.0066480313367784,0.0708358942839582,0.0016000000759959,0.0002199520167778,0.1307293409166945,4.50755014649538e-05,0.5,0.0,0.0848416313529014,0.023382045328617,0.8096585869789124,0.5749061107635498
1505,6,0.9,0.999,16384,1e-08,0.002,768,512,0.4,0.2,162.98,39.63,123.35,85.35,False,0.0015,0.75,7344,12240,0,4896,1.0,0.6,4.850942134857178,4.8505024909973145,10.29036065799738,16,NVIDIA H100,20000000,10,200000000,120000000,0.6,2080403619.84,3467339366.4,3467339366.4,626.1258046627045,0.0098039215686274,0.1,0.01,0.1205333333333333,0.2450666666666666,0.0047393364928909,0.0212765957446808,0.0927777777777777,0.01,0.0099009900990099,0.01187648456057,0.001,0.0010021812179449,0.0017333333333333,0.0045,0.0050333333333333,0.3150492264416315,0.0892,0.0118445138365457,0.0098039215686274,0.027027027027027,0.0917467948717948,0.499786376953125,0.500823723228995,0.0196825396825396,0.0037308792438751,0.1,0.0051952112106221,0.091579594345421,0.0010000000474974,0.0001999600135604,0.129909668785547,3.978455974954934e-05,0.5,0.0,0.085846871137619,0.0158663876354694,0.8096585869789124,0.5749061107635498
1505,7,0.9,0.999,16384,1e-08,0.002,768,512,0.4,0.2,162.98,39.63,123.35,85.35,False,0.001,0.5,8568,12240,0,4896,1.0,0.7,4.850942134857178,4.8505024909973145,9.703193652084453,16,NVIDIA H100,20000000,10,200000000,140000000,0.7,2427137556.48,3467339366.4,3467339366.4,639.4428672790527,0.0098039215686274,0.1,0.0101,0.1283333333333333,0.2450666666666666,0.0047393364928909,0.0212765957446808,0.0927777777777777,0.01,0.0099009900990099,0.0332541567695962,0.00072,0.0008646269331289,0.0061333333333333,0.0045,0.0030333333333333,0.3150492264416315,0.0892,0.0142134166038548,0.0098039215686274,0.027027027027027,0.0917467948717948,0.494384765625,0.500823723228995,0.0249206349206349,0.0047257803755751,0.1,0.0051952112106221,0.091579594345421,0.0010000000474974,0.0001599760071258,0.1364893498382959,4.885942511717685e-05,0.4995767394831519,0.0,0.0719257518649101,0.0296450946480035,0.8096585869789124,0.5749061107635498
1505,8,0.9,0.999,16384,1e-08,0.002,768,512,0.4,0.2,162.98,39.63,123.35,85.35,False,0.0004999999999999,0.2499999999999999,9792,12240,0,4896,1.0,0.8,4.850942134857178,4.8505024909973145,9.703167145548305,16,NVIDIA H100,20000000,10,200000000,160000000,0.8,2773871493.12,3467339366.4,3467339366.4,640.3999609947205,0.0098039215686274,0.1,0.01,0.1237333333333333,0.1287333333333333,0.0047393364928909,0.0212765957446808,0.0933333333333333,0.0102673796791443,0.0099009900990099,0.0546318289786223,0.00104,0.0011004342785277,0.0056,0.003,0.0019666666666666,0.3727144866385373,0.0892,0.0097986432647787,0.0098039215686274,0.027027027027027,0.0680422008547008,0.500213623046875,0.5013728720483251,0.023015873015873,0.0059694067902002,0.1,0.0010850175625724,0.091579594345421,0.0005000000237487,0.0001599360257387,0.1307293409166945,0.0,0.5,0.0,0.0835266858339309,0.0175365339964628,0.1903414279222488,0.4250938594341278
1505,9,0.9,0.999,16384,1e-08,0.002,768,512,0.4,0.2,162.98,39.63,123.35,85.35,False,0.0001339745962155,0.0669872981077807,11016,12240,0,4896,1.0,0.9,4.850942134857178,4.8505024909973145,9.703159609651252,16,NVIDIA H100,20000000,10,200000000,180000000,0.9,3120605429.76,3467339366.4,3467339366.4,635.621572971344,0.0080502979840398,0.1021,0.0095,0.1237333333333333,0.158,0.0049763033175355,0.0212765957446808,0.0875925925925926,0.01,0.010059405940594,0.0212193190815518,0.001,0.0010021812179449,0.0033333333333333,0.002,0.0038,0.1054852320675105,0.0892,0.0094756110692365,0.0099420049710024,0.0219086096405684,0.0262419871794871,0.500213623046875,0.4991762767710049,0.0253968253968253,0.0038552418853376,0.1,0.0015447707670522,0.091579594345421,0.0011999999987892,0.0001999600135604,0.1307293409166945,5.364222673174541e-07,0.5,0.0,0.0835266858339309,0.0184899847954511,0.617217481136322,0.5325486063957214
1505,10,0.9,0.999,16384,1e-08,0.002,768,512,0.4,0.2,162.98,39.63,123.35,85.35,False,0.0,0.0,12240,12240,0,4896,1.0,1.0,4.850942134857178,4.8505024909973145,9.703139180451435,16,NVIDIA H100,20000000,10,200000000,200000000,1.0,3467339366.4,3467339366.4,3467339366.4,634.2283515930176,0.0098039215686274,0.1,0.01,0.1237333333333333,0.1997333333333333,0.0047393364928909,0.0212765957446808,0.0933333333333333,0.0098217468805704,0.0095445544554455,0.0546318289786223,0.001,0.0010021812179449,0.0082666666666666,0.003,0.0018333333333333,0.3727144866385373,0.0892,0.0098524819640357,0.0098039215686274,0.027027027027027,0.01696047008547,0.500213623046875,0.500823723228995,0.0239682539682539,0.0050988682999626,0.1,0.0159258510031814,0.091579594345421,0.0007000000186963,0.0001999600135604,0.1307293409166945,3.076763859772291e-05,0.5,0.0,0.0951276123523712,0.0175365339964628,0.1903414279222488,0.4250938594341278
1506,1,0.9,0.999,16384,1e-08,0.002,768,512,0.6,0.2,162.98,39.63,123.35,85.35,False,0.000333605664488,0.1668028322440087,1224,12240,1,7344,0.1666666666666666,0.1,2.195953369140625,2.176861524581909,7.956323876490001,16,NVIDIA H100,20000000,10,200000000,20000000,0.1,346733936.64,3467339366.4,3467339366.4,621.717353105545,0.1908978883936386,0.2799,0.1396,0.0873333333333333,0.1866666666666666,0.0147393364928909,0.0462765957446808,0.1294444444444444,0.0179411764705882,0.0683168316831683,0.07458432304038,0.03416,0.0115742105366582,0.0144,0.1075,0.0606333333333333,0.3178621659634318,0.0896,0.0330031226445569,0.0572616691182714,0.0833557304985876,0.2180822649572649,0.65966796875,0.5057660626029654,0.0706349206349206,0.0116900882974754,0.439875,0.0784890670687974,0.0656883835279655,0.0247999997809529,0.0148578165099024,0.2613360098137615,0.0030402541785164,0.5306746302349096,0.0,0.2009345740079879,0.1802773475646972,0.7169070839881897,0.5236467719078064
1506,2,0.9,0.999,16384,1e-08,0.002,768,512,0.6,0.2,162.98,39.63,123.35,85.35,False,0.0006669389978213,0.3334694989106753,2448,12240,1,7344,0.3333333333333333,0.2,1.3380147218704224,1.3169701099395752,6.027929618857265,16,NVIDIA H100,20000000,10,200000000,40000000,0.2,693467873.28,3467339366.4,3467339366.4,616.1147768497467,0.3482130323266342,0.3329,0.1811,0.1191333333333333,0.2237333333333333,0.02,0.1175531914893617,0.234074074074074,0.0138146167557932,0.1215049504950495,0.0509897070467141,0.08476,0.0372182593487787,0.0184,0.163,0.1215666666666666,0.3417721518987341,0.1208,0.0576612469042747,0.1147633411280271,0.1304511816293848,0.3464877136752137,0.48931884765625,0.499725425590335,0.1015873015873015,0.027359781121751,0.615,0.1635985802821045,0.0779425322679778,0.0771000012755394,0.040053978562355,0.2803557488569198,0.0033849959872581,0.4809767912149928,0.0,0.2838785052299499,0.3423799574375152,0.7831842303276062,0.5495507121086121
1506,3,0.9,0.999,16384,1e-08,0.002,768,512,0.6,0.2,162.98,39.63,123.35,85.35,False,0.0010002723311546,0.5001361655773421,3672,12240,1,7344,0.5,0.3,4.850619316101074,4.850184440612793,9.50657919536229,16,NVIDIA H100,20000000,10,200000000,60000000,0.3,1040201809.92,3467339366.4,3467339366.4,627.565167427063,0.0137254901960784,0.0973,0.0105,0.0916666666666666,0.1997333333333333,0.0047393364928909,0.0159574468085106,0.1151851851851851,0.0102852049910873,0.0099009900990099,0.0210609659540775,0.0015,0.0009039281573621,0.0022666666666666,0.002,0.0071666666666666,0.0914205344585091,0.1028,0.0117906751372886,0.0098039215686274,0.0278255528255528,0.0211004273504273,0.499786376953125,0.5013728720483251,0.0192063492063492,0.0034821539609501,0.0995,0.0007264100630781,0.0780577750460971,0.0008000000379979,0.0001999600135604,0.1468049514887922,2.099059883554653e-06,0.5,0.0,0.070093460381031,0.0183443091809749,0.8096585869789124,0.5749061107635498
1506,4,0.9,0.999,16384,1e-08,0.002,768,512,0.6,0.2,162.98,39.63,123.35,85.35,False,0.001333605664488,0.6668028322440087,4896,12240,1,7344,0.6666666666666666,0.4,4.850945472717285,4.850505352020264,9.70095212475147,16,NVIDIA H100,20000000,10,200000000,80000000,0.4,1386935746.56,3467339366.4,3467339366.4,623.224612236023,0.0098039215686274,0.1,0.01,0.1228666666666666,0.1997333333333333,0.0047393364928909,0.0212765957446808,0.1125925925925925,0.01,0.0099009900990099,0.0213776722090261,0.001,0.0010021812179449,0.0118666666666666,0.0035,0.0027333333333333,0.3150492264416315,0.098,0.0072143857004414,0.0098039215686274,0.027027027027027,0.0395299145299145,0.500213623046875,0.4991762767710049,0.0241269841269841,0.0053475935828877,0.1,0.0010114570498556,0.0669944683466502,0.0010000000474974,0.0001999600135604,0.1433311029329765,0.0006297784998055,0.5,0.0,0.0268691591918468,0.0199733693152666,0.8096585869789124,0.5749061107635498
1506,5,0.9,0.999,16384,1e-08,0.002,768,512,0.6,0.2,162.98,39.63,123.35,85.35,False,0.0016669389978213,0.8334694989106755,6120,12240,1,7344,0.8333333333333334,0.5,4.850942134857178,4.8505024909973145,9.703823856278962,16,NVIDIA H100,20000000,10,200000000,100000000,0.5,1733669683.1999998,3467339366.4,3467339366.4,628.2244486808777,0.0146326621890157,0.0949,0.011,0.1237333333333333,0.1153333333333333,0.0047867298578199,0.0292553191489361,0.1175925925925926,0.0102941176470588,0.0099009900990099,0.0237529691211401,0.0011,0.0009235787694786,0.0061333333333333,0.004,0.0076666666666666,0.0928270042194092,0.0951,0.0085603531818671,0.010359477124183,0.0297488397488397,0.0221020299145299,0.588592529296875,0.5024711696869851,0.0246031746031746,0.0043526924511876,0.104,0.0022895709583095,0.0666871542716656,0.0005000000237487,0.0001999600135604,0.1307293409166945,0.000154269092782,0.4562865943988525,0.0,0.0595794394612312,0.0206961426883935,0.6517254114151001,0.5325486063957214
1506,6,0.9,0.999,16384,1e-08,0.002,768,512,0.6,0.2,162.98,39.63,123.35,85.35,False,0.002,1.0,7344,12240,1,7344,1.0,0.6,4.850945472717285,4.850505828857422,9.71918520428776,16,NVIDIA H100,20000000,10,200000000,120000000,0.6,2080403619.84,3467339366.4,3467339366.4,625.8647298812866,0.0098039215686274,0.1,0.01,0.1251333333333333,0.2254,0.0047393364928909,0.0212765957446808,0.115,0.01,0.0099009900990099,0.0380047505938242,0.001,0.0010021812179449,0.0041333333333333,0.0045,0.0027,0.3727144866385373,0.101,0.0086680305803811,0.0098039215686274,0.027027027027027,0.0917467948717948,0.500213623046875,0.4991762767710049,0.0195238095238095,0.0043526924511876,0.1,0.0020137190356216,0.1107098955132145,0.0010000000474974,0.0001999600135604,0.1341028214564514,4.206612337353848e-05,0.5,0.0040298206731677,0.0497737564146518,0.0221072435379028,0.1903414279222488,0.4250938594341278
1506,7,0.9,0.999,16384,1e-08,0.002,768,512,0.6,0.2,162.98,39.63,123.35,85.35,False,0.0017071067811865,0.8535533905932737,8568,12240,0,7344,1.0,0.7,4.850942134857178,4.850502014160156,9.738105240990134,16,NVIDIA H100,20000000,10,200000000,140000000,0.7,2427137556.48,3467339366.4,3467339366.4,632.7771339416504,0.0080684546545891,0.097,0.011,0.1268666666666666,0.2085333333333333,0.0054502369668246,0.0234042553191489,0.0725925925925926,0.0087789661319073,0.0098217821782178,0.0099762470308788,0.00064,0.0008646269331289,0.0038666666666666,0.0045,0.0070333333333333,0.2081575246132208,0.0998,0.0085603531818671,0.0090552488721961,0.0281111723968866,0.0251068376068376,0.495758056640625,0.4947830862163646,0.0203174603174603,0.0043526924511876,0.10175,0.0015447707670522,0.0709127228027043,0.0010000000474974,9.996001608669758e-05,0.1307293409166945,0.0001990483719586,0.5159663272744374,0.0,0.0514018684625625,0.0203980095684528,0.6457914710044861,0.5285828709602356
1506,8,0.9,0.999,16384,1e-08,0.002,768,512,0.6,0.2,162.98,39.63,123.35,85.35,False,0.001,0.5,9792,12240,0,7344,1.0,0.8,4.8509697914123535,4.850530624389648,9.9859662461125,16,NVIDIA H100,20000000,10,200000000,160000000,0.8,2773871493.12,3467339366.4,3467339366.4,635.6790359020233,0.0098039215686274,0.1,0.01,0.1265333333333333,0.2254,0.0047393364928909,0.0212765957446808,0.0735185185185185,0.01,0.0099009900990099,0.0213776722090261,0.001,0.0010021812179449,0.0133333333333333,0.003,0.003,0.0914205344585091,0.0974,0.0093140949714654,0.0098039215686274,0.027027027027027,0.0199652777777777,0.500213623046875,0.500823723228995,0.0223809523809523,0.0048501430170376,0.1,0.0017194769847545,0.0637676705593116,0.0010000000474974,0.0001999600135604,0.1437548790007806,0.0,0.5,0.0,0.0525700934231281,0.0188146755099296,0.8096585869789124,0.5749061107635498
1506,9,0.9,0.999,16384,1e-08,0.002,768,512,0.6,0.2,162.98,39.63,123.35,85.35,False,0.0002928932188134,0.1464466094067262,11016,12240,0,7344,1.0,0.9,4.850942134857178,4.8505024909973145,9.703571671753927,16,NVIDIA H100,20000000,10,200000000,180000000,0.9,3120605429.76,3467339366.4,3467339366.4,632.353108882904,0.0098039215686274,0.101,0.0079,0.1261333333333333,0.1998666666666666,0.0046445497630331,0.0202127659574468,0.1248148148148148,0.0090641711229946,0.011009900990099,0.0106096595407759,0.00118,0.0009628799937118,0.0096,0.0025,0.0056333333333333,0.220815752461322,0.1005,0.0082373209863249,0.010034304007641,0.027027027027027,0.0199652777777777,0.499786376953125,0.4991762767710049,0.0179365079365079,0.0038552418853376,0.098375,0.0021240598046968,0.0850875845113706,0.0010000000474974,0.0001999600135604,0.1307293409166945,0.0001100194526761,0.5,0.0,0.0950226262211799,0.0188146755099296,0.8096585869789124,0.5749061107635498
1506,10,0.9,0.999,16384,1e-08,0.002,768,512,0.6,0.2,162.98,39.63,123.35,85.35,False,0.0,0.0,12240,12240,0,7344,1.0,1.0,4.850942134857178,4.8505024909973145,9.70359394285414,16,NVIDIA H100,20000000,10,200000000,200000000,1.0,3467339366.4,3467339366.4,3467339366.4,629.6157791614532,0.0098039215686274,0.0987,0.0093999999999999,0.1265333333333333,0.133,0.0047393364928909,0.0202127659574468,0.1125925925925925,0.01,0.0099009900990099,0.007125890736342,0.001,0.0009825306058283,0.0096,0.0025,0.0017,0.3727144866385373,0.0982,0.0029611284591364,0.0098039215686274,0.027027027027027,0.1671340811965811,0.499786376953125,0.4991762767710049,0.0217460317460317,0.0043526924511876,0.1,0.0020137190356216,0.096919176398279,0.0011000000522471,0.0001999600135604,0.1307293409166945,0.0003563181002846,0.5,0.0,0.0837104097008705,0.0233352296054363,0.8096585869789124,0.5749061107635498
1507,1,0.9,0.999,16384,1e-08,0.001,512,768,0.2,0.2,151.11,87.75,63.36,38.03,False,0.000500408496732,0.5004084967320263,1224,12240,1,2448,0.5,0.1,2.4472076892852783,2.426454305648804,7.813422471479653,16,NVIDIA H100,20000000,10,200000000,20000000,0.1,296398356.48,2963983564.8,2963983564.8,618.9780151844025,0.17864488467568,0.3282999999999999,0.1235,0.1194,0.235,0.0129383886255924,0.0367021276595744,0.1974074074074074,0.0137433155080213,0.0544158415841584,0.0612034837688044,0.03064,0.0063274971015347,0.0110666666666666,0.0895,0.0524333333333333,0.1983122362869198,0.1012,0.0321955421557015,0.0471637663147246,0.0691238517683554,0.1971153846153846,0.560089111328125,0.4991762767710049,0.0674603174603174,0.0128093520706379,0.41825,0.0735145373963256,0.0999923171481253,0.0273000001907348,0.0125383441336452,0.2534738485558157,0.0030474170924601,0.5942224939450231,0.0,0.1915887892246246,0.173277661204338,0.7889355421066284,0.5730076432228088
1507,2,0.9,0.999,16384,1e-08,0.001,512,768,0.2,0.2,151.11,87.75,63.36,38.03,False,0.001,1.0,2448,12240,1,2448,1.0,0.2,4.862270355224609,4.861401081085205,6.436507644606571,16,NVIDIA H100,20000000,10,200000000,40000000,0.2,592796712.9599999,2963983564.8,2963983564.8,608.6997892856598,0.0098039215686274,0.1,0.0096,0.1234666666666666,0.2254,0.0047393364928909,0.0159574468085106,0.0927777777777777,0.01,0.0099009900990099,0.0380047505938242,0.001,0.0010021812179449,0.0024,0.003,0.0051,0.3150492264416315,0.1135,0.0060837730160439,0.0098039215686274,0.027027027027027,0.0207665598290598,0.500213623046875,0.4991762767710049,0.0241269841269841,0.0043526924511876,0.1,0.0013792596134395,0.1958743085433313,0.0010000000474974,0.0001999600135604,0.1765863722538195,0.0002216800547117,0.5,0.0,0.0643729194998741,0.0187891442328691,0.8096585869789124,0.5749061107635498
1507,3,0.9,0.999,16384,1e-08,0.001,512,768,0.2,0.2,151.11,87.75,63.36,38.03,False,0.0009619397662556,0.9619397662556434,3672,12240,0,2448,1.0,0.3,4.450809001922607,4.4375410079956055,9.584084809995163,16,NVIDIA H100,20000000,10,200000000,60000000,0.3,889195069.4399998,2963983564.8,2963983564.8,619.2552697658539,0.0152688254363917,0.1258,0.0179,0.1344666666666666,0.2208666666666666,0.0053080568720379,0.0276595744680851,0.199074074074074,0.010855614973262,0.0131089108910891,0.0174188440221694,0.00144,0.0010218318300615,0.0037333333333333,0.0105,0.0058333333333333,0.1518987341772152,0.1022,0.0111446107462043,0.0085233274365487,0.0324406224406224,0.1203926282051282,0.50213623046875,0.4991762767710049,0.0201587301587301,0.0043526924511876,0.131625,0.0059400114018794,0.0937692071296865,0.0028000000747852,0.0003199520142516,0.1812200289952046,0.0003599833613481,0.5103110964798834,0.0,0.0712616816163063,0.0329256802797317,0.6490779519081116,0.5606041550636292
1507,4,0.9,0.999,16384,1e-08,0.001,512,768,0.2,0.2,151.11,87.75,63.36,38.03,False,0.0008535533905932,0.8535533905932737,4896,12240,0,2448,1.0,0.4,3.1870596408843994,3.157693386077881,8.681900642666163,16,NVIDIA H100,20000000,10,200000000,80000000,0.4,1185593425.9199998,2963983564.8,2963983564.8,614.7384254932404,0.0742871193374881,0.2434,0.0635,0.1604666666666666,0.2158666666666666,0.011042654028436,0.0356382978723404,0.2068518518518518,0.0096880570409982,0.0391683168316831,0.048535233570863,0.01286,0.0022598203934052,0.0085333333333333,0.048,0.0257666666666666,0.2967651195499297,0.0975,0.0149671583934532,0.0357546471109221,0.0512335468226484,0.1608573717948718,0.500152587890625,0.500823723228995,0.07,0.0077104837706752,0.24725,0.0369457675119995,0.0651121696373693,0.0080999999772757,0.0048193922266364,0.2316716850674696,0.0022693735741869,0.5903543631104945,0.0,0.1402714997529983,0.0836653411388397,0.8037246465682983,0.5765514969825745
1507,5,0.9,0.999,16384,1e-08,0.001,512,768,0.2,0.2,151.11,87.75,63.36,38.03,False,0.0006913417161825,0.6913417161825449,6120,12240,0,2448,1.0,0.5,2.001014232635498,1.9851171970367432,7.277435737497666,16,NVIDIA H100,20000000,10,200000000,100000000,0.5,1481991782.4,2963983564.8,2963983564.8,621.8515658378601,0.1984135786785255,0.3209,0.1519,0.1412666666666666,0.2249333333333333,0.0136966824644549,0.0585106382978723,0.1016666666666666,0.0117201426024955,0.0793267326732673,0.0779097387173396,0.03962,0.0121440782880386,0.0132,0.1075,0.0585333333333333,0.2995780590717299,0.1167,0.0325724130505007,0.0673109404375291,0.0799741571547432,0.2838541666666667,0.510467529296875,0.500274574409665,0.0752380952380952,0.0159184181072005,0.454,0.0914449123710392,0.0989935464044253,0.0349000003188848,0.0174376247450709,0.2655347384855582,0.0014335443774975,0.500305688151057,0.0,0.2032710313796997,0.1949895620346069,0.7949607372283936,0.5789984464645386
1507,6,0.9,0.999,16384,1e-08,0.001,512,768,0.2,0.2,151.11,87.75,63.36,38.03,False,0.0005,0.5,7344,12240,0,2448,1.0,0.6,2.8209948539733887,2.811462163925171,5.382609069736954,16,NVIDIA H100,20000000,10,200000000,120000000,0.6,1778390138.8799996,2963983564.8,2963983564.8,611.7528133392334,0.1594181511804136,0.2898,0.1116,0.1490666666666666,0.2167333333333333,0.0130805687203791,0.0579787234042553,0.1946296296296296,0.0086274509803921,0.064039603960396,0.0436262866191607,0.02942,0.0053842677199394,0.0138666666666666,0.093,0.0499666666666666,0.3164556962025316,0.1059,0.029234413696565,0.0610911224682658,0.0849274369524737,0.1583199786324786,0.5904541015625,0.4991762767710049,0.0725396825396825,0.0171620445218256,0.415625,0.0715192084888831,0.0715273509526736,0.0260999994352459,0.0138776083476841,0.2108508977361436,0.0027506448204836,0.4385214099278106,0.0,0.2067756950855255,0.1757828742265701,0.7986123561859131,0.577943742275238
1507,7,0.9,0.999,16384,1e-08,0.001,512,768,0.2,0.2,151.11,87.75,63.36,38.03,False,0.0003086582838174,0.3086582838174551,8568,12240,0,2448,1.0,0.7,0.8382710814476013,0.8295252323150635,4.40084613207119,16,NVIDIA H100,20000000,10,200000000,140000000,0.7,2074788495.36,2963983564.8,2963983564.8,636.4914376735687,0.5075739181500065,0.5623,0.2551,0.1240666666666666,0.2254,0.0282938388625592,0.1281914893617021,0.1718518518518518,0.0160338680926916,0.2001980198019802,0.1050673000791765,0.15376,0.0686199375110534,0.0268,0.2545,0.1816666666666666,0.3389592123769339,0.1,0.0885108215785506,0.1842430743858228,0.2305161594271488,0.524238782051282,0.642486572265625,0.4986271279516749,0.1582539682539682,0.0644198482775774,0.726125,0.2576365007264101,0.0610402581438229,0.1422999985516071,0.081288244575262,0.3143024422883907,0.0068893123246066,0.644954969783902,0.0,0.34112149477005,0.4776617884635925,0.8043637275695801,0.5762561559677124
1507,8,0.9,0.999,16384,1e-08,0.001,512,768,0.2,0.2,151.11,87.75,63.36,38.03,False,0.0001464466094067,0.1464466094067262,9792,12240,0,2448,1.0,0.8,0.6857057213783264,0.676791250705719,3.66722301155134,16,NVIDIA H100,20000000,10,200000000,160000000,0.8,2371186851.84,2963983564.8,2963983564.8,633.0932912826538,0.5614980557580699,0.6376,0.3135999999999999,0.1276666666666666,0.2253333333333333,0.0324644549763033,0.1585106382978723,0.1872222222222222,0.0191443850267379,0.2527524752475247,0.0869358669833729,0.18904,0.0956395291713336,0.0313333333333333,0.297,0.2194,0.3037974683544304,0.1028,0.1151609777107785,0.2154693320176926,0.2911032004974683,0.5092147435897436,0.614013671875,0.5030203185063152,0.1788888888888888,0.094142519587116,0.754,0.2988395829118929,0.0828979717271051,0.1679999977350235,0.1049850434064865,0.3185513549682168,0.0085581634754,0.6027112187551438,0.0,0.367990642786026,0.5273486375808716,0.7979733347892761,0.6008100509643555
1507,9,0.9,0.999,16384,1e-08,0.001,512,768,0.2,0.2,151.11,87.75,63.36,38.03,False,3.806023374435663e-05,0.0380602337443566,11016,12240,0,2448,1.0,0.9,0.6145894527435303,0.6064602136611938,3.2132701419926937,16,NVIDIA H100,20000000,10,200000000,180000000,0.9,2667585208.32,2963983564.8,2963983564.8,626.5990972518921,0.5899106825928415,0.6711,0.3453,0.1245333333333333,0.2254666666666666,0.0351658767772511,0.175531914893617,0.2511111111111111,0.0209090909090909,0.2792079207920792,0.0865399841646872,0.21018,0.1056220401265499,0.0350666666666666,0.3165,0.2357666666666666,0.3037974683544304,0.113,0.120329492839453,0.2419909647937682,0.3184405110403356,0.5500133547008547,0.574127197265625,0.5019220208676551,0.2009523809523809,0.1127969158064917,0.7785,0.3168435183993232,0.0774815611555009,0.1995999962091446,0.1149032786488533,0.327958068473291,0.0076347782006778,0.4958261810144144,0.039290752261877,0.3773364424705505,0.5561586618423462,0.7931349277496338,0.6397924423217773
1507,10,0.9,0.999,16384,1e-08,0.001,512,768,0.2,0.2,151.11,87.75,63.36,38.03,False,0.0,0.0,12240,12240,0,2448,1.0,1.0,0.6060562133789062,0.5981308817863464,2.988642979096743,16,NVIDIA H100,20000000,10,200000000,200000000,1.0,2963983564.8,2963983564.8,2963983564.8,625.8240177631378,0.5916583063009004,0.6620999999999999,0.3549999999999999,0.1251333333333333,0.2254,0.0356398104265402,0.1803191489361702,0.232037037037037,0.0211586452762923,0.2857425742574257,0.0878859857482185,0.21472,0.1091984515317652,0.0352,0.314,0.2396333333333333,0.3122362869198312,0.1137,0.1218908151179067,0.2451071093562996,0.3305272463132667,0.5486111111111112,0.577972412109375,0.5063152114222954,0.2036507936507936,0.1169008829747543,0.78075,0.3201261562793093,0.0790181315304241,0.1908999979496002,0.1141629740595817,0.3175365228058436,0.0084613068791392,0.495273590895196,0.0370743498206138,0.3796728849411011,0.5594989657402039,0.7938652634620667,0.6416909098625183
1508,1,0.9,0.999,16384,1e-08,0.001,512,768,0.4,0.2,151.11,87.75,63.36,38.03,False,0.000250204248366,0.2502042483660131,1224,12240,1,4896,0.25,0.1,2.2117631435394287,2.197775363922119,8.003889821323694,16,NVIDIA H100,20000000,10,200000000,20000000,0.1,296398356.48,2963983564.8,2963983564.8,615.7171273231506,0.1964646742979431,0.2494,0.1163,0.1278666666666666,0.2302,0.0136018957345971,0.0526595744680851,0.2018518518518518,0.0117379679144385,0.0598019801980198,0.0765637371338083,0.0321,0.0109650415610446,0.0113333333333333,0.1,0.0583,0.3094233473980309,0.0886,0.0322493808549585,0.0463670269255289,0.0731982673845294,0.2604834401709401,0.50927734375,0.4920373421197144,0.0703174603174603,0.015047879616963,0.475125,0.0721628629751549,0.1438614013521819,0.0263000009581446,0.0149778490886092,0.2655904984944798,0.0025931628566425,0.5099348649093517,0.0,0.21612149477005,0.1887265145778656,0.8073763251304626,0.5752014517784119
1508,2,0.9,0.999,16384,1e-08,0.001,512,768,0.4,0.2,151.11,87.75,63.36,38.03,False,0.000500204248366,0.5002042483660131,2448,12240,1,4896,0.5,0.2,1.5108391046524048,1.4929866790771484,6.861744304887609,16,NVIDIA H100,20000000,10,200000000,40000000,0.2,592796712.9599999,2963983564.8,2963983564.8,607.8650560379028,0.3118153373645241,0.2954,0.1452,0.1296,0.2236,0.0185781990521327,0.1,0.2116666666666666,0.0140285204991087,0.0929108910891089,0.082264449722882,0.07156,0.0290829059325197,0.0149333333333333,0.1415,0.0996666666666666,0.3459915611814346,0.1168,0.0542155701518251,0.0867987273939138,0.1264145974643898,0.3667200854700854,0.51153564453125,0.500274574409665,0.0888888888888888,0.0223852754632508,0.585,0.143774022104934,0.0768669330055316,0.0591999981552362,0.0315751703456044,0.2747462919594067,0.0036280107197444,0.5011639664213323,0.0,0.2686915993690491,0.3315240144729614,0.6306372284889221,0.5091338753700256
1508,3,0.9,0.999,16384,1e-08,0.001,512,768,0.4,0.2,151.11,87.75,63.36,38.03,False,0.000750204248366,0.7502042483660131,3672,12240,1,4896,0.75,0.3,4.850053310394287,4.849618434906006,6.131949669784969,16,NVIDIA H100,20000000,10,200000000,60000000,0.3,889195069.4399998,2963983564.8,2963983564.8,621.4206411838531,0.0098039215686274,0.1,0.01,0.1228666666666666,0.2450666666666666,0.0046445497630331,0.0212765957446808,0.0933333333333333,0.01,0.0099009900990099,0.0067300079176563,0.001,0.0010021812179449,0.0082666666666666,0.009,0.0056333333333333,0.220815752461322,0.098,0.0117368364380316,0.0098039215686274,0.027027027027027,0.0917467948717948,0.500213623046875,0.4991762767710049,0.0209523809523809,0.0054719562243502,0.1,0.0016091362156794,0.0669944683466502,0.0010000000474974,0.0001999600135604,0.1350395896063343,4.440010731600407e-05,0.5,0.0,0.1074660643935203,0.0216368772089481,0.1903414279222488,0.4250938594341278
1508,4,0.9,0.999,16384,1e-08,0.001,512,768,0.4,0.2,151.11,87.75,63.36,38.03,False,0.001,1.0,4896,12240,1,4896,1.0,0.4,4.555139064788818,4.550361156463623,9.551783911542955,16,NVIDIA H100,20000000,10,200000000,80000000,0.4,1185593425.9199998,2963983564.8,2963983564.8,617.0943024158478,0.0142468612478566,0.1076,0.0136,0.1318666666666666,0.2214,0.0064454976303317,0.026595744680851,0.1057407407407407,0.0090730837789661,0.0109702970297029,0.0120348376880443,0.0016,0.0010807836664112,0.0038666666666666,0.008,0.0064666666666666,0.2545710267229255,0.0657,0.0071067083019274,0.0064667521631006,0.0235135135135135,0.024906517094017,0.500213623046875,0.4991762767710049,0.0306349206349206,0.0041039671682626,0.122125,0.004946944480203,0.0917716656422864,0.0007000000186963,0.0001799680103431,0.1814096130255381,0.0006547412850618,0.4999764855268417,0.0,0.0630841106176376,0.0338664166629314,0.7545189261436462,0.5719950795173645
1508,5,0.9,0.999,16384,1e-08,0.001,512,768,0.4,0.2,151.11,87.75,63.36,38.03,False,0.0009330127018922,0.9330127018922192,6120,12240,0,4896,1.0,0.5,4.850942611694336,4.850502967834473,9.69327766910877,16,NVIDIA H100,20000000,10,200000000,100000000,0.5,1481991782.4,2963983564.8,2963983564.8,618.7774686813354,0.0098039215686274,0.1,0.01,0.1234666666666666,0.2254,0.0047393364928909,0.0212765957446808,0.1125925925925925,0.01,0.0099009900990099,0.01187648456057,0.001,0.0009825306058283,0.0130666666666666,0.004,0.0071666666666666,0.0914205344585091,0.1127,0.0046839668353612,0.0098039215686274,0.027027027027027,0.0207665598290598,0.50006103515625,0.4991762767710049,0.0209523809523809,0.0053475935828877,0.1,0.0087445059492064,0.1789336201598033,0.0009000000136438,0.0001999600135604,0.1410337905654065,0.0003492479692085,0.5076186893032661,0.0,0.066588781774044,0.0236260909587144,0.8096585869789124,0.5749061107635498
1508,6,0.9,0.999,16384,1e-08,0.001,512,768,0.4,0.2,151.11,87.75,63.36,38.03,False,0.00075,0.75,7344,12240,0,4896,1.0,0.6,4.850943088531494,4.850502967834473,9.695082963681688,16,NVIDIA H100,20000000,10,200000000,120000000,0.6,1778390138.8799996,2963983564.8,2963983564.8,615.510972738266,0.0098039215686274,0.1,0.01,0.1234666666666666,0.158,0.0047393364928909,0.0212765957446808,0.115,0.01,0.0099009900990099,0.0356294536817102,0.001,0.0010021812179449,0.0033333333333333,0.005,0.0048666666666666,0.220815752461322,0.0892,0.0092064175729514,0.0098039215686274,0.027027027027027,0.0219684829059829,0.499786376953125,0.4991762767710049,0.023015873015873,0.0043526924511876,0.1,0.0017746473692921,0.091579594345421,0.0010000000474974,0.0001999600135604,0.1251700680272108,5.1187059911254434e-05,0.5,0.0,0.0825791880488395,0.0296450946480035,0.1903414279222488,0.4250938594341278
1508,7,0.9,0.999,16384,1e-08,0.001,512,768,0.4,0.2,151.11,87.75,63.36,38.03,False,0.0005,0.5,8568,12240,0,4896,1.0,0.7,4.850945472717285,4.850505828857422,9.703359876582825,16,NVIDIA H100,20000000,10,200000000,140000000,0.7,2074788495.36,2963983564.8,2963983564.8,633.4587106704712,0.0098039215686274,0.1,0.01,0.1237333333333333,0.2450666666666666,0.0047393364928909,0.0212765957446808,0.0927777777777777,0.01,0.0099009900990099,0.0213776722090261,0.001,0.0010021812179449,0.0092,0.0045,0.0055666666666666,0.3727144866385373,0.0982,0.0117368364380316,0.0098039215686274,0.027027027027027,0.10289797008547,0.499786376953125,0.4991762767710049,0.0192063492063492,0.0049745056585001,0.1,0.000956286665318,0.096919176398279,0.0010000000474974,0.0001999600135604,0.1300936768149883,0.0,0.5,0.0,0.0420560762286186,0.0149253727868199,0.8096585869789124,0.5749061107635498
1508,8,0.9,0.999,16384,1e-08,0.001,512,768,0.4,0.2,151.11,87.75,63.36,38.03,False,0.0002499999999999,0.2499999999999999,9792,12240,0,4896,1.0,0.8,4.850916385650635,4.85047721862793,9.703233460195705,16,NVIDIA H100,20000000,10,200000000,160000000,0.8,2371186851.84,2963983564.8,2963983564.8,629.0771434307098,0.0082228719948018,0.0895,0.0092,0.1082,0.1998,0.0048341232227488,0.0244680851063829,0.1944444444444444,0.0096880570409982,0.0099009900990099,0.0200316706254948,0.00094,0.0009235787694786,0.0090666666666666,0.003,0.0047,0.2039381153305204,0.098,0.012544416926887,0.0097018582261432,0.0248648648648648,0.0659054487179487,0.500030517578125,0.4942339373970346,0.0273015873015873,0.0047257803755751,0.09875,0.0026481784578038,0.0700676090964966,0.0010000000474974,0.0001999600135604,0.1307293409166945,0.0,0.588967009194159,0.0,0.0677570104598999,0.023382045328617,0.8096585869789124,0.5749061107635498
1508,9,0.9,0.999,16384,1e-08,0.001,512,768,0.4,0.2,151.11,87.75,63.36,38.03,False,6.698729810778076e-05,0.0669872981077807,11016,12240,0,4896,1.0,0.9,4.477963924407959,4.469083786010742,9.553124842300914,16,NVIDIA H100,20000000,10,200000000,180000000,0.9,2667585208.32,2963983564.8,2963983564.8,626.5615086555481,0.0123879237672341,0.1164,0.0177999999999999,0.1488,0.2131333333333333,0.0039336492890995,0.0297872340425531,0.1129629629629629,0.0116131907308377,0.0112475247524752,0.013064133016627,0.00162,0.00131659101181,0.0045333333333333,0.0045,0.0064,0.1673699015471167,0.1006,0.0088833853774092,0.0071011185839881,0.0329729729729729,0.0414663461538461,0.488739013671875,0.4991762767710049,0.0161904761904761,0.0050988682999626,0.12625,0.0016826967283961,0.0641133988936693,0.0023000001092441,0.0003199120328645,0.1703412512546002,0.0001497946094195,0.5315564229783432,0.0,0.1098779141902923,0.0390404500067234,0.7231148481369019,0.5803484916687012
1508,10,0.9,0.999,16384,1e-08,0.001,512,768,0.4,0.2,151.11,87.75,63.36,38.03,False,0.0,0.0,12240,12240,0,4896,1.0,1.0,4.417118072509766,4.405400276184082,9.279460733232934,16,NVIDIA H100,20000000,10,200000000,200000000,1.0,2963983564.8,2963983564.8,2963983564.8,623.8464629650116,0.0210005891513314,0.1278,0.0172,0.1323333333333333,0.1756,0.0044075829383886,0.0132978723404255,0.1148148148148148,0.0104545454545454,0.0121188118811881,0.0133808392715756,0.0017,0.0012379885633437,0.0038666666666666,0.005,0.0068666666666666,0.1420534458509142,0.103,0.0095832884677506,0.0082563272201266,0.0354436254436254,0.0305154914529914,0.46923828125,0.500823723228995,0.0187301587301587,0.0053475935828877,0.136625,0.002666568585983,0.0637292562999385,0.0020000000367872,0.0001999600135604,0.1679826028772164,0.0,0.3937851247442801,0.0150150153785943,0.09112149477005,0.0329256802797317,0.6904327273368835,0.577606201171875
1509,1,0.9,0.999,16384,1e-08,0.001,512,768,0.6,0.2,151.11,87.75,63.36,38.03,False,0.000166802832244,0.1668028322440087,1224,12240,1,7344,0.1666666666666666,0.1,2.350571870803833,2.3331992626190186,8.152133254443898,16,NVIDIA H100,20000000,10,200000000,20000000,0.1,296398356.48,2963983564.8,2963983564.8,620.4536743164062,0.1679237721482449,0.2577,0.1097999999999999,0.0956666666666666,0.2433333333333333,0.0127488151658767,0.0468085106382978,0.1161111111111111,0.0127450980392156,0.0592871287128712,0.0667458432304038,0.02828,0.008901727288805,0.0124,0.0945,0.0519,0.3881856540084388,0.1201,0.0279961236136534,0.050245405973502,0.064024992923075,0.2205528846153846,0.51678466796875,0.500823723228995,0.0652380952380952,0.0100733739584628,0.421375,0.0710778454125825,0.1402120467117394,0.024100000038743,0.0132380644790828,0.250836400133824,0.00141001879155,0.488901168669316,0.0,0.2149532735347747,0.1703549027442932,0.8089282512664795,0.5727545022964478
1509,2,0.9,0.999,16384,1e-08,0.001,512,768,0.6,0.2,151.11,87.75,63.36,38.03,False,0.0003334694989106,0.3334694989106753,2448,12240,1,7344,0.3333333333333333,0.2,1.5454893112182615,1.5273466110229492,6.455163853230819,16,NVIDIA H100,20000000,10,200000000,40000000,0.2,592796712.9599999,2963983564.8,2963983564.8,607.7039525508881,0.306224344021013,0.2880999999999999,0.1536,0.1282666666666666,0.2142666666666666,0.017867298578199,0.0867021276595744,0.2007407407407407,0.0153475935828877,0.1028118811881188,0.0528107680126682,0.06678,0.0239540961700957,0.0186666666666666,0.1375,0.0969333333333333,0.3895921237693389,0.0173,0.0513621190912027,0.0862758126964768,0.1304321204321204,0.3313969017094017,0.501220703125,0.500274574409665,0.0795238095238095,0.0197736599925382,0.574,0.1419809846074627,0.1178933620159803,0.0524999983608722,0.02851571328938,0.2829485892717743,0.0034327779605458,0.5012697815505444,0.0,0.2546728849411011,0.2964509427547455,0.7949607372283936,0.549170970916748
1509,3,0.9,0.999,16384,1e-08,0.001,512,768,0.6,0.2,151.11,87.75,63.36,38.03,False,0.0005001361655773,0.5001361655773421,3672,12240,1,7344,0.5,0.3,1.065080165863037,1.0520472526550293,5.135562148359087,16,NVIDIA H100,20000000,10,200000000,60000000,0.3,889195069.4399998,2963983564.8,2963983564.8,622.1092956066132,0.4711540282041999,0.3785,0.1962,0.1283333333333333,0.2228,0.0247867298578199,0.1271276595744681,0.2492592592592592,0.0120588235294117,0.1498613861386138,0.0756927949326999,0.12042,0.0562007506533828,0.0205333333333333,0.1965,0.1605333333333333,0.3347398030942334,0.14,0.0729514374932701,0.1489090157603361,0.1977243824675606,0.4098557692307692,0.5064697265625,0.500823723228995,0.1369841269841269,0.0412883969655515,0.661875,0.2082957868216341,0.1358712354025814,0.1122999973595142,0.0581713300198316,0.3113025538084086,0.0099655596138295,0.5053965715898135,0.0,0.322429895401001,0.4346555471420288,0.7805367708206177,0.5792937874794006
1509,4,0.9,0.999,16384,1e-08,0.001,512,768,0.6,0.2,151.11,87.75,63.36,38.03,False,0.000666802832244,0.6668028322440087,4896,12240,1,7344,0.6666666666666666,0.4,4.850553035736084,4.85011625289917,6.940137699928159,16,NVIDIA H100,20000000,10,200000000,80000000,0.4,1185593425.9199998,2963983564.8,2963983564.8,617.2507483959198,0.0073529411764705,0.1,0.01,0.1251333333333333,0.2450666666666666,0.0047393364928909,0.0212765957446808,0.0844444444444444,0.01,0.0099009900990099,0.0212193190815518,0.00128,0.0012379885633437,0.0013333333333333,0.0065,0.0068666666666666,0.0914205344585091,0.1009,0.0094217723699795,0.0098039215686274,0.0222504136789851,0.0917467948717948,0.500213623046875,0.4991762767710049,0.0217460317460317,0.0054719562243502,0.1,0.0013884546775291,0.0612707437000614,0.0010000000474974,0.0001999600135604,0.1289450206312033,2.014112520226954e-05,0.5,0.0,0.0549065433442592,0.0192850418388843,0.1903414279222488,0.4250938594341278
1509,5,0.9,0.999,16384,1e-08,0.001,512,768,0.6,0.2,151.11,87.75,63.36,38.03,False,0.0008334694989106,0.8334694989106755,6120,12240,1,7344,0.8333333333333334,0.5,3.745836973190308,3.719719409942627,9.23937539025849,16,NVIDIA H100,20000000,10,200000000,100000000,0.5,1481991782.4,2963983564.8,2963983564.8,621.9256701469421,0.0450357470503036,0.2092999999999999,0.0453,0.0914,0.2193333333333333,0.0108530805687203,0.0414893617021276,0.1987037037037037,0.010409982174688,0.0264158415841584,0.0458432304038004,0.00746,0.0013558922360431,0.0058666666666666,0.0325,0.0171333333333333,0.3136427566807314,0.1167,0.0136750296112845,0.023763987627966,0.0468641182926897,0.2015224358974359,0.603363037109375,0.5013728720483251,0.0815873015873015,0.0104464618828503,0.205875,0.0204222373429942,0.0767901044867855,0.0057000000961124,0.0016197920776903,0.201672800267648,0.0026409510716063,0.7552378488959954,0.0,0.1018099561333656,0.0588726513087749,0.8049114346504211,0.577943742275238
1509,6,0.9,0.999,16384,1e-08,0.001,512,768,0.6,0.2,151.11,87.75,63.36,38.03,False,0.001,1.0,7344,12240,1,7344,1.0,0.6,2.0567867755889893,2.037888765335083,7.624984522660573,16,NVIDIA H100,20000000,10,200000000,120000000,0.6,1778390138.8799996,2963983564.8,2963983564.8,618.526463508606,0.1961081682177173,0.3457,0.1418,0.1228666666666666,0.2084666666666666,0.0144549763033175,0.0563829787234042,0.1303703703703703,0.0149108734402852,0.0707722772277227,0.0715756136183689,0.04012,0.0128121991000019,0.0141333333333333,0.106,0.0681333333333333,0.2911392405063291,0.0493,0.0310110907720469,0.0810123541853743,0.0930089224952788,0.2585470085470085,0.490020751953125,0.4914881933003844,0.0817460317460317,0.0160427807486631,0.447625,0.085817533148206,0.1047556853103872,0.0332999993115663,0.0163574567995965,0.2799821567971451,0.0024137555884997,0.4566275542596468,0.0,0.2266355156898498,0.1903966665267944,0.7934088110923767,0.5769733786582947
1509,7,0.9,0.999,16384,1e-08,0.001,512,768,0.6,0.2,151.11,87.75,63.36,38.03,False,0.0008535533905932,0.8535533905932737,8568,12240,0,7344,1.0,0.7,4.078331470489502,4.063360214233398,7.582280517014023,16,NVIDIA H100,20000000,10,200000000,140000000,0.7,2074788495.36,2963983564.8,2963983564.8,634.0876233577728,0.0300380011612482,0.191,0.0322,0.1476,0.2185333333333333,0.0057345971563981,0.025,0.1522222222222222,0.0107843137254901,0.0142970297029702,0.0370546318289786,0.0031,0.0011200848906443,0.0046666666666666,0.012,0.0091666666666666,0.2390998593530239,0.1069,0.0098524819640357,0.0169576775823264,0.0410843403700546,0.1278044871794871,0.5718994140625,0.500823723228995,0.0331746031746031,0.0065912199975127,0.1925,0.0076686834507236,0.0742163491087891,0.0018000000272877,0.0004998400618205,0.1976636556261849,0.0028984364108287,0.693853316716439,0.0,0.1085972860455513,0.0371589846909046,0.7960562109947205,0.5835970044136047
1509,8,0.9,0.999,16384,1e-08,0.001,512,768,0.6,0.2,151.11,87.75,63.36,38.03,False,0.0005,0.5,9792,12240,0,7344,1.0,0.8,0.9908480644226074,0.9844087362289428,6.02923838570227,16,NVIDIA H100,20000000,10,200000000,160000000,0.8,2371186851.84,2963983564.8,2963983564.8,630.5966811180115,0.4488930384092769,0.3863999999999999,0.2165,0.1509333333333333,0.2284,0.0251658767772511,0.1180851063829787,0.2016666666666666,0.0172994652406417,0.1667722772277227,0.0896278701504354,0.12696,0.0526243392481675,0.0222666666666666,0.2125,0.1542,0.3009845288326301,0.1216,0.074835791967266,0.1630649680248494,0.2068722646451792,0.4840411324786324,0.505340576171875,0.4876441515650741,0.1192063492063492,0.0458898146996642,0.686875,0.2179046287952627,0.0855869698832206,0.1126000024378299,0.063991043716669,0.3093621054979368,0.0049326410025884,0.501646013121076,0.0,0.3352803885936737,0.4175365269184112,0.7778893709182739,0.5811078548431396
1509,9,0.9,0.999,16384,1e-08,0.001,512,768,0.6,0.2,151.11,87.75,63.36,38.03,False,0.0001464466094067,0.1464466094067262,11016,12240,0,7344,1.0,0.9,0.7062479853630066,0.6959742307662964,3.924606548610076,16,NVIDIA H100,20000000,10,200000000,180000000,0.9,2667585208.32,2963983564.8,2963983564.8,626.2772078514099,0.5424656625522996,0.5292000000000001,0.2769,0.1556666666666666,0.2423333333333333,0.0312796208530805,0.1526595744680851,0.2429629629629629,0.0202673796791443,0.2470891089108911,0.0765637371338083,0.18282,0.0910609365481734,0.0265333333333333,0.282,0.2119666666666666,0.3094233473980309,0.1138,0.1018628189942931,0.2261983943735425,0.2997647700008244,0.5318509615384616,0.593109130859375,0.5024711696869851,0.1765079365079365,0.0824524312896406,0.739,0.2730198429483053,0.0660341118623232,0.1643999963998794,0.1020255461335182,0.3155403144864503,0.0076785537225622,0.638688362687234,0.0,0.3960280418395996,0.5131524205207825,0.7893919944763184,0.5846095681190491
1509,10,0.9,0.999,16384,1e-08,0.001,512,768,0.6,0.2,151.11,87.75,63.36,38.03,False,0.0,0.0,12240,12240,0,7344,1.0,1.0,0.6411200165748596,0.6322133541107178,3.2876809576368022,16,NVIDIA H100,20000000,10,200000000,200000000,1.0,2963983564.8,2963983564.8,2963983564.8,622.9494211673737,0.5693751138393854,0.5839000000000001,0.3097,0.1696,0.2426666666666666,0.0338862559241706,0.1537234042553191,0.2737037037037037,0.0211229946524064,0.2733069306930693,0.0815518606492478,0.19998,0.1004539291398927,0.0288,0.282,0.2331333333333333,0.3066104078762307,0.116,0.1085926564014213,0.2407779617959619,0.3218985959379962,0.5518830128205128,0.584259033203125,0.4892915980230642,0.1765079365079365,0.1021017286407163,0.7515,0.2928168159332071,0.0651505838967424,0.18469999730587,0.1149436645209789,0.3110014497602319,0.0068506168097319,0.6205939755919768,0.0,0.3761682212352752,0.5336117148399353,0.8033595085144043,0.5919503569602966
1510,1,0.9,0.999,16384,1e-08,0.002,512,768,0.2,0.2,151.11,87.75,63.36,38.03,False,0.001000816993464,0.5004084967320263,1224,12240,1,2448,0.5,0.1,2.6936845779418945,2.6778578758239746,7.860196427192563,16,NVIDIA H100,20000000,10,200000000,20000000,0.1,296398356.48,2963983564.8,2963983564.8,619.7118573188782,0.1535195430606586,0.3044,0.102,0.1301333333333333,0.1927333333333333,0.0103791469194312,0.0436170212765957,0.1412962962962963,0.0113101604278074,0.0495445544554455,0.0614410134600158,0.0227,0.0089606791251547,0.014,0.077,0.0462666666666666,0.2967651195499297,0.1567,0.022881447184236,0.039293019640269,0.0677695702414803,0.1879674145299145,0.50006103515625,0.500823723228995,0.0625396825396825,0.0111926377316254,0.371125,0.0552255549221178,0.0806315304240934,0.0175999999046325,0.0111185126006603,0.2197501951600312,0.0007459409617112,0.5000823006560537,0.0,0.1717289686203003,0.1444676369428634,0.7963300943374634,0.5881112217903137
1510,2,0.9,0.999,16384,1e-08,0.002,512,768,0.2,0.2,151.11,87.75,63.36,38.03,False,0.002,1.0,2448,12240,1,2448,1.0,0.2,4.85094165802002,4.850502014160156,8.391110929009182,16,NVIDIA H100,20000000,10,200000000,40000000,0.2,592796712.9599999,2963983564.8,2963983564.8,612.1085567474365,0.0098039215686274,0.1,0.0105,0.1228666666666666,0.158,0.0047393364928909,0.0212765957446808,0.1061111111111111,0.01,0.0099009900990099,0.0380047505938242,0.001,0.0010021812179449,0.006,0.011,0.0039,0.220815752461322,0.0982,0.0101755141595779,0.0098039215686274,0.027027027027027,0.0264423076923076,0.499786376953125,0.500823723228995,0.0171428571428571,0.0048501430170376,0.1,0.0017286720488441,0.096919176398279,0.0010000000474974,0.0001999600135604,0.1349782535965205,4.123144584936779e-06,0.5,0.0,0.0630841106176376,0.0208768267184495,0.8096585869789124,0.5749061107635498
1510,3,0.9,0.999,16384,1e-08,0.002,512,768,0.2,0.2,151.11,87.75,63.36,38.03,False,0.0019238795325112,0.9619397662556434,3672,12240,0,2448,1.0,0.3,4.850942134857178,4.8505024909973145,9.704649619806826,16,NVIDIA H100,20000000,10,200000000,60000000,0.3,889195069.4399998,2963983564.8,2963983564.8,620.3605902194977,0.0115092873579509,0.1,0.0103,0.1220666666666666,0.2435333333333333,0.0048341232227488,0.0212765957446808,0.0924074074074074,0.0117647058823529,0.0095049504950495,0.0078384798099762,0.00096,0.001041482442178,0.0008,0.005,0.0042666666666666,0.220815752461322,0.0937,0.0082911596855819,0.0093592862421934,0.0302702702702702,0.0206997863247863,0.501953125,0.500823723228995,0.0203174603174603,0.0057206815072752,0.0995,0.0020596943560696,0.0913491087891825,0.0010000000474974,0.0002999600110342,0.1310137169621947,4.529303783327104e-05,0.4935570343546452,0.0,0.0732519403100013,0.0194029845297336,0.8043637275695801,0.5735982656478882
1510,4,0.9,0.999,16384,1e-08,0.002,512,768,0.2,0.2,151.11,87.75,63.36,38.03,False,0.0017071067811865,0.8535533905932737,4896,12240,0,2448,1.0,0.4,4.850942134857178,4.8505024909973145,9.703219765931172,16,NVIDIA H100,20000000,10,200000000,80000000,0.4,1185593425.9199998,2963983564.8,2963983564.8,612.5931713581085,0.0089762652537555,0.0983,0.0116999999999999,0.1238,0.2241333333333333,0.0047393364928909,0.0170212765957446,0.0988888888888888,0.0109090909090909,0.0097425742574257,0.0149643705463182,0.00094,0.0008842775452455,0.0049333333333333,0.006,0.0055333333333333,0.3150492264416315,0.1019,0.0090987401744373,0.0091347143430571,0.0264864864864864,0.0295138888888888,0.500213623046875,0.500823723228995,0.0204761904761904,0.0053475935828877,0.1,0.0047170678779631,0.133720036877689,0.0005000000237487,0.0002199520167778,0.1307293409166945,0.0001387832354799,0.5,0.0,0.0443925224244594,0.0188146755099296,0.5937557220458984,0.5242796540260315
1510,5,0.9,0.999,16384,1e-08,0.002,512,768,0.2,0.2,151.11,87.75,63.36,38.03,False,0.001382683432365,0.6913417161825449,6120,12240,0,2448,1.0,0.5,4.850942134857178,4.8505024909973145,9.703522915933648,16,NVIDIA H100,20000000,10,200000000,100000000,0.5,1481991782.4,2963983564.8,2963983564.8,622.2766733169556,0.00610154556442,0.102,0.0098999999999999,0.1256666666666666,0.159,0.0048341232227488,0.0196808510638297,0.0751851851851851,0.0116310160427807,0.010019801980198,0.0334916864608076,0.00106,0.0010021812179449,0.0058666666666666,0.0045,0.0028333333333333,0.3544303797468354,0.0993,0.0099063206632927,0.0093870194226526,0.0284535769407772,0.0395299145299145,0.500213623046875,0.4980779791323448,0.0204761904761904,0.0058450441487377,0.099875,0.0013608694852603,0.0711816226183159,0.0007999999797903,0.0002999600110342,0.1344764135162261,0.000387721641215,0.5,0.0,0.077691450715065,0.0246346555650234,0.8096585869789124,0.5749061107635498
1510,6,0.9,0.999,16384,1e-08,0.002,512,768,0.2,0.2,151.11,87.75,63.36,38.03,False,0.001,0.5,7344,12240,0,2448,1.0,0.6,4.850942134857178,4.8505024909973145,9.703364023196151,16,NVIDIA H100,20000000,10,200000000,120000000,0.6,1778390138.8799996,2963983564.8,2963983564.8,613.9551422595978,0.0079470505365065,0.1006999999999999,0.0113,0.1295333333333333,0.2252,0.0045971563981042,0.0164893617021276,0.1079629629629629,0.0105793226381461,0.0105346534653465,0.0213776722090261,0.00062,0.0011004342785277,0.0061333333333333,0.005,0.0047333333333333,0.2714486638537271,0.0995,0.0094756110692365,0.0085594552013415,0.0279907179907179,0.0277110042735042,0.500213623046875,0.5107084019769358,0.0239682539682539,0.0052232309414251,0.097875,0.0029792007650293,0.0832437000614628,0.0010000000474974,0.0002799680078169,0.1307293409166945,0.0009166250892368,0.5,0.0,0.0619158893823623,0.0179540701210498,0.7525104880332947,0.5571868419647217
1510,7,0.9,0.999,16384,1e-08,0.002,512,768,0.2,0.2,151.11,87.75,63.36,38.03,False,0.0006173165676349,0.3086582838174551,8568,12240,0,2448,1.0,0.7,4.850942134857178,4.8505024909973145,9.703333433936624,16,NVIDIA H100,20000000,10,200000000,140000000,0.7,2074788495.36,2963983564.8,2963983564.8,634.4240026473999,0.0134472329684301,0.0967,0.01,0.1235333333333333,0.2444,0.0051184834123222,0.0234042553191489,0.0996296296296296,0.0083244206773618,0.0107722772277227,0.0226444972288202,0.00098,0.0009825306058283,0.0038666666666666,0.006,0.0059666666666666,0.220815752461322,0.0985,0.0085065144826101,0.0099640995448254,0.0262189462189462,0.0430021367521367,0.50665283203125,0.5046677649643053,0.0211111111111111,0.0048501430170376,0.103625,0.00205049929198,0.0796711739397664,0.001300000003539,0.0001599760071258,0.1307293409166945,0.0002136923891567,0.4985303454276107,0.0,0.0607476644217968,0.0197554100304842,0.2968778610229492,0.4442053735256195
1510,8,0.9,0.999,16384,1e-08,0.002,512,768,0.2,0.2,151.11,87.75,63.36,38.03,False,0.0002928932188134,0.1464466094067262,9792,12240,0,2448,1.0,0.8,4.850942134857178,4.8505024909973145,9.703265305438071,16,NVIDIA H100,20000000,10,200000000,160000000,0.8,2371186851.84,2963983564.8,2963983564.8,631.9566829204559,0.0098574517382576,0.1049,0.0098,0.1283333333333333,0.2145333333333333,0.0044549763033175,0.0202127659574468,0.1109259259259259,0.0118003565062388,0.0102574257425742,0.0212193190815518,0.00092,0.0011397355027609,0.0054666666666666,0.004,0.0062666666666666,0.2137834036568213,0.1102,0.01049854635512,0.011310560561784,0.025941349512778,0.0575587606837606,0.499420166015625,0.5024711696869851,0.0223809523809523,0.0053475935828877,0.09775,0.00205049929198,0.1741702519975415,0.0019000000320374,0.0001999600135604,0.1307293409166945,0.0051510436905119,0.4964140428433701,0.0,0.0777262151241302,0.0225988700985908,0.8005294799804688,0.5725013613700867
1510,9,0.9,0.999,16384,1e-08,0.002,512,768,0.2,0.2,151.11,87.75,63.36,38.03,False,7.612046748871326e-05,0.0380602337443566,11016,12240,0,2448,1.0,0.9,4.850942134857178,4.8505024909973145,9.7033229871513,16,NVIDIA H100,20000000,10,200000000,180000000,0.9,2667585208.32,2963983564.8,2963983564.8,627.0157194137573,0.0143618986216007,0.0999,0.0104,0.1290666666666666,0.192,0.005260663507109,0.0207446808510638,0.1012962962962963,0.0096702317290552,0.0095445544554455,0.0351543942992874,0.00082,0.0008646269331289,0.0042666666666666,0.0035,0.005,0.2742616033755274,0.1004,0.0088295466781522,0.010214871184611,0.0275675675675675,0.039463141025641,0.495758056640625,0.4848984074684239,0.0228571428571428,0.0042283298097251,0.095375,0.00205049929198,0.0883912108174554,0.0014000000082887,0.0001599360257387,0.1307293409166945,0.00057980626502,0.4923225245138383,0.0,0.0721420645713806,0.0204592905938625,0.8096585869789124,0.5747795701026917
1510,10,0.9,0.999,16384,1e-08,0.002,512,768,0.2,0.2,151.11,87.75,63.36,38.03,False,0.0,0.0,12240,12240,0,2448,1.0,1.0,4.850942134857178,4.8505024909973145,9.703206744848512,16,NVIDIA H100,20000000,10,200000000,200000000,1.0,2963983564.8,2963983564.8,2963983564.8,625.6538851261139,0.0115733725796407,0.1018,0.0107,0.1216,0.2089333333333333,0.0054028436018957,0.0186170212765957,0.1124074074074074,0.0089572192513368,0.009029702970297,0.0194774346793349,0.00088,0.0008056750967792,0.0049333333333333,0.0035,0.0041,0.2461322081575246,0.0982,0.008344998384839,0.0123506799999964,0.0267567567567567,0.0313167735042735,0.50531005859375,0.5057660626029654,0.0255555555555555,0.0067155826389752,0.101375,0.0022527907019511,0.0841656422864167,0.0011000000522471,0.0002199520167778,0.1307293409166945,0.00013040161576,0.5210336962400357,0.0,0.0769230797886848,0.0208610743284225,0.8096585869789124,0.5749061107635498
1511,1,0.9,0.999,16384,1e-08,0.002,512,768,0.4,0.2,151.11,87.75,63.36,38.03,False,0.000500408496732,0.2502042483660131,1224,12240,1,4896,0.25,0.1,4.54801607131958,4.541810035705566,8.12883144110636,16,NVIDIA H100,20000000,10,200000000,20000000,0.1,296398356.48,2963983564.8,2963983564.8,622.4001755714417,0.0207237673118818,0.1721,0.0247,0.1033333333333333,0.2302666666666666,0.005781990521327,0.027127659574468,0.19,0.0113814616755793,0.0226930693069306,0.0455265241488519,0.00284,0.0010021812179449,0.0048,0.0205,0.0075,0.2123769338959212,0.0808,0.0131366426187143,0.0134054705654676,0.0347272225843654,0.0518830128205128,0.508941650390625,0.4991762767710049,0.0265079365079365,0.0054719562243502,0.169,0.0128914798536145,0.078979717271051,0.001700000022538,0.0004399040335556,0.185134381621501,8.336077292108651e-06,0.5004232605168482,0.0,0.0899001136422157,0.0412935316562652,0.7601789236068726,0.5768889784812927
1511,2,0.9,0.999,16384,1e-08,0.002,512,768,0.4,0.2,151.11,87.75,63.36,38.03,False,0.001000408496732,0.5002042483660131,2448,12240,1,4896,0.5,0.2,1.5869224071502686,1.5748637914657593,6.675153949291878,16,NVIDIA H100,20000000,10,200000000,40000000,0.2,592796712.9599999,2963983564.8,2963983564.8,609.066641330719,0.30159596816887,0.3968,0.1571,0.1164666666666666,0.1909333333333333,0.0153080568720379,0.0787234042553191,0.1438888888888889,0.0157664884135472,0.1003168316831683,0.0724465558194774,0.06858,0.0275894594116606,0.0206666666666666,0.1395,0.1025666666666666,0.3445850914205344,0.0882,0.0527619252718854,0.0949847250451507,0.1386531126820051,0.2184161324786324,0.527679443359375,0.500823723228995,0.102063492063492,0.0253699788583509,0.573875,0.1484726998547179,0.0996081745543946,0.0700000002980232,0.032595083117485,0.2908163265306122,0.0034383938771224,0.5047734380511205,0.0,0.2663551270961761,0.3139874637126922,0.805824339389801,0.5747795701026917
1511,3,0.9,0.999,16384,1e-08,0.002,512,768,0.4,0.2,151.11,87.75,63.36,38.03,False,0.001500408496732,0.7502042483660131,3672,12240,1,4896,0.75,0.3,4.450140953063965,4.442576885223389,7.126271369800069,16,NVIDIA H100,20000000,10,200000000,60000000,0.3,889195069.4399998,2963983564.8,2963983564.8,619.7524955272675,0.0234232216188469,0.1750999999999999,0.0236999999999999,0.1454,0.1838666666666666,0.0085308056872037,0.0297872340425531,0.159074074074074,0.0099732620320855,0.0137821782178217,0.0214568487727632,0.002,0.001041482442178,0.004,0.008,0.0100666666666666,0.1293952180028129,0.0979,0.0137827070097986,0.0083433379583289,0.0376390507907444,0.0417334401709401,0.4951171875,0.4991762767710049,0.0333333333333333,0.0044770550926501,0.16775,0.0083767033856225,0.0833973570989551,0.0020000000949949,0.0001599760071258,0.1960466153674584,0.0004062877128012,0.3841912196957227,0.0,0.0642523393034935,0.0371589846909046,0.7932262420654297,0.5828797817230225
1511,4,0.9,0.999,16384,1e-08,0.002,512,768,0.4,0.2,151.11,87.75,63.36,38.03,False,0.002,1.0,4896,12240,1,4896,1.0,0.4,2.645874261856079,2.621187925338745,8.012245911398745,16,NVIDIA H100,20000000,10,200000000,80000000,0.4,1185593425.9199998,2963983564.8,2963983564.8,617.7509362697601,0.1317053620576125,0.3001999999999999,0.109,0.1126666666666666,0.2267333333333333,0.0139810426540284,0.0425531914893617,0.1075925925925925,0.0142335115864527,0.055009900990099,0.0498020585906571,0.02224,0.0058362317986205,0.0133333333333333,0.088,0.0411333333333333,0.3178621659634318,0.0979,0.0184128351459028,0.0488188773349491,0.0634285976742662,0.2393162393162393,0.497833251953125,0.500823723228995,0.0493650793650793,0.0146747916925755,0.36175,0.0516118947349063,0.0738322065150584,0.0219999998807907,0.0087386646773666,0.2438496710159473,0.0028199533513247,0.4992592940955158,0.0,0.1471962630748748,0.1194154471158981,0.7869271636009216,0.5803906917572021
1511,5,0.9,0.999,16384,1e-08,0.002,512,768,0.4,0.2,151.11,87.75,63.36,38.03,False,0.0018660254037844,0.9330127018922192,6120,12240,0,4896,1.0,0.5,1.3246015310287476,1.30903160572052,6.030058479386996,16,NVIDIA H100,20000000,10,200000000,100000000,0.5,1481991782.4,2963983564.8,2963983564.8,625.1454603672028,0.3434620279112406,0.4128,0.2085,0.1652666666666666,0.2282,0.0207582938388625,0.0946808510638297,0.2496296296296296,0.0161764705882352,0.1265742574257425,0.0594615993665874,0.08614,0.0302422920473972,0.0198666666666666,0.165,0.1179,0.3178621659634318,0.0903,0.0569075051146764,0.1238971509090017,0.1377428934106798,0.4248798076923077,0.511962890625,0.5085118066996156,0.0996825396825396,0.0269866931973635,0.59825,0.1688029865568163,0.0721035648432698,0.0638000015169382,0.0428141551092267,0.2793409166945466,0.0081857495449503,0.5051261551484939,0.0,0.3014018833637237,0.3448851704597473,0.7555230855941772,0.5350799560546875
1511,6,0.9,0.999,16384,1e-08,0.002,512,768,0.4,0.2,151.11,87.75,63.36,38.03,False,0.0015,0.75,7344,12240,0,4896,1.0,0.6,4.850839138031006,4.850390911102295,9.153684374164133,16,NVIDIA H100,20000000,10,200000000,120000000,0.6,1778390138.8799996,2963983564.8,2963983564.8,615.138302564621,0.0098039215686274,0.1,0.01,0.1237333333333333,0.2254,0.0047393364928909,0.0218085106382978,0.1125925925925925,0.01,0.0099009900990099,0.0380047505938242,0.001,0.0010021812179449,0.0016,0.003,0.0030666666666666,0.3150492264416315,0.0955,0.0029611284591364,0.0098039215686274,0.027027027027027,0.0262419871794871,0.499786376953125,0.500823723228995,0.0214285714285714,0.0049745056585001,0.1,0.0020137190356216,0.0724492931776275,0.0010000000474974,0.0001999600135604,0.1337682614029218,4.0697249048873294e-05,0.5,0.0,0.0987791344523429,0.0181979574263095,0.8096585869789124,0.5749061107635498
1511,7,0.9,0.999,16384,1e-08,0.002,512,768,0.4,0.2,151.11,87.75,63.36,38.03,False,0.001,0.5,8568,12240,0,4896,1.0,0.7,4.850942134857178,4.8505024909973145,9.704049540501014,16,NVIDIA H100,20000000,10,200000000,140000000,0.7,2074788495.36,2963983564.8,2963983564.8,637.7260496616364,0.0110608345902463,0.1,0.0093999999999999,0.1232666666666666,0.1997333333333333,0.0047393364928909,0.0212765957446808,0.0927777777777777,0.01,0.0089900990099009,0.004750593824228,0.00106,0.0012379885633437,0.0097333333333333,0.003,0.0022666666666666,0.220815752461322,0.101,0.0056530634219877,0.0087407853166842,0.027027027027027,0.01696047008547,0.499786376953125,0.4991762767710049,0.0187301587301587,0.0059694067902002,0.1,0.0010666274343932,0.1107098955132145,0.0010000000474974,0.0001999600135604,0.1307293409166945,0.0,0.5,0.0,0.0522041767835617,0.014228799380362,0.1932627409696579,0.4253892004489898
1511,8,0.9,0.999,16384,1e-08,0.002,512,768,0.4,0.2,151.11,87.75,63.36,38.03,False,0.0004999999999999,0.2499999999999999,9792,12240,0,4896,1.0,0.8,4.850942134857178,4.8505024909973145,9.703298805585874,16,NVIDIA H100,20000000,10,200000000,160000000,0.8,2371186851.84,2963983564.8,2963983564.8,632.6313257217407,0.0066986070446278,0.094,0.0096,0.1223333333333333,0.1564666666666666,0.0043601895734597,0.0223404255319148,0.1124074074074074,0.0089126559714795,0.0094653465346534,0.026682501979414,0.0009,0.001041482442178,0.0041333333333333,0.0035,0.0041333333333333,0.3164556962025316,0.0992,0.0086141918811241,0.0094389696969116,0.0287250887250887,0.0209001068376068,0.500213623046875,0.500823723228995,0.0192063492063492,0.0049745056585001,0.092125,0.0015539658311418,0.0622695144437615,0.0010000000474974,0.0002999600110342,0.1312367569978811,0.0002377872844041,0.5,0.0,0.0932297483086586,0.0228855721652507,0.7757896780967712,0.5636417269706726
1511,9,0.9,0.999,16384,1e-08,0.002,512,768,0.4,0.2,151.11,87.75,63.36,38.03,False,0.0001339745962155,0.0669872981077807,11016,12240,0,4896,1.0,0.9,4.850942134857178,4.8505024909973145,9.703178561590857,16,NVIDIA H100,20000000,10,200000000,180000000,0.9,2667585208.32,2963983564.8,2963983564.8,628.2871227264404,0.0082181931896436,0.1008999999999999,0.0107,0.1204,0.2252666666666666,0.0050710900473933,0.026063829787234,0.1003703703703703,0.0087344028520499,0.0083168316831683,0.0235946159936658,0.00084,0.0008253257088958,0.0049333333333333,0.007,0.0053,0.2714486638537271,0.1009,0.0076450952944976,0.0074968608132908,0.0274692874692874,0.0170272435897435,0.509490966796875,0.500823723228995,0.0219047619047619,0.0059694067902002,0.1035,0.0028872501241333,0.0621158574062692,0.0010000000474974,0.0004999600059818,0.1307293409166945,0.0014319579296742,0.4949326310344016,0.0,0.0654205605387687,0.0230803377926349,0.8096585869789124,0.5749061107635498
1511,10,0.9,0.999,16384,1e-08,0.002,512,768,0.4,0.2,151.11,87.75,63.36,38.03,False,0.0,0.0,12240,12240,0,4896,1.0,1.0,4.850942134857178,4.8505024909973145,9.703125,16,NVIDIA H100,20000000,10,200000000,200000000,1.0,2963983564.8,2963983564.8,2963983564.8,626.0287101268768,0.0113291528732705,0.0969,0.0093,0.1268,0.2055333333333333,0.0050236966824644,0.0218085106382978,0.1087037037037037,0.0074955436720142,0.0107722772277227,0.0139350752177355,0.00102,0.0010218318300615,0.0068,0.003,0.0032,0.0914205344585091,0.09,0.0096371271670076,0.0099547511312217,0.027027027027027,0.0355902777777777,0.49932861328125,0.4991762767710049,0.0239682539682539,0.0053475935828877,0.099375,0.0018757930742777,0.0927704363859864,0.0010000000474974,0.0001799680103431,0.1307293409166945,0.0003760891792823,0.4997060690855221,0.0,0.0510543845593929,0.0154083203524351,0.1981924474239349,0.4275830090045929
1512,1,0.9,0.999,16384,1e-08,0.002,512,768,0.6,0.2,151.11,87.75,63.36,38.03,False,0.000333605664488,0.1668028322440087,1224,12240,1,7344,0.1666666666666666,0.1,2.105462551116944,2.087354183197021,7.916323364170548,16,NVIDIA H100,20000000,10,200000000,20000000,0.1,296398356.48,2963983564.8,2963983564.8,615.7070310115814,0.1910549929782939,0.3123,0.142,0.1088666666666666,0.201,0.0137914691943127,0.051063829787234,0.1262962962962963,0.009982174688057,0.0632871287128712,0.1003958828186856,0.03712,0.0126353435909528,0.0126666666666666,0.1085,0.0635666666666666,0.2911392405063291,0.0662,0.0330031226445569,0.0513888679615023,0.0784683426449242,0.2242254273504273,0.512969970703125,0.5046677649643053,0.0676190476190476,0.014550429051113,0.470125,0.0820475568714713,0.0858174554394591,0.0302999997511506,0.0152176725678145,0.2685011709601874,0.005374660888133,0.5091236155853928,0.0,0.2184579372406005,0.1858037561178207,0.8049114346504211,0.5658777356147766
1512,2,0.9,0.999,16384,1e-08,0.002,512,768,0.6,0.2,151.11,87.75,63.36,38.03,False,0.0006669389978213,0.3334694989106753,2448,12240,1,7344,0.3333333333333333,0.2,4.850964069366455,4.850521564483643,8.274756317045174,16,NVIDIA H100,20000000,10,200000000,40000000,0.2,592796712.9599999,2963983564.8,2963983564.8,607.4379980564117,0.0098039215686274,0.0993,0.01,0.1265333333333333,0.2450666666666666,0.0047393364928909,0.0212765957446808,0.0927777777777777,0.01,0.0099009900990099,0.01187648456057,0.001,0.0010021812179449,0.0021333333333333,0.0025,0.0042666666666666,0.3727144866385373,0.0892,0.0087757079788952,0.0098039215686274,0.027027027027027,0.024639423076923,0.499786376953125,0.4991762767710049,0.0233333333333333,0.0048501430170376,0.1,0.0023815215992055,0.091579594345421,0.0010000000474974,0.0001999600135604,0.1482547117207538,2.748955740438101e-06,0.5,0.0040298206731677,0.0338785052299499,0.014228799380362,0.8096585869789124,0.5749061107635498
1512,3,0.9,0.999,16384,1e-08,0.002,512,768,0.6,0.2,151.11,87.75,63.36,38.03,False,0.0010002723311546,0.5001361655773421,3672,12240,1,7344,0.5,0.3,4.850963115692139,4.850523948669434,9.719133076324962,16,NVIDIA H100,20000000,10,200000000,60000000,0.3,889195069.4399998,2963983564.8,2963983564.8,620.3074061870575,0.0098039215686274,0.1,0.01,0.1228666666666666,0.2450666666666666,0.0047393364928909,0.0212765957446808,0.0735185185185185,0.01,0.0099009900990099,0.01187648456057,0.001,0.0010021812179449,0.0133333333333333,0.0035,0.0024666666666666,0.3727144866385373,0.0974,0.0092602562722084,0.0098039215686274,0.027027027027027,0.0207665598290598,0.500213623046875,0.500823723228995,0.0223809523809523,0.0054719562243502,0.1,0.0010666274343932,0.0637676705593116,0.0010000000474974,0.0001999600135604,0.1570870971339355,1.37457422563361e-06,0.5,0.0,0.0916473343968391,0.0171189978718757,0.1903414279222488,0.4250938594341278
1512,4,0.9,0.999,16384,1e-08,0.002,512,768,0.6,0.2,151.11,87.75,63.36,38.03,False,0.001333605664488,0.6668028322440087,4896,12240,1,7344,0.6666666666666666,0.4,4.850944519042969,4.8505048751831055,9.703958290075166,16,NVIDIA H100,20000000,10,200000000,80000000,0.4,1185593425.9199998,2963983564.8,2963983564.8,611.7278249263763,0.0098039215686274,0.1,0.01,0.1237333333333333,0.158,0.0047393364928909,0.0212765957446808,0.1064814814814814,0.01,0.0099009900990099,0.004750593824228,0.001,0.0010021812179449,0.0013333333333333,0.0025,0.0056333333333333,0.220815752461322,0.0892,0.0093140949714654,0.0098039215686274,0.027027027027027,0.0395299145299145,0.499786376953125,0.500823723228995,0.0195238095238095,0.0048501430170376,0.1,0.0020413042278904,0.091579594345421,0.0010000000474974,0.0001999600135604,0.1162763466042154,0.0001680892926666,0.5,0.0,0.0769230797886848,0.0216368772089481,0.8096585869789124,0.5749061107635498
1512,5,0.9,0.999,16384,1e-08,0.002,512,768,0.6,0.2,151.11,87.75,63.36,38.03,False,0.0016669389978213,0.8334694989106755,6120,12240,1,7344,0.8333333333333334,0.5,4.850942134857178,4.850502014160156,9.703210861854304,16,NVIDIA H100,20000000,10,200000000,100000000,0.5,1481991782.4,2963983564.8,2963983564.8,618.5183730125427,0.0098039215686274,0.1136,0.0081,0.1314666666666666,0.1898666666666666,0.0047393364928909,0.0202127659574468,0.0811111111111111,0.0099465240641711,0.0096237623762376,0.0056215360253365,0.001,0.0010021812179449,0.0124,0.0015,0.0050333333333333,0.3727144866385373,0.1032,0.0093679336707225,0.0098039215686274,0.027027027027027,0.0199652777777777,0.499786376953125,0.4964305326743548,0.0215873015873015,0.0048501430170376,0.10175,0.0010390422421244,0.1618008604794099,0.0010000000474974,0.0001999600135604,0.1307293409166945,1.0419727461608515e-06,0.5,0.0,0.0887850448489189,0.0171189978718757,0.8096585869789124,0.5749061107635498
1512,6,0.9,0.999,16384,1e-08,0.002,512,768,0.6,0.2,151.11,87.75,63.36,38.03,False,0.002,1.0,7344,12240,1,7344,1.0,0.6,4.850943565368652,4.850504398345947,9.797411638147691,16,NVIDIA H100,20000000,10,200000000,120000000,0.6,1778390138.8799996,2963983564.8,2963983564.8,613.6416795253754,0.0095660010884924,0.1057999999999999,0.009,0.1205333333333333,0.1978,0.0050236966824644,0.026063829787234,0.0922222222222222,0.0113814616755793,0.0103366336633663,0.015439429928741,0.0009,0.0011986873391106,0.0129333333333333,0.0035,0.0094333333333333,0.2967651195499297,0.1141,0.0106600624528911,0.0100384646126902,0.0235926835926835,0.1792868589743589,0.619873046875,0.500823723228995,0.0201587301587301,0.0050988682999626,0.10125,0.0091858690255071,0.1791641057160418,0.0006999999750405,0.0002199520167778,0.1097189695550351,0.0,0.6615091588872951,0.0,0.1043285205960273,0.0192066803574562,0.7967865467071533,0.5829641819000244
1512,7,0.9,0.999,16384,1e-08,0.002,512,768,0.6,0.2,151.11,87.75,63.36,38.03,False,0.0017071067811865,0.8535533905932737,8568,12240,0,7344,1.0,0.7,4.85092830657959,4.85048770904541,9.703496827019585,16,NVIDIA H100,20000000,10,200000000,140000000,0.7,2074788495.36,2963983564.8,2963983564.8,633.44837641716,0.0098039215686274,0.1,0.01,0.1265333333333333,0.1997333333333333,0.0047393364928909,0.0234042553191489,0.1122222222222222,0.01,0.0099009900990099,0.0593824228028503,0.001,0.0010021812179449,0.0130666666666666,0.0025,0.0026666666666666,0.3150492264416315,0.0892,0.0109292559491762,0.0098039215686274,0.027027027027027,0.0207665598290598,0.499786376953125,0.500823723228995,0.0241269841269841,0.0052232309414251,0.1,0.0027033488423414,0.091579594345421,0.0010000000474974,0.0001999600135604,0.1197948031671685,0.0,0.5,0.0,0.0576923079788684,0.0199733693152666,0.8096585869789124,0.5749061107635498
1512,8,0.9,0.999,16384,1e-08,0.002,512,768,0.6,0.2,151.11,87.75,63.36,38.03,False,0.001,0.5,9792,12240,0,7344,1.0,0.8,4.850930213928223,4.850490570068359,9.703383227578955,16,NVIDIA H100,20000000,10,200000000,160000000,0.8,2371186851.84,2963983564.8,2963983564.8,630.6389598846436,0.0098039215686274,0.1001,0.0129,0.1294,0.1767333333333333,0.0047393364928909,0.0244680851063829,0.0957407407407407,0.0117557932263814,0.0099009900990099,0.0271575613618368,0.00086,0.0011004342785277,0.0030666666666666,0.009,0.0038,0.220815752461322,0.101,0.0086680305803811,0.0096678792180522,0.0239694239694239,0.0348557692307692,0.499786376953125,0.500823723228995,0.0266666666666666,0.0057206815072752,0.099125,0.0018849881383673,0.0613475722188076,0.0010000000474974,0.0001999600135604,0.1462138953942232,5.009384246488422e-06,0.5,0.0040298206731677,0.0852803736925125,0.0216368772089481,0.8096585869789124,0.5749061107635498
1512,9,0.9,0.999,16384,1e-08,0.002,512,768,0.6,0.2,151.11,87.75,63.36,38.03,False,0.0002928932188134,0.1464466094067262,11016,12240,0,7344,1.0,0.9,4.610869884490967,4.603596210479736,9.620441542731392,16,NVIDIA H100,20000000,10,200000000,180000000,0.9,2667585208.32,2963983564.8,2963983564.8,623.6547000408173,0.0171938525298711,0.1074,0.0128,0.1024,0.2126,0.0055450236966824,0.0218085106382978,0.1388888888888889,0.0068092691622103,0.0121584158415841,0.0262074425969912,0.00138,0.0009825306058283,0.0042666666666666,0.0115,0.0057666666666666,0.2264416315049226,0.1044,0.0086680305803811,0.0163359826491997,0.0302921660064517,0.0415998931623931,0.476165771484375,0.4991762767710049,0.0246031746031746,0.0049745056585001,0.122375,0.0022068153815032,0.1203518746158574,0.0009000000136438,9.996001608669758e-05,0.1758782201405152,0.0001659294708541,0.3888353281444729,0.0088700344786047,0.0965593755245208,0.029162747785449,0.6837685108184814,0.5844407677650452
1512,10,0.9,0.999,16384,1e-08,0.002,512,768,0.6,0.2,151.11,87.75,63.36,38.03,False,0.0,0.0,12240,12240,0,7344,1.0,1.0,4.5677103996276855,4.560040473937988,9.432931287615906,16,NVIDIA H100,20000000,10,200000000,200000000,1.0,2963983564.8,2963983564.8,2963983564.8,623.842779636383,0.0168989975959494,0.1152,0.013,0.1073333333333333,0.22,0.0045023696682464,0.0207446808510638,0.0903703703703703,0.0102406417112299,0.011089108910891,0.0218527315914489,0.00146,0.0010021812179449,0.0046666666666666,0.006,0.0047333333333333,0.180028129395218,0.1048,0.0077527726930117,0.0087125360253221,0.0267594867594867,0.0267761752136752,0.46929931640625,0.4991762767710049,0.0285714285714285,0.0050988682999626,0.129875,0.0023907166632951,0.1053318992009834,0.0021000000415369,0.0005199520091991,0.1777294524367124,0.0009023045933827,0.4355585863098737,0.0,0.0946261659264564,0.0315145812928676,0.6331933736801147,0.5723748207092285
1513,1,0.9,0.999,16384,1e-08,0.001,768,768,0.2,0.2,211.11,87.75,123.36,85.35,False,0.000500408496732,0.5004084967320263,1224,12240,1,2448,0.5,0.1,2.4071156978607178,2.39844822883606,7.809007513756845,16,NVIDIA H100,20000000,10,200000000,20000000,0.1,443594833.92,4435948339.2,4435948339.2,668.4971599578857,0.178737074763776,0.3296,0.1245,0.1149333333333333,0.2183333333333333,0.0124644549763033,0.0409574468085106,0.1733333333333333,0.0133868092691622,0.0538613861386138,0.0478226444972288,0.02988,0.0106113305429464,0.0144,0.101,0.0565333333333333,0.2812939521800281,0.063,0.029126736298051,0.0560961737974797,0.0825894354465783,0.2334401709401709,0.634063720703125,0.4980779791323448,0.0680952380952381,0.0126849894291754,0.4325,0.0704617761185795,0.0893515673017824,0.0243999995291233,0.011718192603439,0.2704918032786885,0.0027991337781807,0.5442424812472076,0.0,0.2102803736925125,0.1878914386034011,0.7657476663589478,0.5588322281837463
1513,2,0.9,0.999,16384,1e-08,0.001,768,768,0.2,0.2,211.11,87.75,123.36,85.35,False,0.001,1.0,2448,12240,1,2448,1.0,0.2,1.2523213624954224,1.2352737188339231,6.02992334591797,16,NVIDIA H100,20000000,10,200000000,40000000,0.2,887189667.84,4435948339.2,4435948339.2,668.0157196521759,0.3916180253097354,0.3407,0.1647,0.1335333333333333,0.2036666666666666,0.0205687203791469,0.1164893617021276,0.2192592592592592,0.0140641711229946,0.1342970297029703,0.075771971496437,0.09922,0.0432116960443317,0.0206666666666666,0.1895,0.1324,0.3220815752461322,0.129,0.0655755356950576,0.1220322215054825,0.1546142094890254,0.429821047008547,0.571990966796875,0.4903898956617243,0.1128571428571428,0.0308419350827011,0.6515,0.1816668812181621,0.0777888752304855,0.0839000009000301,0.0516928024590015,0.3058994089439054,0.0028871001215395,0.57992569426482,0.0,0.3095794320106506,0.3903966546058655,0.7562534213066101,0.5854111313819885
1513,3,0.9,0.999,16384,1e-08,0.001,768,768,0.2,0.2,211.11,87.75,123.36,85.35,False,0.0009619397662556,0.9619397662556434,3672,12240,0,2448,1.0,0.3,4.850864410400391,4.850424289703369,4.98793622948765,16,NVIDIA H100,20000000,10,200000000,60000000,0.3,1330784501.76,4435948339.2,4435948339.2,674.642617225647,0.0112284229931288,0.1,0.01,0.1283333333333333,0.1997333333333333,0.0047393364928909,0.0212765957446808,0.0933333333333333,0.01,0.0099009900990099,0.01187648456057,0.001,0.0009825306058283,0.0037333333333333,0.0025,0.0034666666666666,0.220815752461322,0.1032,0.0075912565952406,0.0108734402852049,0.027027027027027,0.10289797008547,0.499786376953125,0.500823723228995,0.0236507936507936,0.0053475935828877,0.1,0.0010298471780348,0.1593807621389059,0.0010000000474974,0.0001999600135604,0.1491357198617151,0.000914756010458,0.5,0.0,0.0397196263074874,0.0239043831825256,0.8096585869789124,0.5749061107635498
1513,4,0.9,0.999,16384,1e-08,0.001,768,768,0.2,0.2,211.11,87.75,123.36,85.35,False,0.0008535533905932,0.8535533905932737,4896,12240,0,2448,1.0,0.4,4.8509440422058105,4.850503921508789,9.705596730599996,16,NVIDIA H100,20000000,10,200000000,80000000,0.4,1774379335.68,4435948339.2,4435948339.2,672.4450931549072,0.0098039215686274,0.1,0.01,0.1283333333333333,0.2254,0.004691943127962,0.0212765957446808,0.1064814814814814,0.01,0.0099009900990099,0.0213776722090261,0.001,0.0010021812179449,0.0016,0.0025,0.0088333333333333,0.3150492264416315,0.1077,0.0058145795197588,0.0098039215686274,0.027027027027027,0.024639423076923,0.500213623046875,0.500823723228995,0.0239682539682539,0.0054719562243502,0.1,0.0013516744211707,0.0623463429625076,0.0010000000474974,0.0001999600135604,0.1485167837626853,3.4252831567409573e-05,0.5,0.0,0.0735981315374374,0.0194029845297336,0.8096585869789124,0.5749061107635498
1513,5,0.9,0.999,16384,1e-08,0.001,768,768,0.2,0.2,211.11,87.75,123.36,85.35,False,0.0006913417161825,0.6913417161825449,6120,12240,0,2448,1.0,0.5,4.850940227508545,4.850499629974365,9.704007853090374,16,NVIDIA H100,20000000,10,200000000,100000000,0.5,2217974169.6,4435948339.2,4435948339.2,676.9309554100037,0.0098039215686274,0.1,0.01,0.1283333333333333,0.2254,0.0047393364928909,0.0212765957446808,0.1064814814814814,0.01,0.0099009900990099,0.0213776722090261,0.001,0.0010021812179449,0.0016,0.0025,0.0062,0.0914205344585091,0.0974,0.0077527726930117,0.0098039215686274,0.027027027027027,0.024639423076923,0.500213623046875,0.500823723228995,0.0207936507936507,0.0052232309414251,0.1,0.0013516744211707,0.0637676705593116,0.0010000000474974,0.0001999600135604,0.1362161257945801,6.8709444250531135e-06,0.5,0.0,0.0759345814585685,0.0194029845297336,0.8096585869789124,0.5749061107635498
1513,6,0.9,0.999,16384,1e-08,0.001,768,768,0.2,0.2,211.11,87.75,123.36,85.35,False,0.0005,0.5,7344,12240,0,2448,1.0,0.6,4.850943088531494,4.850502967834473,9.713027178072462,16,NVIDIA H100,20000000,10,200000000,120000000,0.6,2661569003.52,4435948339.2,4435948339.2,675.0529301166534,0.0098039215686274,0.1,0.01,0.1294,0.2254,0.0047393364928909,0.0212765957446808,0.0735185185185185,0.01,0.0099009900990099,0.01187648456057,0.001,0.0010021812179449,0.0041333333333333,0.0025,0.0027,0.220815752461322,0.098,0.0074835791967266,0.0093632958801498,0.027027027027027,0.0262419871794871,0.500213623046875,0.4991762767710049,0.0241269841269841,0.0036065166024126,0.1,0.0011309928830203,0.0669944683466502,0.0010000000474974,0.0001999600135604,0.1208152113304338,0.0,0.5,0.0,0.0455049946904182,0.0087313819676637,0.8096585869789124,0.5749061107635498
1513,7,0.9,0.999,16384,1e-08,0.001,768,768,0.2,0.2,211.11,87.75,123.36,85.35,False,0.0003086582838174,0.3086582838174551,8568,12240,0,2448,1.0,0.7,4.850940227508545,4.850499153137207,9.70344023299373,16,NVIDIA H100,20000000,10,200000000,140000000,0.7,3105163837.44,4435948339.2,4435948339.2,681.9206118583679,0.0098039215686274,0.1006999999999999,0.01,0.1228666666666666,0.1966666666666666,0.0053080568720379,0.0186170212765957,0.0862962962962963,0.0097504456327985,0.0098613861386138,0.0144101346001583,0.001,0.0009628799937118,0.0025333333333333,0.0045,0.0026,0.3150492264416315,0.1032,0.0089372240766663,0.0098039215686274,0.0256784056784056,0.0434027777777777,0.506683349609375,0.4881933003844041,0.0301587301587301,0.0046014177341126,0.1,0.0013700645493499,0.1593807621389059,0.0010000000474974,0.0001999600135604,0.1307293409166945,5.085417210170631e-05,0.5182002022244692,0.0,0.0654827952384948,0.0217118989676237,0.8096585869789124,0.5749061107635498
1513,8,0.9,0.999,16384,1e-08,0.001,768,768,0.2,0.2,211.11,87.75,123.36,85.35,False,0.0001464466094067,0.1464466094067262,9792,12240,0,2448,1.0,0.8,4.8502397537231445,4.849769592285156,9.703118757484786,16,NVIDIA H100,20000000,10,200000000,160000000,0.8,3548758671.36,4435948339.2,4435948339.2,681.5707380771637,0.0089636838226685,0.1041999999999999,0.0104,0.1251333333333333,0.1997333333333333,0.0048815165876777,0.0191489361702127,0.1227777777777777,0.0097237076648841,0.0102970297029702,0.0282660332541567,0.001,0.0010021812179449,0.0050666666666666,0.0095,0.0081333333333333,0.220815752461322,0.1012,0.0152901905889953,0.0093632958801498,0.0264864864864864,0.0198317307692307,0.503753662109375,0.500823723228995,0.0355555555555555,0.0048501430170376,0.102125,0.0015447707670522,0.0635371850030731,0.0015000000712461,0.0001999600135604,0.1300657968105274,0.0,0.5077480189056364,0.0082611320540308,0.0957943946123123,0.0212943628430366,0.2610005438327789,0.4315065741539001
1513,9,0.9,0.999,16384,1e-08,0.001,768,768,0.2,0.2,211.11,87.75,123.36,85.35,False,3.806023374435663e-05,0.0380602337443566,11016,12240,0,2448,1.0,0.9,4.456451892852783,4.446256160736084,9.429527966804754,16,NVIDIA H100,20000000,10,200000000,180000000,0.9,3992353505.28,4435948339.2,4435948339.2,684.2719769477844,0.0190189987225981,0.1203,0.0208,0.1587333333333333,0.1695333333333333,0.0042180094786729,0.027127659574468,0.1094444444444444,0.0101960784313725,0.0118019801980198,0.0178147268408551,0.00176,0.001041482442178,0.0042666666666666,0.004,0.0051333333333333,0.3094233473980309,0.1044,0.0092602562722084,0.0090241955338288,0.0312341301001094,0.0721153846153846,0.53399658203125,0.500823723228995,0.018095238095238,0.0047257803755751,0.133125,0.0047998234547694,0.0916180086047941,0.0016000000759959,0.0002399440199951,0.1709378833500613,0.0009305547431259,0.5506619324194042,0.0,0.0642523393034935,0.0398406386375427,0.6702574491500854,0.5643589496612549
1513,10,0.9,0.999,16384,1e-08,0.001,768,768,0.2,0.2,211.11,87.75,123.36,85.35,False,0.0,0.0,12240,12240,0,2448,1.0,1.0,4.431786060333252,4.421258926391602,9.28278405526105,16,NVIDIA H100,20000000,10,200000000,200000000,1.0,4435948339.2,4435948339.2,4435948339.2,686.8495893478394,0.0186640421934539,0.101,0.021,0.1579333333333333,0.1892,0.0047867298578199,0.0218085106382978,0.1116666666666666,0.0105169340463458,0.011009900990099,0.0222486144101346,0.0015,0.0011593861148774,0.0042666666666666,0.0045,0.0052,0.140646976090014,0.0659,0.0081834822870679,0.009617647561966,0.0357343707343707,0.0535523504273504,0.546844482421875,0.500823723228995,0.0157142857142857,0.0057206815072752,0.133375,0.0055262335178476,0.11389827904118,0.0014000000373926,0.0002199520167778,0.1637671462027433,0.0004822352955135,0.677628330237261,0.0,0.0689252316951751,0.034925527870655,0.6167610287666321,0.5517023205757141
1514,1,0.9,0.999,16384,1e-08,0.001,768,768,0.4,0.2,211.11,87.75,123.36,85.35,False,0.000250204248366,0.2502042483660131,1224,12240,1,4896,0.25,0.1,2.440016031265259,2.4254868030548096,8.004533059456769,16,NVIDIA H100,20000000,10,200000000,20000000,0.1,443594833.92,4435948339.2,4435948339.2,668.7917757034302,0.1692028834086798,0.2789,0.1211999999999999,0.1264666666666666,0.1760666666666666,0.0127014218009478,0.0425531914893617,0.1737037037037037,0.0136274509803921,0.0614257425742574,0.078701504354711,0.02878,0.0086266187191731,0.0145333333333333,0.101,0.0520333333333333,0.3445850914205344,0.104,0.0280499623129105,0.0514653657410146,0.0682911222205624,0.2366452991452991,0.582794189453125,0.5013728720483251,0.0636507936507936,0.0134311652779505,0.403625,0.0674825753535502,0.1124769514443761,0.025000000372529,0.0124381044879555,0.2624623619939779,0.0048355754288755,0.5163660733181273,0.0,0.1682243049144745,0.172025054693222,0.8007120490074158,0.5708138346672058
1514,2,0.9,0.999,16384,1e-08,0.001,768,768,0.4,0.2,211.11,87.75,123.36,85.35,False,0.000500204248366,0.5002042483660131,2448,12240,1,4896,0.5,0.2,4.850796699523926,4.850360870361328,6.071165827754276,16,NVIDIA H100,20000000,10,200000000,40000000,0.2,887189667.84,4435948339.2,4435948339.2,667.9894907474518,0.0098039215686274,0.1,0.01,0.1251333333333333,0.2450666666666666,0.004691943127962,0.0212765957446808,0.0916666666666666,0.01,0.0099009900990099,0.0076801266825019,0.001,0.0010021812179449,0.0032,0.0035,0.0045666666666666,0.3150492264416315,0.0982,0.008344998384839,0.0099400871459694,0.027027027027027,0.0206997863247863,0.500213623046875,0.4991762767710049,0.0209523809523809,0.0055963188658127,0.113,0.0074847821689317,0.096919176398279,0.0010000000474974,0.0001999600135604,0.1447920151667224,0.0,0.5,0.0,0.0928074270486831,0.023518344387412,0.6409530639648438,0.5435599088668823
1514,3,0.9,0.999,16384,1e-08,0.001,768,768,0.4,0.2,211.11,87.75,123.36,85.35,False,0.000750204248366,0.7502042483660131,3672,12240,1,4896,0.75,0.3,4.091936111450195,4.078888893127441,9.405536374235464,16,NVIDIA H100,20000000,10,200000000,60000000,0.3,1330784501.76,4435948339.2,4435948339.2,672.317066192627,0.0332745507506626,0.196,0.0333,0.1353333333333333,0.1752666666666666,0.0077251184834123,0.0292553191489361,0.1788888888888888,0.0111497326203208,0.015049504950495,0.0349960411718131,0.00446,0.0015720489693253,0.006,0.0135,0.0125,0.150492264416315,0.0828,0.0096909658662646,0.0123952226028414,0.0341535127691239,0.0719150641025641,0.38067626953125,0.500823723228995,0.0228571428571428,0.0072130332048252,0.173625,0.0104547878698714,0.0844345421020282,0.0041000000201165,0.0005197920836508,0.2121054979368797,0.0005101833572149,0.3257812683706821,0.0,0.0957943946123123,0.0538622140884399,0.805641770362854,0.5768468379974365
1514,4,0.9,0.999,16384,1e-08,0.001,768,768,0.4,0.2,211.11,87.75,123.36,85.35,False,0.001,1.0,4896,12240,1,4896,1.0,0.4,1.5616443157196045,1.5491197109222412,7.431839899689543,16,NVIDIA H100,20000000,10,200000000,80000000,0.4,1774379335.68,4435948339.2,4435948339.2,676.824460029602,0.3273028568416981,0.2833,0.1669,0.1474666666666666,0.222,0.0177725118483412,0.0787234042553191,0.1485185185185185,0.0113279857397504,0.1065742574257425,0.0517814726840855,0.06958,0.0231877222975495,0.0181333333333333,0.163,0.0964,0.3488045007032349,0.1252,0.0533541509637127,0.0908054102504383,0.1251511093525953,0.3701923076923077,0.571807861328125,0.4920373421197144,0.093015873015873,0.0232558139534883,0.59625,0.1357559262188057,0.0698755377996312,0.0538999997079372,0.0329556968063116,0.2902196944351511,0.0030313463571918,0.5459943094974957,0.0,0.2698598206043243,0.3277661800384521,0.8004382252693176,0.5727123022079468
1514,5,0.9,0.999,16384,1e-08,0.001,768,768,0.4,0.2,211.11,87.75,123.36,85.35,False,0.0009330127018922,0.9330127018922192,6120,12240,0,4896,1.0,0.5,0.9923102259635924,0.9851324558258056,5.609404804270252,16,NVIDIA H100,20000000,10,200000000,100000000,0.5,2217974169.6,4435948339.2,4435948339.2,679.0650396347046,0.4503496486057481,0.5079,0.2186,0.1520666666666666,0.2346,0.0242180094786729,0.1361702127659574,0.2529629629629629,0.0152139037433155,0.1731485148514851,0.0736342042755344,0.13536,0.0656526950814517,0.0221333333333333,0.248,0.1687666666666666,0.3375527426160337,0.0935,0.0859804027134704,0.1376475884413655,0.2060071306315783,0.4888488247863248,0.55035400390625,0.500823723228995,0.1212698412698412,0.0512374082825519,0.704625,0.2218493112896997,0.066379840196681,0.1221000030636787,0.0654107555747032,0.2907438385190142,0.0066600514282433,0.5104639405554119,0.0,0.3539719581604004,0.4526095986366272,0.8032681941986084,0.5782390236854553
1514,6,0.9,0.999,16384,1e-08,0.001,768,768,0.4,0.2,211.11,87.75,123.36,85.35,False,0.00075,0.75,7344,12240,0,4896,1.0,0.6,4.526898384094238,4.522121429443359,5.338457041706135,16,NVIDIA H100,20000000,10,200000000,120000000,0.6,2661569003.52,4435948339.2,4435948339.2,677.6520421504974,0.0120867598376248,0.1186999999999999,0.0173,0.1314666666666666,0.0895333333333333,0.0055924170616113,0.0180851063829787,0.1435185185185185,0.0138680926916221,0.0129504950495049,0.0542359461599366,0.00176,0.001179036726994,0.0032,0.0035,0.0063666666666666,0.1870604781997187,0.1063,0.012598255626144,0.0066623451454912,0.0220132377275234,0.0693776709401709,0.390960693359375,0.4991762767710049,0.0211111111111111,0.0062181320731252,0.128125,0.0079905106938595,0.1228872157344806,0.0007999999797903,0.0002799280264298,0.1725604996096799,0.0025830891018052,0.2983751499047664,0.0,0.0724299028515815,0.029162747785449,0.728774905204773,0.6062101721763611
1514,7,0.9,0.999,16384,1e-08,0.001,768,768,0.4,0.2,211.11,87.75,123.36,85.35,False,0.0005,0.5,8568,12240,0,4896,1.0,0.7,3.669624328613281,3.655586957931519,8.973489027007732,16,NVIDIA H100,20000000,10,200000000,140000000,0.7,3105163837.44,4435948339.2,4435948339.2,684.2619340419769,0.0635552167073831,0.229,0.0762999999999999,0.1407333333333333,0.1107333333333333,0.0112796208530805,0.0361702127659574,0.1959259259259259,0.0119073083778966,0.0371485148514851,0.0363420427553444,0.0092,0.0012969403996934,0.0088,0.042,0.0263666666666666,0.3234880450070324,0.0935,0.0159900936793367,0.0440759205736647,0.0597706797706797,0.1423611111111111,0.500518798828125,0.4925864909390445,0.07,0.0105708245243128,0.22,0.0286794048954521,0.0835510141364474,0.0091999999713152,0.0036595361307263,0.1979703356752537,0.0015934824124356,0.500094057892633,0.0,0.0852803736925125,0.0584551133215427,0.8050940036773682,0.579926609992981
1514,8,0.9,0.999,16384,1e-08,0.001,768,768,0.4,0.2,211.11,87.75,123.36,85.35,False,0.0002499999999999,0.2499999999999999,9792,12240,0,4896,1.0,0.8,0.5766696333885193,0.5769338011741638,4.688156993950114,16,NVIDIA H100,20000000,10,200000000,160000000,0.8,3548758671.36,4435948339.2,4435948339.2,686.0486011505127,0.6007663963745359,0.6050000000000001,0.3327000000000001,0.1322666666666666,0.2156,0.0332701421800947,0.175,0.3301851851851852,0.0172816399286987,0.2812277227722772,0.0812351543942992,0.2166,0.1280237379394368,0.0285333333333333,0.3295,0.2663333333333333,0.2742616033755274,0.0972,0.1246904274792721,0.2119063781741651,0.3274533649261852,0.4551282051282051,0.532073974609375,0.500823723228995,0.2003174603174603,0.1331923890063425,0.783625,0.3160159626312595,0.0645743700061462,0.2046000063419342,0.1145026348531246,0.3405431024868964,0.0119126765992654,0.5479342535330496,0.0,0.3925233781337738,0.5731894969940186,0.8038159608840942,0.5880690217018127
1514,9,0.9,0.999,16384,1e-08,0.001,768,768,0.4,0.2,211.11,87.75,123.36,85.35,False,6.698729810778076e-05,0.0669872981077807,11016,12240,0,4896,1.0,0.9,0.4658892750740051,0.4611287117004394,2.902884916542402,16,NVIDIA H100,20000000,10,200000000,180000000,0.9,3992353505.28,4435948339.2,4435948339.2,686.5117564201355,0.6427397786679256,0.6863,0.3964999999999999,0.1608666666666666,0.2250666666666666,0.0379620853080568,0.1994680851063829,0.3353703703703704,0.0232174688057041,0.3366336633663366,0.1220110847189232,0.25502,0.1513686651339189,0.0344,0.3705,0.2989,0.2081575246132208,0.0974,0.1454183266932271,0.2530988957380561,0.3849252551806703,0.5271768162393162,0.542999267578125,0.4986271279516749,0.2195238095238095,0.1833105335157318,0.810625,0.3535318241168141,0.0679548248309772,0.2423000037670135,0.1443987227976322,0.3384353741496598,0.0131482335123261,0.5427728266748183,0.0,0.4042056202888489,0.6033402681350708,0.7940478324890137,0.6103025078773499
1514,10,0.9,0.999,16384,1e-08,0.001,768,768,0.4,0.2,211.11,87.75,123.36,85.35,False,0.0,0.0,12240,12240,0,4896,1.0,1.0,0.4482254087924957,0.4428134858608246,2.500052464553733,16,NVIDIA H100,20000000,10,200000000,200000000,1.0,4435948339.2,4435948339.2,4435948339.2,688.4006345272064,0.662720274804708,0.6948000000000001,0.4143,0.1910666666666666,0.2246666666666666,0.0407109004739336,0.201595744680851,0.3329629629629629,0.0259001782531194,0.3497425742574257,0.1053840063341251,0.26128,0.1580695238656684,0.0341333333333333,0.359,0.3087666666666667,0.2419127988748242,0.0974,0.1503714870248735,0.2612989631211848,0.397993351482372,0.5372596153846154,0.553924560546875,0.4947830862163646,0.2252380952380952,0.1987315010570824,0.815625,0.3617614064770031,0.0696450522433927,0.2515999972820282,0.1489980407059192,0.3278967324634773,0.0121561726043995,0.5382933195381757,0.0,0.4018691480159759,0.6083507537841797,0.7967865467071533,0.6229169368743896
1515,1,0.9,0.999,16384,1e-08,0.001,768,768,0.6,0.2,211.11,87.75,123.36,85.35,False,0.000166802832244,0.1668028322440087,1224,12240,1,7344,0.1666666666666666,0.1,2.3158986568450928,2.301387071609497,8.102567705843184,16,NVIDIA H100,20000000,10,200000000,20000000,0.1,443594833.92,4435948339.2,4435948339.2,669.1599290370941,0.1722185796930208,0.2537,0.1092,0.0878,0.2442666666666666,0.0133649289099526,0.0388297872340425,0.1748148148148148,0.0150891265597147,0.0635643564356435,0.0566112430720506,0.0308,0.0098646072825168,0.0132,0.102,0.0555333333333333,0.2770745428973277,0.0875,0.0305803811779907,0.0500491671218497,0.0677494581515696,0.2491319444444444,0.559326171875,0.5074135090609555,0.0701587301587301,0.0134311652779505,0.430875,0.0766592493149677,0.1076751690227412,0.0279999999329447,0.0146379047073423,0.2605553696888591,0.0026269744421576,0.51633080160839,0.0,0.1764018684625625,0.1620041728019714,0.8055504560470581,0.5706028938293457
1515,2,0.9,0.999,16384,1e-08,0.001,768,768,0.6,0.2,211.11,87.75,123.36,85.35,False,0.0003334694989106,0.3334694989106753,2448,12240,1,7344,0.3333333333333333,0.2,1.6417573690414429,1.625293850898743,6.327007361486847,16,NVIDIA H100,20000000,10,200000000,40000000,0.2,887189667.84,4435948339.2,4435948339.2,668.4985499382019,0.28047095911055,0.3178,0.1431,0.1477333333333333,0.2149333333333333,0.0160189573459715,0.0861702127659574,0.1187037037037037,0.0141443850267379,0.1003960396039604,0.0653206650831353,0.0642,0.0209672031283774,0.0169333333333333,0.142,0.0916333333333333,0.3783403656821378,0.1788,0.0533003122644556,0.0727092495614929,0.1251658526787186,0.3422809829059829,0.576934814453125,0.500823723228995,0.092063492063492,0.0146747916925755,0.54775,0.1342479357081119,0.0878534111862323,0.0538999997079372,0.0294359065592288,0.2547507527601205,0.0040995770590614,0.5622898393961483,0.0,0.25,0.2751565873622894,0.743016242980957,0.5552883744239807
1515,3,0.9,0.999,16384,1e-08,0.001,768,768,0.6,0.2,211.11,87.75,123.36,85.35,False,0.0005001361655773,0.5001361655773421,3672,12240,1,7344,0.5,0.3,4.8509368896484375,4.850497245788574,6.4473551979251935,16,NVIDIA H100,20000000,10,200000000,60000000,0.3,1330784501.76,4435948339.2,4435948339.2,673.362930059433,0.0098039215686274,0.1,0.01,0.1251333333333333,0.158,0.0047393364928909,0.0212765957446808,0.0927777777777777,0.01,0.0099009900990099,0.007125890736342,0.00092,0.0008646269331289,0.0029333333333333,0.0055,0.0027,0.3150492264416315,0.101,0.0099601593625498,0.0098039215686274,0.027027027027027,0.0917467948717948,0.499786376953125,0.4991762767710049,0.0223809523809523,0.0052232309414251,0.1,0.0020137190356216,0.1107098955132145,0.0010000000474974,0.0001999600135604,0.1497992639678822,2.745491559672573e-05,0.5,0.0,0.1425233632326126,0.0212943628430366,0.8096585869789124,0.5749061107635498
1515,4,0.9,0.999,16384,1e-08,0.001,768,768,0.6,0.2,211.11,87.75,123.36,85.35,False,0.000666802832244,0.6668028322440087,4896,12240,1,7344,0.6666666666666666,0.4,4.63809061050415,4.63507890701294,9.692802027939193,16,NVIDIA H100,20000000,10,200000000,80000000,0.4,1774379335.68,4435948339.2,4435948339.2,674.6977524757385,0.0115268373568789,0.118,0.0195,0.0754666666666666,0.2181333333333333,0.0049763033175355,0.0170212765957446,0.1129629629629629,0.009090909090909,0.0132277227722772,0.0153602533650039,0.00158,0.0010611330542946,0.0076,0.012,0.0054,0.2165963431786216,0.1051,0.0079681274900398,0.0069808127759551,0.0343379743379743,0.0373263888888888,0.479949951171875,0.4991762767710049,0.0192063492063492,0.0058450441487377,0.094625,0.001526380638873,0.0804778733866011,0.0006000000284984,0.0002799680078169,0.1711888033902085,0.0004379997341059,0.4990123921273544,0.0,0.1021087691187858,0.0319849476218223,0.7494978904724121,0.5924144387245178
1515,5,0.9,0.999,16384,1e-08,0.001,768,768,0.6,0.2,211.11,87.75,123.36,85.35,False,0.0008334694989106,0.8334694989106755,6120,12240,1,7344,0.8333333333333334,0.5,3.7752604484558105,3.760181188583374,9.165054061054404,16,NVIDIA H100,20000000,10,200000000,100000000,0.5,2217974169.6,4435948339.2,4435948339.2,680.0318925380707,0.0542579480668145,0.2069,0.0456,0.1357333333333333,0.2161333333333333,0.0082938388625592,0.0345744680851063,0.2011111111111111,0.0090374331550802,0.0241584158415841,0.018368962787015,0.00674,0.0012379885633437,0.0070666666666666,0.0275,0.0152666666666666,0.2827004219409282,0.1009,0.014590287498654,0.0187690939026472,0.0447215187504112,0.1924412393162393,0.513092041015625,0.500823723228995,0.0439682539682539,0.0055963188658127,0.242625,0.0158339003622855,0.0737937922556853,0.0061000001151114,0.0010197921073995,0.2609456897513104,7.122908766641619e-05,0.5002704164413196,0.0,0.1153846159577369,0.0780793353915214,0.7788935303688049,0.5702653527259827
1515,6,0.9,0.999,16384,1e-08,0.001,768,768,0.6,0.2,211.11,87.75,123.36,85.35,False,0.001,1.0,7344,12240,1,7344,1.0,0.6,2.066704511642456,2.0481374263763428,7.684152733656316,16,NVIDIA H100,20000000,10,200000000,120000000,0.6,2661569003.52,4435948339.2,4435948339.2,678.3711552619934,0.1981597813234971,0.2561,0.1099,0.123,0.2326666666666666,0.0128436018957345,0.0744680851063829,0.1135185185185185,0.0092959001782531,0.0634059405940594,0.0859857482185273,0.037,0.0125174399182534,0.0136,0.1165,0.0464666666666666,0.3445850914205344,0.0958,0.0339183805319263,0.0462215222647319,0.070483828510338,0.367855235042735,0.499603271484375,0.4953322350356947,0.0688888888888888,0.015794055465738,0.419,0.0838313993048531,0.0648816840811309,0.0263000009581446,0.0156377842649817,0.2927456228392996,0.0007011418981629,0.4991652362028829,0.0,0.2418224364519119,0.2288100272417068,0.7695819139480591,0.5864658355712891
1515,7,0.9,0.999,16384,1e-08,0.001,768,768,0.6,0.2,211.11,87.75,123.36,85.35,False,0.0008535533905932,0.8535533905932737,8568,12240,0,7344,1.0,0.7,1.4034379720687866,1.3938121795654297,6.74815876616372,16,NVIDIA H100,20000000,10,200000000,140000000,0.7,3105163837.44,4435948339.2,4435948339.2,684.9868688583374,0.3223872390163794,0.2989,0.16,0.1143333333333333,0.245,0.0179146919431279,0.1026595744680851,0.1274074074074074,0.017361853832442,0.1045940594059405,0.0722882026920031,0.07824,0.0291418577688695,0.0193333333333333,0.1665,0.0913,0.3741209563994374,0.0981,0.054000215354797,0.0758453365323098,0.0983530142776225,0.4100560897435897,0.507293701171875,0.5019220208676551,0.0888888888888888,0.0257430667827384,0.609625,0.1555437041396178,0.0680316533497234,0.0655999984592199,0.0350548177957534,0.3135441061670569,0.0038812107899211,0.4900298633809109,0.0,0.2920560836791992,0.3465553224086761,0.7515063285827637,0.5722060203552246
1515,8,0.9,0.999,16384,1e-08,0.001,768,768,0.6,0.2,211.11,87.75,123.36,85.35,False,0.0005,0.5,9792,12240,0,7344,1.0,0.8,0.9551594257354736,0.9438787698745728,4.978004748135611,16,NVIDIA H100,20000000,10,200000000,160000000,0.8,3548758671.36,4435948339.2,4435948339.2,686.5951850414276,0.4572156625722229,0.5086,0.2275,0.1497333333333333,0.2287333333333333,0.0253554502369668,0.1372340425531915,0.257037037037037,0.0174331550802139,0.1813861386138613,0.1115597783056215,0.13724,0.0604059816463282,0.0193333333333333,0.218,0.1598333333333333,0.2855133614627285,0.1109,0.0936254980079681,0.1160146339591694,0.1660395736030757,0.4556623931623931,0.50823974609375,0.4947830862163646,0.1322222222222222,0.0635493097873398,0.695625,0.2307869135847876,0.0696450522433927,0.110199999064207,0.0704299099743366,0.3195215791234526,0.003352800539509,0.5017283137771298,0.0,0.3376168310642242,0.4843423664569855,0.7651998996734619,0.5745264291763306
1515,9,0.9,0.999,16384,1e-08,0.001,768,768,0.6,0.2,211.11,87.75,123.36,85.35,False,0.0001464466094067,0.1464466094067262,11016,12240,0,7344,1.0,0.9,0.7112337350845337,0.7064316272735596,3.930896044946184,16,NVIDIA H100,20000000,10,200000000,180000000,0.9,3992353505.28,4435948339.2,4435948339.2,686.3260805606842,0.5407052963247242,0.5893,0.3143,0.165,0.2301333333333333,0.0318009478672985,0.149468085106383,0.2057407407407407,0.0169073083778966,0.2381386138613861,0.1159144893111639,0.17874,0.0880150916701055,0.0290666666666666,0.2715,0.2102333333333333,0.2630098452883263,0.1355,0.1185528157639711,0.166751004456299,0.2443706694599448,0.4489182692307692,0.51287841796875,0.4986271279516749,0.159047619047619,0.0996144758114662,0.758625,0.2787299777479449,0.0627688998156115,0.1625000014901161,0.093306515365839,0.3234861157577785,0.0070468822176537,0.5034566275542597,0.0,0.3983644843101501,0.5344467759132385,0.7830929160118103,0.6253216862678528
1515,10,0.9,0.999,16384,1e-08,0.001,768,768,0.6,0.2,211.11,87.75,123.36,85.35,False,0.0,0.0,12240,12240,0,7344,1.0,1.0,0.653277575969696,0.6489086151123047,3.360088983392404,16,NVIDIA H100,20000000,10,200000000,200000000,1.0,4435948339.2,4435948339.2,4435948339.2,688.8575613498688,0.5611156993308575,0.5997,0.3458,0.1403333333333333,0.2297333333333333,0.0339336492890995,0.1558510638297872,0.2051851851851852,0.0202852049910873,0.2542574257425742,0.1216152019002375,0.19588,0.0965434573286957,0.0290666666666666,0.2805,0.2254333333333333,0.2447257383966244,0.1408,0.1216216216216216,0.1825087548402591,0.2707481766810588,0.4604033119658119,0.510162353515625,0.4964305326743548,0.173015873015873,0.1196368610869294,0.762125,0.2934420802912996,0.0620006146281499,0.1733999997377395,0.1017050370573997,0.3288502286160366,0.0090778358628657,0.5049615538363863,0.0,0.3936915993690491,0.5419624447822571,0.7793499827384949,0.6480192542076111
1516,1,0.9,0.999,16384,1e-08,0.002,768,768,0.2,0.2,211.11,87.75,123.36,85.35,False,0.001000816993464,0.5004084967320263,1224,12240,1,2448,0.5,0.1,2.647135019302368,2.632863759994507,7.869727665692373,16,NVIDIA H100,20000000,10,200000000,20000000,0.1,443594833.92,4435948339.2,4435948339.2,669.5521755218506,0.1726856069635142,0.3204,0.1136,0.1050666666666666,0.1921333333333333,0.0117061611374407,0.0531914893617021,0.1294444444444444,0.0116844919786096,0.0557227722772277,0.0638954869358669,0.02882,0.0057772799622708,0.0133333333333333,0.0915,0.0585,0.3895921237693389,0.1009,0.0309034133735328,0.0461536109332458,0.061710602594255,0.2960737179487179,0.4971923828125,0.5019220208676551,0.0565079365079365,0.015047879616963,0.4645,0.0672986740717582,0.0860479409956976,0.0282000005245208,0.0134980012662708,0.2270993643358983,0.0012175932317212,0.4959790250899428,0.0,0.1647196263074875,0.1763875782489776,0.8044549822807312,0.5795468688011169
1516,2,0.9,0.999,16384,1e-08,0.002,768,768,0.2,0.2,211.11,87.75,123.36,85.35,False,0.002,1.0,2448,12240,1,2448,1.0,0.2,4.779757499694824,4.781254291534424,7.2206693163105085,16,NVIDIA H100,20000000,10,200000000,40000000,0.2,887189667.84,4435948339.2,4435948339.2,669.8203930854797,0.013104489859708,0.1229,0.0168,0.1234666666666666,0.2254,0.0057345971563981,0.0127659574468085,0.0898148148148148,0.0093672014260249,0.0122772277227722,0.0231987331749802,0.00114,0.0011200848906443,0.0049333333333333,0.005,0.0042,0.180028129395218,0.1032,0.0106600624528911,0.0034650119135559,0.0305405405405405,0.1245993589743589,0.492156982421875,0.4991762767710049,0.0196825396825396,0.0053475935828877,0.12925,0.002188425253324,0.1646435156730178,0.0011999999987892,0.0002199919981649,0.1643637782982045,0.0008433867222875,0.6260846050744233,0.0,0.0747663527727127,0.0268109124153852,0.5570567846298218,0.5223389267921448
1516,3,0.9,0.999,16384,1e-08,0.002,768,768,0.2,0.2,211.11,87.75,123.36,85.35,False,0.0019238795325112,0.9619397662556434,3672,12240,0,2448,1.0,0.3,3.969585418701172,3.947700023651123,9.329814346008051,16,NVIDIA H100,20000000,10,200000000,60000000,0.3,1330784501.76,4435948339.2,4435948339.2,673.2847111225128,0.0476664631464545,0.2039,0.0359,0.1175333333333333,0.1174666666666666,0.0080568720379146,0.0324468085106382,0.2361111111111111,0.0150089126559714,0.0245148514851485,0.0350752177355502,0.00424,0.0014148440723928,0.0070666666666666,0.0275,0.0177666666666666,0.1125175808720112,0.0963,0.0118983525358027,0.0210626293151898,0.0466715189837428,0.1601228632478632,0.54180908203125,0.4991762767710049,0.0342857142857142,0.0064668573560502,0.199875,0.013746620813947,0.092539950829748,0.0035000001080334,0.0017198720015585,0.2107393777183004,0.0001862530742236,0.5054671150092882,0.0,0.1278280615806579,0.0634995326399803,0.8019901514053345,0.5800109505653381
1516,4,0.9,0.999,16384,1e-08,0.002,768,768,0.2,0.2,211.11,87.75,123.36,85.35,False,0.0017071067811865,0.8535533905932737,4896,12240,0,2448,1.0,0.4,2.5524790287017822,2.524750232696533,8.012078082639407,16,NVIDIA H100,20000000,10,200000000,80000000,0.4,1774379335.68,4435948339.2,4435948339.2,677.1939444541931,0.1379814588323746,0.2915999999999999,0.0987,0.1626,0.2042,0.0128909952606635,0.0484042553191489,0.1364814814814814,0.0126381461675579,0.0546534653465346,0.0507521773555027,0.0229,0.0066615575075163,0.0126666666666666,0.0755,0.0441,0.3164556962025316,0.1033,0.018682028642188,0.0593476351536547,0.064706973867504,0.2319043803418803,0.51666259765625,0.500823723228995,0.0582539682539682,0.0120631762218629,0.36225,0.0503889512109899,0.0840888137676705,0.017400000244379,0.0097186723724007,0.2431080628972901,0.0066484701871531,0.5234556869753333,0.0,0.1600467264652252,0.1432973742485046,0.7903962135314941,0.5834282636642456
1516,5,0.9,0.999,16384,1e-08,0.002,768,768,0.2,0.2,211.11,87.75,123.36,85.35,False,0.001382683432365,0.6913417161825449,6120,12240,0,2448,1.0,0.5,1.6740100383758545,1.653672456741333,6.578603585561116,16,NVIDIA H100,20000000,10,200000000,100000000,0.5,2217974169.6,4435948339.2,4435948339.2,682.2433235645294,0.2565903224129384,0.3337,0.1556,0.1348,0.2436,0.015260663507109,0.0920212765957446,0.1529629629629629,0.0105704099821746,0.0919603960396039,0.055027711797308,0.05684,0.0166637190748491,0.0162666666666666,0.126,0.0764,0.4008438818565401,0.0694,0.0412942823301389,0.0831960812502996,0.1178787999342019,0.3111645299145299,0.50946044921875,0.500823723228995,0.0736507936507936,0.0167889565974381,0.512375,0.1149291060558692,0.1606100184388445,0.0489999987185001,0.0247764084488153,0.2873815099810416,0.0070481286377198,0.5003174453876361,0.0,0.2371495366096496,0.2643006145954132,0.8008033633232117,0.5828376412391663
1516,6,0.9,0.999,16384,1e-08,0.002,768,768,0.2,0.2,211.11,87.75,123.36,85.35,False,0.001,0.5,7344,12240,0,2448,1.0,0.6,1.1612025499343872,1.152859091758728,5.35486915610195,16,NVIDIA H100,20000000,10,200000000,120000000,0.6,2661569003.52,4435948339.2,4435948339.2,680.7616925239563,0.3865953369529403,0.3252,0.1814,0.1296,0.2275333333333333,0.0200947867298578,0.1196808510638298,0.2166666666666666,0.0171212121212121,0.1338613861386138,0.0897862232779097,0.10088,0.038613452809055,0.0233333333333333,0.184,0.1252333333333333,0.3614627285513361,0.0865,0.0597071174760417,0.1413856897601978,0.1560893474649659,0.4346955128205128,0.582733154296875,0.500823723228995,0.1239682539682539,0.0354433528168138,0.631125,0.1825036320503154,0.0748693915181315,0.0889999978244304,0.0482132360339164,0.2803445968551355,0.0093067229146529,0.6271192418933854,0.0,0.3060747683048248,0.395407110452652,0.7924959063529968,0.5714888572692871
1516,7,0.9,0.999,16384,1e-08,0.002,768,768,0.2,0.2,211.11,87.75,123.36,85.35,False,0.0006173165676349,0.3086582838174551,8568,12240,0,2448,1.0,0.7,0.8843592405319214,0.8828377723693848,4.445094321483101,16,NVIDIA H100,20000000,10,200000000,140000000,0.7,3105163837.44,4435948339.2,4435948339.2,686.640718460083,0.4975984481448147,0.4021999999999999,0.2104,0.1321333333333333,0.2322,0.0264928909952606,0.1531914893617021,0.2503703703703703,0.0173440285204991,0.1857029702970297,0.0758511480601741,0.14148,0.0581068600286898,0.0252,0.2375,0.1626333333333333,0.3881856540084388,0.0984,0.0848497900290728,0.1771879674164382,0.2071002597824924,0.4903846153846153,0.539459228515625,0.500823723228995,0.1419047619047619,0.0511130456410894,0.698125,0.2439542453610901,0.0630762138905961,0.1216000020503997,0.0732894819229841,0.3032006245120999,0.0046567662084636,0.5413502010487455,0.0,0.322429895401001,0.4663883149623871,0.7975168824195862,0.5935113430023193
1516,8,0.9,0.999,16384,1e-08,0.002,768,768,0.2,0.2,211.11,87.75,123.36,85.35,False,0.0002928932188134,0.1464466094067262,9792,12240,0,2448,1.0,0.8,0.7136576771736145,0.7081528306007385,3.7754878929627487,16,NVIDIA H100,20000000,10,200000000,160000000,0.8,3548758671.36,4435948339.2,4435948339.2,688.5671095848083,0.5550519525126877,0.5518,0.2925999999999999,0.1420666666666666,0.2315333333333333,0.0309004739336492,0.1585106382978723,0.2312962962962963,0.0140998217468805,0.2331089108910891,0.1218527315914489,0.17474,0.0780718819391224,0.0278666666666666,0.2835,0.1934666666666666,0.2911392405063291,0.1019,0.0951329815871648,0.1981629889980064,0.251045010901376,0.4765625,0.533233642578125,0.500823723228995,0.1509523809523809,0.0778510135555279,0.733125,0.2780955183257627,0.061539643515673,0.1568999961018562,0.0910661742091178,0.3082915133266421,0.0064276330341846,0.5537893573494486,0.0,0.3586448729038238,0.5189979076385498,0.6979185938835144,0.6431675553321838
1516,9,0.9,0.999,16384,1e-08,0.002,768,768,0.2,0.2,211.11,87.75,123.36,85.35,False,7.612046748871326e-05,0.0380602337443566,11016,12240,0,2448,1.0,0.9,0.6344681978225708,0.6278738975524902,3.2804243950282825,16,NVIDIA H100,20000000,10,200000000,180000000,0.9,3992353505.28,4435948339.2,4435948339.2,689.3976521492004,0.5664537842861286,0.5922000000000001,0.3198999999999999,0.1388666666666666,0.2402666666666666,0.0345023696682464,0.1734042553191489,0.2601851851851852,0.020855614973262,0.2638811881188119,0.085827395091053,0.1969,0.0929080940871308,0.0301333333333333,0.301,0.2141333333333333,0.2897327707454289,0.096,0.1070313341229675,0.2180349272222548,0.2845016831148949,0.4974626068376068,0.496734619140625,0.500823723228995,0.1811111111111111,0.0983708493968412,0.75725,0.3012946650238152,0.0605024585125998,0.1788000017404556,0.1067843213677406,0.3137950262072042,0.0089602259251052,0.4968255461236391,0.0,0.3668224215507507,0.5511482357978821,0.7852839231491089,0.6575117111206055
1516,10,0.9,0.999,16384,1e-08,0.002,768,768,0.2,0.2,211.11,87.75,123.36,85.35,False,0.0,0.0,12240,12240,0,2448,1.0,1.0,0.6272198557853699,0.620143473148346,3.008997654213625,16,NVIDIA H100,20000000,10,200000000,200000000,1.0,4435948339.2,4435948339.2,4435948339.2,689.0805723667145,0.5728631101907952,0.6015999999999999,0.3364999999999999,0.1416,0.2359333333333333,0.0337440758293838,0.1707446808510638,0.2603703703703703,0.0190730837789661,0.2675247524752475,0.0820269200316706,0.20092,0.094126432038358,0.0309333333333333,0.3025,0.2187333333333333,0.2981715893108298,0.0958,0.110100139980618,0.2202161264227947,0.2900054590761347,0.4820379273504273,0.49017333984375,0.500823723228995,0.1817460317460317,0.1029722671309538,0.75575,0.3019750997664454,0.0618085433312845,0.1785000041127205,0.1063043549656868,0.3018512322961971,0.0055107044848003,0.4887130528840501,0.0,0.3714953362941742,0.5536534190177917,0.7937739491462708,0.6762856841087341
1517,1,0.9,0.999,16384,1e-08,0.002,768,768,0.4,0.2,211.11,87.75,123.36,85.35,False,0.000500408496732,0.2502042483660131,1224,12240,1,4896,0.25,0.1,2.2740070819854736,2.261187791824341,7.840287658513761,16,NVIDIA H100,20000000,10,200000000,20000000,0.1,443594833.92,4435948339.2,4435948339.2,668.6694316864014,0.2113901515986821,0.2671,0.1103,0.1265333333333333,0.2096666666666666,0.0138862559241706,0.05,0.1577777777777777,0.010409982174688,0.0643960396039604,0.0628661916072842,0.03404,0.0106309811550629,0.0152,0.1025,0.0586333333333333,0.2953586497890295,0.0947,0.0302035102831915,0.0408767954381913,0.0881949630103723,0.2210870726495726,0.6065673828125,0.5096101043382757,0.0753968253968253,0.0124362641462504,0.4265,0.0720709123342589,0.0650353411186232,0.0294999992474913,0.0143981608562171,0.2553752648600423,0.0026196130719922,0.6825428551273309,0.0,0.2044392526149749,0.1862213015556335,0.7721380591392517,0.5681981444358826
1517,2,0.9,0.999,16384,1e-08,0.002,768,768,0.4,0.2,211.11,87.75,123.36,85.35,False,0.001000408496732,0.5002042483660131,2448,12240,1,4896,0.5,0.2,1.1468098163604736,1.1367093324661257,5.688335812559314,16,NVIDIA H100,20000000,10,200000000,40000000,0.2,887189667.84,4435948339.2,4435948339.2,667.7734024524689,0.4393601559644601,0.4059,0.1972,0.1398666666666666,0.2138666666666666,0.022085308056872,0.1053191489361702,0.2335185185185185,0.0158734402852049,0.1466930693069306,0.0778305621536025,0.1087,0.0510719408909587,0.0184,0.1865,0.1508,0.3670886075949367,0.0963,0.0717669861096155,0.1344509831869049,0.186793738717503,0.3651175213675213,0.512969970703125,0.528281164195497,0.1236507936507936,0.0332048252704887,0.670125,0.2087463449620243,0.0782114320835894,0.0916000008583068,0.0553119163960218,0.3013884242221479,0.0080321985399623,0.5021986032402944,0.0,0.3072429895401001,0.3812108635902405,0.7165418863296509,0.57988440990448
1517,3,0.9,0.999,16384,1e-08,0.002,768,768,0.4,0.2,211.11,87.75,123.36,85.35,False,0.001500408496732,0.7502042483660131,3672,12240,1,4896,0.75,0.3,4.8495965003967285,4.849194526672363,9.580064524232952,16,NVIDIA H100,20000000,10,200000000,60000000,0.3,1330784501.76,4435948339.2,4435948339.2,669.3382565975189,0.0113225682429834,0.1002999999999999,0.0106,0.126,0.2254,0.0047393364928909,0.0186170212765957,0.1125925925925925,0.01,0.0099009900990099,0.0577988915281076,0.00106,0.0012576391754603,0.0030666666666666,0.004,0.0034666666666666,0.220815752461322,0.1028,0.0096371271670076,0.0098922451863628,0.0267567567567567,0.0219017094017094,0.500213623046875,0.500823723228995,0.0057142857142857,0.0053475935828877,0.1,0.0013056991007227,0.0844729563614013,0.0011999999987892,0.0001999600135604,0.1409389985502397,0.0001184241031309,0.5,0.0022432701662182,0.1365149766206741,0.0272812787443399,0.8096585869789124,0.5749061107635498
1517,4,0.9,0.999,16384,1e-08,0.002,768,768,0.4,0.2,211.11,87.75,123.36,85.35,False,0.002,1.0,4896,12240,1,4896,1.0,0.4,4.850942134857178,4.8505024909973145,9.703987846187516,16,NVIDIA H100,20000000,10,200000000,80000000,0.4,1774379335.68,4435948339.2,4435948339.2,673.6211504936218,0.0113493296701856,0.1036,0.01,0.1206,0.0967333333333333,0.0045023696682464,0.0202127659574468,0.1053703703703703,0.0094919786096256,0.0105346534653465,0.013064133016627,0.0009,0.0010218318300615,0.0033333333333333,0.0035,0.0053333333333333,0.2194092827004219,0.1147,0.0092064175729514,0.0100428500919818,0.0264407116984436,0.0813301282051282,0.488037109375,0.4986271279516749,0.0241269841269841,0.0057206815072752,0.102,0.0019769387792632,0.1881530424093423,0.0015000000712461,0.0003999600303359,0.1293241886918701,0.001942306683021,0.5168363627812919,0.0,0.0957943946123123,0.0174035746604204,0.4074310660362243,0.4683373272418976
1517,5,0.9,0.999,16384,1e-08,0.002,768,768,0.4,0.2,211.11,87.75,123.36,85.35,False,0.0018660254037844,0.9330127018922192,6120,12240,0,4896,1.0,0.5,4.850942134857178,4.8505024909973145,9.704020646662494,16,NVIDIA H100,20000000,10,200000000,100000000,0.5,2217974169.6,4435948339.2,4435948339.2,676.5200333595276,0.0099122257878298,0.1,0.0100999999999999,0.1262666666666666,0.158,0.0047393364928909,0.0196808510638297,0.1038888888888888,0.0101069518716577,0.0096237623762376,0.0283452098178939,0.00078,0.0009432293815952,0.0049333333333333,0.002,0.0055666666666666,0.0914205344585091,0.0981,0.0089910627759233,0.0106713104545563,0.0275675675675675,0.0261084401709401,0.500213623046875,0.4991762767710049,0.0182539682539682,0.0063424947145877,0.10275,0.0011217978189307,0.0961508912108174,0.0010000000474974,0.0001999600135604,0.1307293409166945,6.889453211656404e-06,0.4998706703976297,0.0,0.0689252316951751,0.0211665090173482,0.7554318308830261,0.562333881855011
1517,6,0.9,0.999,16384,1e-08,0.002,768,768,0.4,0.2,211.11,87.75,123.36,85.35,False,0.0015,0.75,7344,12240,0,4896,1.0,0.6,4.8509521484375,4.850512027740479,9.77138515235552,16,NVIDIA H100,20000000,10,200000000,120000000,0.6,2661569003.52,4435948339.2,4435948339.2,675.1199462413788,0.0098039215686274,0.1,0.01,0.1234666666666666,0.158,0.0047393364928909,0.0212765957446808,0.0927777777777777,0.01,0.0099009900990099,0.0213776722090261,0.001,0.0010021812179449,0.0008,0.0025,0.0028666666666666,0.3150492264416315,0.0958,0.0098524819640357,0.0098039215686274,0.027027027027027,0.0263755341880341,0.499786376953125,0.500823723228995,0.0219047619047619,0.0052232309414251,0.1,0.0030067859572981,0.0759449907805777,0.0010000000474974,0.0001999600135604,0.1280249804839968,2.748955740438101e-06,0.5,0.0,0.0584112145006656,0.0195172056555748,0.8096585869789124,0.5749061107635498
1517,7,0.9,0.999,16384,1e-08,0.002,768,768,0.4,0.2,211.11,87.75,123.36,85.35,False,0.001,0.5,8568,12240,0,4896,1.0,0.7,4.851110458374023,4.850653171539307,9.70322019601959,16,NVIDIA H100,20000000,10,200000000,140000000,0.7,3105163837.44,4435948339.2,4435948339.2,681.4657752513885,0.0098039215686274,0.1002999999999999,0.009,0.1237333333333333,0.0904666666666666,0.0047867298578199,0.0287234042553191,0.1875925925925926,0.01,0.0099801980198019,0.0134600158353127,0.00102,0.0013362416239265,0.0049333333333333,0.0025,0.0065333333333333,0.220815752461322,0.1143,0.0090987401744373,0.0098039215686274,0.0267567567567567,0.0388621794871794,0.58599853515625,0.500823723228995,0.0253968253968253,0.0043526924511876,0.100375,0.0023263512146679,0.1797019053472649,0.0005000000237487,0.0001999600135604,0.149933087989294,0.0,0.4465398452747666,0.0,0.0848416313529014,0.0190856643021106,0.8096585869789124,0.5749061107635498
1517,8,0.9,0.999,16384,1e-08,0.002,768,768,0.4,0.2,211.11,87.75,123.36,85.35,False,0.0004999999999999,0.2499999999999999,9792,12240,0,4896,1.0,0.8,4.606381893157959,4.603821277618408,9.562928264437158,16,NVIDIA H100,20000000,10,200000000,160000000,0.8,3548758671.36,4435948339.2,4435948339.2,684.0206625461578,0.0155655318168586,0.1053,0.019,0.1066666666666666,0.2164666666666666,0.0053080568720379,0.0180851063829787,0.0925925925925925,0.0092691622103386,0.0124752475247524,0.0129849564528899,0.0009,0.0012969403996934,0.0018666666666666,0.0085,0.0048333333333333,0.2897327707454289,0.0844,0.0109292559491762,0.007281565561759,0.025286972365624,0.0304487179487179,0.4954833984375,0.4991762767710049,0.0376190476190476,0.0049745056585001,0.110375,0.0012413336520955,0.0856253841425937,0.0010999999940395,9.996001608669758e-05,0.1766477082636333,3.644580508783439e-05,0.4158181860935406,0.0045045046135783,0.1194895580410957,0.0323574729263782,0.784827470779419,0.5981099605560303
1517,9,0.9,0.999,16384,1e-08,0.002,768,768,0.4,0.2,211.11,87.75,123.36,85.35,False,0.0001339745962155,0.0669872981077807,11016,12240,0,4896,1.0,0.9,4.442950248718262,4.434752464294434,9.35100921618393,16,NVIDIA H100,20000000,10,200000000,180000000,0.9,3992353505.28,4435948339.2,4435948339.2,685.1283435821533,0.0192988921374231,0.1523,0.0200999999999999,0.1672666666666666,0.2375333333333333,0.00521327014218,0.025,0.0818518518518518,0.0099286987522281,0.0142178217821782,0.0391132224861441,0.00182,0.0011200848906443,0.0052,0.012,0.0071666666666666,0.0886075949367088,0.1078,0.010390868956606,0.0120577160726041,0.0248441904621679,0.0407986111111111,0.5301513671875,0.4991762767710049,0.0226984126984126,0.0055963188658127,0.17725,0.0040458281994225,0.0709511370620774,0.0006999999750405,0.0002199520167778,0.180573212891714,0.0008728198868014,0.5095703905753992,0.0,0.1187569350004196,0.0461013093590736,0.7718641757965088,0.6052398681640625
1517,10,0.9,0.999,16384,1e-08,0.002,768,768,0.4,0.2,211.11,87.75,123.36,85.35,False,0.0,0.0,12240,12240,0,4896,1.0,1.0,4.412169456481934,4.40195369720459,9.263760812142316,16,NVIDIA H100,20000000,10,200000000,200000000,1.0,4435948339.2,4435948339.2,4435948339.2,683.7663478851318,0.0153915547587559,0.1563,0.0219,0.114,0.2403333333333333,0.0048815165876777,0.0287234042553191,0.0787037037037037,0.0095276292335115,0.0128316831683168,0.0431512272367379,0.00168,0.0011397355027609,0.0037333333333333,0.0075,0.0079666666666666,0.2053445850914205,0.0844,0.0122213847313448,0.0127774878982878,0.0239134686165183,0.0425347222222222,0.530548095703125,0.4991762767710049,0.0217460317460317,0.0041039671682626,0.16825,0.0034389539695091,0.0825138291333743,0.0023999999975785,0.0002999200296471,0.1836790453886472,0.0003515823234929,0.5596562184024267,0.0,0.1087680384516716,0.0493066273629665,0.7663866877555847,0.6027929186820984
1518,1,0.9,0.999,16384,1e-08,0.002,768,768,0.6,0.2,211.11,87.75,123.36,85.35,False,0.000333605664488,0.1668028322440087,1224,12240,1,7344,0.1666666666666666,0.1,2.0696935653686523,2.0579259395599365,7.890022867645314,16,NVIDIA H100,20000000,10,200000000,20000000,0.1,443594833.92,4435948339.2,4435948339.2,671.5583648681641,0.2033080301253776,0.2556,0.1197999999999999,0.108,0.1958666666666666,0.0134123222748815,0.0627659574468085,0.1414814814814814,0.0117557932263814,0.0685940594059406,0.076326207442597,0.03854,0.0110632946216274,0.0136,0.119,0.0644333333333333,0.3009845288326301,0.1034,0.0358027350059222,0.0545802626220275,0.0850137037079996,0.2387152777777778,0.598724365234375,0.4991762767710049,0.072063492063492,0.015545330182813,0.504375,0.0928149769203891,0.0757529194837123,0.0351999998092651,0.0176573768258094,0.254700568752091,0.0026741505856686,0.611458602770005,0.0,0.2207943946123123,0.2292275577783584,0.8030856251716614,0.5715310573577881
1518,2,0.9,0.999,16384,1e-08,0.002,768,768,0.6,0.2,211.11,87.75,123.36,85.35,False,0.0006669389978213,0.3334694989106753,2448,12240,1,7344,0.3333333333333333,0.2,2.84684419631958,2.834368944168091,8.889470590485466,16,NVIDIA H100,20000000,10,200000000,40000000,0.2,887189667.84,4435948339.2,4435948339.2,669.6232531070709,0.1165925679179517,0.278,0.0843999999999999,0.1301333333333333,0.2240666666666666,0.0096208530805687,0.0462765957446808,0.0827777777777777,0.0127183600713012,0.0443168316831683,0.0990498812351543,0.01948,0.0055021713926388,0.0108,0.0635,0.0386,0.2883263009845288,0.0865,0.0218046731990955,0.0413284390767546,0.0604027411427586,0.2164797008547008,0.50030517578125,0.500823723228995,0.0477777777777777,0.0100733739584628,0.367,0.0489821064052816,0.0905808236017209,0.0140999997965991,0.0078389444388449,0.2513047842087654,0.0016474761474446,0.496707973757848,0.0,0.170560747385025,0.1661795377731323,0.7750593423843384,0.5832173228263855
1518,3,0.9,0.999,16384,1e-08,0.002,768,768,0.6,0.2,211.11,87.75,123.36,85.35,False,0.0010002723311546,0.5001361655773421,3672,12240,1,7344,0.5,0.3,1.2324566841125488,1.2194608449935913,6.0509410255095535,16,NVIDIA H100,20000000,10,200000000,60000000,0.3,1330784501.76,4435948339.2,4435948339.2,675.293360710144,0.410051255722451,0.3304999999999999,0.1784,0.1276,0.2019333333333333,0.0212322274881516,0.101063829787234,0.239074074074074,0.0170231729055258,0.1277623762376237,0.0923990498812351,0.10128,0.0425828764566016,0.0205333333333333,0.187,0.1334333333333333,0.3150492264416315,0.1321,0.064498761709917,0.1310318208082809,0.1688985900703396,0.4004407051282051,0.501617431640625,0.500823723228995,0.1095238095238095,0.0332048252704887,0.63975,0.1853081265976424,0.067839582052858,0.0928000025451183,0.0450732111930847,0.3054867848778856,0.0022112181114742,0.4944388270980788,0.0,0.3212616741657257,0.3895615935325622,0.8043637275695801,0.5736826658248901
1518,4,0.9,0.999,16384,1e-08,0.002,768,768,0.6,0.2,211.11,87.75,123.36,85.35,False,0.001333605664488,0.6668028322440087,4896,12240,1,7344,0.6666666666666666,0.4,4.466155529022217,4.454951286315918,9.330609768434288,16,NVIDIA H100,20000000,10,200000000,80000000,0.4,1774379335.68,4435948339.2,4435948339.2,674.9111330509186,0.0171485803510929,0.119,0.0186,0.1136,0.0906,0.0068720379146919,0.0159574468085106,0.1237037037037037,0.0087700534759358,0.010059405940594,0.0062549485352335,0.00182,0.0014934465208591,0.0030666666666666,0.008,0.0063666666666666,0.2911392405063291,0.1267,0.0090449014751803,0.0116836295698979,0.0300441257584114,0.0416666666666666,0.581298828125,0.500823723228995,0.0206349206349206,0.0048501430170376,0.125625,0.009893888960406,0.086278426551936,0.0019000000320374,0.0002199520167778,0.1641797702687632,0.0010805906357023,0.6174665506619325,0.0,0.0854605957865715,0.0357478819787502,0.7475807666778564,0.5640214085578918
1518,5,0.9,0.999,16384,1e-08,0.002,768,768,0.6,0.2,211.11,87.75,123.36,85.35,False,0.0016669389978213,0.8334694989106755,6120,12240,1,7344,0.8333333333333334,0.5,4.182486057281494,4.176909923553467,8.809497773647308,16,NVIDIA H100,20000000,10,200000000,100000000,0.5,2217974169.6,4435948339.2,4435948339.2,679.60551404953,0.0504274449567829,0.1848,0.043,0.1262,0.222,0.0072511848341232,0.0297872340425531,0.1975925925925926,0.0110962566844919,0.027009900990099,0.0333333333333333,0.0051,0.0018471575389573,0.0066666666666666,0.0315,0.0183,0.1547116736990154,0.1202,0.0179282868525896,0.0237643227337075,0.0384306958681038,0.17321047008547,0.597412109375,0.500823723228995,0.0287301587301587,0.0067155826389752,0.190875,0.0139673023520973,0.1116702519975414,0.0053000000771135,0.0011397441267035,0.2062730010036801,0.0025698092498466,0.6326333858489901,0.0,0.0969626158475875,0.0567164197564125,0.7966952919960022,0.5770155787467957
1518,6,0.9,0.999,16384,1e-08,0.002,768,768,0.6,0.2,211.11,87.75,123.36,85.35,False,0.002,1.0,7344,12240,1,7344,1.0,0.6,2.4367825984954834,2.41590428352356,7.839110975951151,16,NVIDIA H100,20000000,10,200000000,120000000,0.6,2661569003.52,4435948339.2,4435948339.2,678.0756003856659,0.129049187301806,0.2298,0.0914,0.1745333333333333,0.206,0.0115165876777251,0.052127659574468,0.135,0.0113992869875222,0.0534257425742574,0.0324623911322248,0.02644,0.0065043526105838,0.0134666666666666,0.08,0.0480333333333333,0.2770745428973277,0.1154,0.025034995154517,0.0441882998142279,0.0679682475830148,0.1928418803418803,0.47747802734375,0.4925864909390445,0.046031746031746,0.0093271981096878,0.360875,0.0640620115122202,0.1462430854333128,0.0197000000625848,0.0098185124807059,0.2629642020742723,0.0005136266478739,0.4983304724057657,0.0,0.1728971898555755,0.1537313461303711,0.7970604300498962,0.5723326206207275
1518,7,0.9,0.999,16384,1e-08,0.002,768,768,0.6,0.2,211.11,87.75,123.36,85.35,False,0.0017071067811865,0.8535533905932737,8568,12240,0,7344,1.0,0.7,1.670638084411621,1.656378149986267,6.656228569208407,16,NVIDIA H100,20000000,10,200000000,140000000,0.7,3105163837.44,4435948339.2,4435948339.2,686.4410092830658,0.2530651761815753,0.2217,0.1402999999999999,0.1290666666666666,0.2046,0.014170616113744,0.0787234042553191,0.1881481481481481,0.0140285204991087,0.0861386138613861,0.0616785431512272,0.05818,0.0173711411110456,0.0150666666666666,0.1345,0.0680333333333333,0.3291139240506329,0.134,0.0421018628189942,0.0778594178036222,0.0971674061995254,0.3845486111111111,0.511688232421875,0.4942339373970346,0.0738095238095238,0.0202711105583882,0.511125,0.1267447634110009,0.0855101413644744,0.0455000009387731,0.0249165138229727,0.2861603657856585,0.0040978018435297,0.5077950478519528,0.0,0.2418224364519119,0.2814196348190307,0.7788022756576538,0.5660886764526367
1518,8,0.9,0.999,16384,1e-08,0.002,768,768,0.6,0.2,211.11,87.75,123.36,85.35,False,0.001,0.5,9792,12240,0,7344,1.0,0.8,1.1657490730285645,1.157148361206055,5.379396352892607,16,NVIDIA H100,20000000,10,200000000,160000000,0.8,3548758671.36,4435948339.2,4435948339.2,686.4177882671356,0.3728230567534371,0.4482,0.2294999999999999,0.1292666666666666,0.2217333333333333,0.0209478672985782,0.102127659574468,0.1657407407407407,0.0149554367201426,0.1424554455445544,0.0694378463974663,0.09784,0.0328754740710173,0.0164,0.1845,0.1139,0.3234880450070324,0.0475,0.0679444384623667,0.1072287785312313,0.14491674008288,0.4293536324786324,0.633758544921875,0.500274574409665,0.099047619047619,0.0385524188533764,0.618625,0.182899019806168,0.0723340503995083,0.0723999980837106,0.0450932439416646,0.307070369131259,0.004144990552847,0.5852869941448962,0.0,0.3084112107753753,0.4154488444328308,0.7975168824195862,0.5673965215682983
1518,9,0.9,0.999,16384,1e-08,0.002,768,768,0.6,0.2,211.11,87.75,123.36,85.35,False,0.0002928932188134,0.1464466094067262,11016,12240,0,7344,1.0,0.9,0.85837322473526,0.8557434678077698,4.378620115954892,16,NVIDIA H100,20000000,10,200000000,180000000,0.9,3992353505.28,4435948339.2,4435948339.2,687.2087979316711,0.4698070185487885,0.5446,0.2735,0.1484,0.22,0.0261137440758293,0.1372340425531915,0.265,0.0173440285204991,0.187009900990099,0.0593824228028503,0.14648,0.0579693057438739,0.0217333333333333,0.2475,0.1569,0.340365682137834,0.1035,0.0874340475934101,0.1657305944163674,0.1906154622511293,0.5036057692307693,0.592193603515625,0.5057660626029654,0.1253968253968254,0.0594453426190772,0.6925,0.239283152803575,0.0727950215119852,0.1258000023663044,0.0704898051917553,0.3061336009813761,0.0047648141965144,0.5483104851035813,0.0,0.3422897160053253,0.4860125184059143,0.806098222732544,0.5926253795623779
1518,10,0.9,0.999,16384,1e-08,0.002,768,768,0.6,0.2,211.11,87.75,123.36,85.35,False,0.0,0.0,12240,12240,0,7344,1.0,1.0,0.7775540947914124,0.7774621248245239,3.765333124040778,16,NVIDIA H100,20000000,10,200000000,200000000,1.0,4435948339.2,4435948339.2,4435948339.2,688.2743492126465,0.4981464650005655,0.5605,0.2976,0.1428,0.2210666666666666,0.0276777251184834,0.1430851063829787,0.2077777777777777,0.0164438502673796,0.2058217821782178,0.0680126682501979,0.16082,0.0657116469178014,0.0233333333333333,0.2685,0.1717333333333333,0.3277074542897327,0.0867,0.0932486271131689,0.178357907913759,0.2147276157276819,0.5207665598290598,0.57611083984375,0.5107084019769358,0.1439682539682539,0.06802636487999,0.711625,0.2586663479044448,0.0665719114935464,0.1441999971866607,0.0808483827859163,0.3082022973123675,0.0062011363959331,0.5415383168340113,0.0,0.3668224215507507,0.5102296471595764,0.8020814061164856,0.6147745251655579
1519,1,0.9,0.999,16384,1e-08,0.001,1024,768,0.2,0.2,289.97,87.75,202.22,151.55,False,0.000500408496732,0.5004084967320263,1224,12240,1,2448,0.5,0.1,2.1202075481414795,2.104733228683472,7.7854070149216,16,NVIDIA H100,20000000,10,200000000,20000000,0.1,648947957.76,6489479577.599999,6489479577.6,764.0472877025604,0.2054671566102805,0.286,0.128,0.1173333333333333,0.1748,0.0132227488151658,0.0526595744680851,0.1783333333333333,0.0106862745098039,0.0655841584158415,0.0746634996041171,0.03926,0.0128711509363516,0.0154666666666666,0.113,0.0682666666666666,0.3066104078762307,0.0859,0.0369871863895768,0.0513566939399021,0.0707025891456068,0.2716346153846153,0.5892333984375,0.500274574409665,0.0877777777777777,0.0171620445218256,0.460625,0.0808338084116446,0.1382145052243392,0.0350999990478158,0.0175974811427295,0.2621668339466934,0.0024682778588616,0.4242363674841865,0.0,0.2301401942968368,0.2125260978937149,0.8096585869789124,0.5748217701911926
1519,2,0.9,0.999,16384,1e-08,0.001,1024,768,0.2,0.2,289.97,87.75,202.22,151.55,False,0.001,1.0,2448,12240,1,2448,1.0,0.2,4.811867713928223,4.81385612487793,7.62228865093655,16,NVIDIA H100,20000000,10,200000000,40000000,0.2,1297895915.52,6489479577.599999,6489479577.6,757.4403600692749,0.0136541534505959,0.099,0.0133,0.1234666666666666,0.2254,0.0046445497630331,0.0212765957446808,0.122037037037037,0.0103030303030303,0.0101386138613861,0.0091844813935075,0.0014,0.0012379885633437,0.0048,0.011,0.0087,0.220815752461322,0.101,0.0060837730160439,0.0099104859335038,0.027027027027027,0.0211004273504273,0.483795166015625,0.4991762767710049,0.0214285714285714,0.0044770550926501,0.09825,0.0020321091638008,0.1045636140135218,0.0014000000373926,0.0002399440199951,0.1345098695215791,0.0,0.6315634773202906,0.0017447656719014,0.0780543014407157,0.0203980095684528,0.8067372441291809,0.5787453055381775
1519,3,0.9,0.999,16384,1e-08,0.001,1024,768,0.2,0.2,289.97,87.75,202.22,151.55,False,0.0009619397662556,0.9619397662556434,3672,12240,0,2448,1.0,0.3,4.000965118408203,3.982504367828369,9.297181801858292,16,NVIDIA H100,20000000,10,200000000,60000000,0.3,1946843873.28,6489479577.599999,6489479577.6,762.9122996330261,0.0420129013670261,0.1974999999999999,0.0373999999999999,0.0917333333333333,0.1784,0.0070142180094786,0.0361702127659574,0.1044444444444444,0.0129500891265597,0.0236039603960396,0.0123515439429928,0.00546,0.0015130971329756,0.0074666666666666,0.024,0.0148333333333333,0.2011251758087201,0.0701,0.0144287714008829,0.0181600824786178,0.0344598529060973,0.1553819444444444,0.5140380859375,0.4848984074684239,0.0525396825396825,0.0072130332048252,0.207875,0.0185740294609853,0.0994545175169022,0.0060999997658655,0.001199840044137,0.2133935541429686,0.0002699616270636,0.5136501516683518,0.0,0.1004672870039939,0.0591918043792247,0.7963300943374634,0.5751592516899109
1519,4,0.9,0.999,16384,1e-08,0.001,1024,768,0.2,0.2,289.97,87.75,202.22,151.55,False,0.0008535533905932,0.8535533905932737,4896,12240,0,2448,1.0,0.4,2.4655463695526123,2.440878391265869,8.080405916653428,16,NVIDIA H100,20000000,10,200000000,80000000,0.4,2595791831.04,6489479577.599999,6489479577.6,761.8841786384583,0.1460923376289437,0.2687,0.1067,0.1265333333333333,0.2009333333333333,0.0127962085308056,0.0452127659574468,0.1061111111111111,0.0081016042780748,0.054059405940594,0.0750593824228028,0.02666,0.0079584979072098,0.014,0.0855,0.0453333333333333,0.3656821378340366,0.1184,0.0247119629589749,0.0442130381839975,0.0657863619179831,0.2643563034188034,0.475738525390625,0.500823723228995,0.0746031746031746,0.013804253202338,0.379375,0.0635470879232028,0.2037876459741856,0.0198999997228384,0.0100185524206608,0.2567023530723765,0.0020265494807697,0.5727772944247184,0.0,0.1775700896978378,0.1715459674596786,0.7819974422454834,0.5794203281402588
1519,5,0.9,0.999,16384,1e-08,0.001,1024,768,0.2,0.2,289.97,87.75,202.22,151.55,False,0.0006913417161825,0.6913417161825449,6120,12240,0,2448,1.0,0.5,1.269755482673645,1.2555108070373535,6.022591272600336,16,NVIDIA H100,20000000,10,200000000,100000000,0.5,3244739788.8,6489479577.599999,6489479577.6,771.5731675624847,0.3481962671068732,0.358,0.1969,0.1225333333333333,0.2205333333333333,0.0200473933649289,0.0984042553191489,0.2075925925925926,0.0152317290552584,0.1223762376237623,0.080522565320665,0.0909,0.0307925091866611,0.0201333333333333,0.1705,0.1139,0.3727144866385373,0.126,0.0636911812210617,0.0985977573203146,0.1329181428684167,0.3897569444444444,0.62353515625,0.500823723228995,0.1004761904761904,0.0303444845168511,0.6175,0.175579748790849,0.1281115550092194,0.087899999693036,0.0415539778769016,0.2815768930523029,0.0053626341903071,0.5710372234110095,0.0,0.3049065470695495,0.3820459246635437,0.8037246465682983,0.5735982656478882
1519,6,0.9,0.999,16384,1e-08,0.001,1024,768,0.2,0.2,289.97,87.75,202.22,151.55,False,0.0005,0.5,7344,12240,0,2448,1.0,0.6,3.614307641983032,3.5829310417175293,6.929377206010757,16,NVIDIA H100,20000000,10,200000000,120000000,0.6,3893687746.56,6489479577.599999,6489479577.6,769.1422290802002,0.0502868024755956,0.2331,0.0536,0.124,0.2178666666666666,0.0114691943127962,0.0452127659574468,0.167037037037037,0.0108467023172905,0.0312079207920792,0.0441013460015835,0.00758,0.0014934465208591,0.006,0.0315,0.021,0.3037974683544304,0.1009,0.0140519005060837,0.0272017952305172,0.0374155231298088,0.1497061965811965,0.59771728515625,0.500823723228995,0.0380952380952381,0.0065912199975127,0.23275,0.0247347224010151,0.1220805162876459,0.0081000002101063,0.0023397441254928,0.2111687297869968,0.0013854081187957,0.4544407082559315,0.0,0.1133177578449249,0.0580375790596008,0.806280791759491,0.5702231526374817
1519,7,0.9,0.999,16384,1e-08,0.001,1024,768,0.2,0.2,289.97,87.75,202.22,151.55,False,0.0003086582838174,0.3086582838174551,8568,12240,0,2448,1.0,0.7,0.7762742638587952,0.7714581489562988,4.8778765421677255,16,NVIDIA H100,20000000,10,200000000,140000000,0.7,4542635704.32,6489479577.599999,6489479577.6,776.240786075592,0.5162276946256401,0.5892,0.2954,0.1531333333333333,0.2332,0.028388625592417,0.1558510638297872,0.2009259259259259,0.0161051693404634,0.2175841584158415,0.0824228028503562,0.1681,0.0733950362553793,0.0226666666666666,0.265,0.1953,0.3108298171589311,0.1064,0.0995477549262409,0.1968480309479268,0.2247668595951762,0.5295138888888888,0.6181640625,0.500823723228995,0.1538095238095238,0.0730008705384902,0.73425,0.264863821100833,0.093039336201598,0.1482000052928924,0.0838075168430805,0.3219638675142188,0.0069919659199691,0.5013873539163355,0.0,0.34112149477005,0.5156576037406921,0.7057695984840393,0.6289499402046204
1519,8,0.9,0.999,16384,1e-08,0.001,1024,768,0.2,0.2,289.97,87.75,202.22,151.55,False,0.0001464466094067,0.1464466094067262,9792,12240,0,2448,1.0,0.8,0.6190425753593445,0.6154149770736694,3.4999428747915755,16,NVIDIA H100,20000000,10,200000000,160000000,0.8,5191583662.08,6489479577.599999,6489479577.6,779.258505821228,0.5711343286048683,0.6571,0.3532,0.137,0.2312,0.0332701421800947,0.1723404255319149,0.2255555555555555,0.0181907308377896,0.2731089108910891,0.1053840063341251,0.20542,0.0984102654797696,0.0305333333333333,0.306,0.2269,0.3727144866385373,0.097,0.1169376547862603,0.2198329621014206,0.2686933306566442,0.5245726495726496,0.5849609375,0.500823723228995,0.1852380952380952,0.1136674542967292,0.772125,0.3078691358478768,0.0814382298709281,0.1889000013470649,0.1065244674682617,0.3248410839745734,0.0088958978323675,0.4823641451313283,0.0,0.3808411359786987,0.5628392696380615,0.7427423596382141,0.636543869972229
1519,9,0.9,0.999,16384,1e-08,0.001,1024,768,0.2,0.2,289.97,87.75,202.22,151.55,False,3.806023374435663e-05,0.0380602337443566,11016,12240,0,2448,1.0,0.9,0.5530245900154114,0.5516649484634399,3.018123130977543,16,NVIDIA H100,20000000,10,200000000,180000000,0.9,5840531619.84,6489479577.599999,6489479577.6,778.4687833786011,0.6031441887234466,0.6721,0.3766999999999999,0.129,0.2289333333333333,0.0356398104265402,0.1808510638297872,0.2296296296296296,0.0164349376114082,0.3048712871287128,0.0796516231195566,0.22508,0.1115958262099864,0.0316,0.3285,0.2463333333333333,0.3445850914205344,0.0985,0.1263055884569829,0.2388474385803729,0.3253661014867184,0.5433360042735043,0.511138916015625,0.500823723228995,0.2104761904761904,0.1412759607014053,0.7835,0.3272155506923883,0.0774047326367547,0.2070999965071678,0.1182223521173,0.3371082859373258,0.0102190492884417,0.4929221435793731,0.0,0.4007009267807007,0.5782880783081055,0.7892094254493713,0.6554444432258606
1519,10,0.9,0.999,16384,1e-08,0.001,1024,768,0.2,0.2,289.97,87.75,202.22,151.55,False,0.0,0.0,12240,12240,0,2448,1.0,1.0,0.5462127923965454,0.5454390048980713,2.761126960414687,16,NVIDIA H100,20000000,10,200000000,200000000,1.0,6489479577.599999,6489479577.599999,6489479577.6,780.7161691188812,0.6060883599415864,0.6701,0.3761,0.1282666666666666,0.2308666666666666,0.0370616113744075,0.1813829787234042,0.2142592592592592,0.0170320855614973,0.3097821782178218,0.0921615201900237,0.22796,0.1139145984397414,0.0329333333333333,0.335,0.2491666666666666,0.3291139240506329,0.0999,0.1289436847205771,0.2500534862866044,0.3280257421728686,0.5464075854700855,0.5054931640625,0.500823723228995,0.2084126984126984,0.1442606640965054,0.782125,0.3284660794085735,0.0770205900430239,0.2116999924182891,0.1216421425342559,0.3338853574216572,0.0093075749518077,0.4949326310344016,0.0,0.4112149477005005,0.5791231989860535,0.7909439206123352,0.6666244864463806
1520,1,0.9,0.999,16384,1e-08,0.001,1024,768,0.4,0.2,289.97,87.75,202.22,151.55,False,0.000250204248366,0.2502042483660131,1224,12240,1,4896,0.25,0.1,2.1044516563415527,2.088639497756958,7.910858195591596,16,NVIDIA H100,20000000,10,200000000,20000000,0.1,648947957.76,6489479577.599999,6489479577.6,761.7143125534058,0.2031370303724531,0.2771,0.1243999999999999,0.1112,0.218,0.0140758293838862,0.0617021276595744,0.2135185185185185,0.0126916221033868,0.0655049504950495,0.0611243072050673,0.03912,0.0118493191062901,0.014,0.1105,0.0635333333333333,0.3192686357243319,0.1062,0.0349413158178098,0.0600960065885173,0.0681960827763478,0.2335069444444444,0.515472412109375,0.500274574409665,0.0584126984126984,0.0128093520706379,0.4765,0.0814682678338268,0.0707206515058389,0.032999999821186,0.0148776085115969,0.2658860265417642,0.0037864972988069,0.5176240976320926,0.0,0.2406542003154754,0.197494775056839,0.7680299282073975,0.5625870227813721
1520,2,0.9,0.999,16384,1e-08,0.001,1024,768,0.4,0.2,289.97,87.75,202.22,151.55,False,0.000500204248366,0.5002042483660131,2448,12240,1,4896,0.5,0.2,1.4045172929763794,1.3880608081817627,6.1858336115195085,16,NVIDIA H100,20000000,10,200000000,40000000,0.2,1297895915.52,6489479577.599999,6489479577.6,763.3414669036865,0.3447570548440017,0.2706,0.1712999999999999,0.12,0.2208,0.0173933649289099,0.0781914893617021,0.2396296296296296,0.0140998217468805,0.1095445544554455,0.1039588281868566,0.0812,0.0303405451079801,0.0184,0.1665,0.1161666666666666,0.3530239099859353,0.1006,0.058253472596102,0.1092789952253031,0.1462046465875626,0.3588408119658119,0.513275146484375,0.5013728720483251,0.0861904761904761,0.027111055838826,0.6045,0.1611343031060926,0.0956515058389674,0.066100001335144,0.0401542587205767,0.2529329764692762,0.003666400158277,0.500917064453171,0.0,0.2698598206043243,0.3448851704597473,0.7950520515441895,0.5771843194961548
1520,3,0.9,0.999,16384,1e-08,0.001,1024,768,0.4,0.2,289.97,87.75,202.22,151.55,False,0.000750204248366,0.7502042483660131,3672,12240,1,4896,0.75,0.3,4.75720739364624,4.747464656829834,7.26229747837665,16,NVIDIA H100,20000000,10,200000000,60000000,0.3,1946843873.28,6489479577.599999,6489479577.6,768.6372237205505,0.0145251904160421,0.1004,0.0109,0.1314,0.1631333333333333,0.0051658767772511,0.0212765957446808,0.1616666666666666,0.01,0.0101386138613861,0.0649247822644497,0.0012,0.0010021812179449,0.0029333333333333,0.01,0.0034,0.1026722925457102,0.0994,0.0092064175729514,0.0138035940493253,0.0237837837837837,0.0405982905982906,0.48876953125,0.4991762767710049,0.0261904761904761,0.0060937694316627,0.102875,0.0020413042278904,0.0855101413644744,0.0009000000136438,0.0002599360232125,0.1635329541652726,5.526449587726861e-05,0.4449878900463235,0.0,0.0788863077759742,0.0221072435379028,0.329468697309494,0.4556807279586792
1520,4,0.9,0.999,16384,1e-08,0.001,1024,768,0.4,0.2,289.97,87.75,202.22,151.55,False,0.001,1.0,4896,12240,1,4896,1.0,0.4,3.4837145805358887,3.458869218826294,9.044128082936108,16,NVIDIA H100,20000000,10,200000000,80000000,0.4,2595791831.04,6489479577.599999,6489479577.6,767.6904907226562,0.0672624976567484,0.2300999999999999,0.0537,0.1396,0.2366666666666666,0.0101895734597156,0.0372340425531914,0.2383333333333333,0.016060606060606,0.0344950495049505,0.0540775930324623,0.00822,0.0020829648843561,0.0088,0.033,0.0210666666666666,0.0956399437412095,0.0975,0.0150209970927102,0.0346012386206379,0.0457712691236048,0.1710737179487179,0.47894287109375,0.500823723228995,0.0536507936507936,0.0070886705633627,0.25075,0.0263162734244257,0.0797480024585126,0.0078000000212341,0.0028996402397751,0.2310360209657633,0.0012749304103007,0.5598325769511134,0.0,0.1153846159577369,0.077244259417057,0.8080153465270996,0.5749905109405518
1520,5,0.9,0.999,16384,1e-08,0.001,1024,768,0.4,0.2,289.97,87.75,202.22,151.55,False,0.0009330127018922,0.9330127018922192,6120,12240,0,4896,1.0,0.5,1.7734637260437012,1.754117488861084,7.289578811015958,16,NVIDIA H100,20000000,10,200000000,100000000,0.5,3244739788.8,6489479577.599999,6489479577.6,774.552657365799,0.2382750178314478,0.3526999999999999,0.1563,0.1263333333333333,0.225,0.0145971563981042,0.0686170212765957,0.1681481481481481,0.0117736185383244,0.093069306930693,0.0554235946159936,0.0498,0.015759790917487,0.0176,0.125,0.0763666666666666,0.3769338959212377,0.0986,0.0334876709378701,0.0770261578279067,0.0907515063373811,0.2638221153846153,0.61138916015625,0.500274574409665,0.0812698412698412,0.0181569456535256,0.488875,0.1017893594718355,0.0790565457897971,0.0426000002771616,0.0233565373346209,0.2534348165495707,0.0045061323563902,0.5825005290756461,0.0,0.2102803736925125,0.2509394586086273,0.8046375513076782,0.573513925075531
1520,6,0.9,0.999,16384,1e-08,0.001,1024,768,0.4,0.2,289.97,87.75,202.22,151.55,False,0.00075,0.75,7344,12240,0,4896,1.0,0.6,1.021981716156006,1.0127297639846802,5.30658749193927,16,NVIDIA H100,20000000,10,200000000,120000000,0.6,3893687746.56,6489479577.599999,6489479577.6,772.9763882160187,0.433547096276331,0.3704,0.1909,0.1364666666666666,0.2046,0.0225592417061611,0.1026595744680851,0.1844444444444444,0.019108734402852,0.1627722772277227,0.0901029295328582,0.11742,0.0461396372497003,0.0257333333333333,0.2045,0.149,0.3417721518987341,0.1079,0.0710670830192742,0.1584961918613388,0.1814676670977245,0.460803952991453,0.524078369140625,0.500823723228995,0.1214285714285714,0.0436512871533391,0.664125,0.2096382661787152,0.0651121696373693,0.1144999973475933,0.0618111956864595,0.3182335229173636,0.0049727137966631,0.5228325534366403,0.0,0.2978971898555755,0.4342379868030548,0.7931349277496338,0.5735560655593872
1520,7,0.9,0.999,16384,1e-08,0.001,1024,768,0.4,0.2,289.97,87.75,202.22,151.55,False,0.0005,0.5,8568,12240,0,4896,1.0,0.7,0.7074289917945862,0.7015666365623474,4.062615710341073,16,NVIDIA H100,20000000,10,200000000,140000000,0.7,4542635704.32,6489479577.599999,6489479577.6,779.089216709137,0.5434548997061565,0.5850000000000001,0.3165,0.1697333333333333,0.2322,0.0306635071090047,0.150531914893617,0.3125925925925926,0.0170231729055258,0.2313267326732673,0.0872525732383214,0.17542,0.086855705555228,0.0294666666666666,0.2805,0.2121666666666666,0.3277074542897327,0.0943,0.103747173468289,0.2054247274198418,0.2551371333426074,0.4420405982905983,0.609893798828125,0.4986271279516749,0.1833333333333333,0.0840691456286531,0.73425,0.2841090902403589,0.0793254456054087,0.1752000004053115,0.1022650897502899,0.3125460020073603,0.0098616557582768,0.6560420438780069,0.0,0.3563084006309509,0.5215031504631042,0.7949607372283936,0.5765514969825745
1520,8,0.9,0.999,16384,1e-08,0.001,1024,768,0.4,0.2,289.97,87.75,202.22,151.55,False,0.0002499999999999,0.2499999999999999,9792,12240,0,4896,1.0,0.8,0.5385015606880188,0.5332120656967163,3.2715820140308804,16,NVIDIA H100,20000000,10,200000000,160000000,0.8,5191583662.08,6489479577.599999,6489479577.6,780.7894299030304,0.6234927961007933,0.6472,0.3492,0.1275333333333333,0.2468,0.0347393364928909,0.1654255319148936,0.2872222222222222,0.0199376114081996,0.3021782178217821,0.0954077593032462,0.22078,0.1202224449291595,0.0357333333333333,0.3215,0.2596,0.3108298171589311,0.0912,0.1232906212985894,0.2366322966917407,0.3328706337335186,0.5250400641025641,0.574859619140625,0.4848984074684239,0.1731746031746031,0.1416490486257928,0.76225,0.3316843518399323,0.0643438844499078,0.216899998486042,0.1268419809639454,0.3250250920040147,0.0143858026180641,0.5704140898723165,0.0,0.3913551270961761,0.5753653645515442,0.7745115756988525,0.6698729991912842
1520,9,0.9,0.999,16384,1e-08,0.001,1024,768,0.4,0.2,289.97,87.75,202.22,151.55,False,6.698729810778076e-05,0.0669872981077807,11016,12240,0,4896,1.0,0.9,0.4548628628253937,0.4490951597690582,2.6814445081879112,16,NVIDIA H100,20000000,10,200000000,180000000,0.9,5840531619.84,6489479577.599999,6489479577.6,782.3663945198059,0.6592250012195717,0.708,0.4058,0.1398,0.2457333333333333,0.0401421800947867,0.2117021276595744,0.2912962962962963,0.0279679144385026,0.3492673267326732,0.1194774346793349,0.24944,0.140187466839592,0.0370666666666666,0.35,0.2851666666666667,0.2925457102672292,0.0893,0.1422418434370625,0.2672011227396678,0.3773156157732782,0.5375267094017094,0.560821533203125,0.5167490389895661,0.24,0.187041412759607,0.795,0.3570627287272192,0.0743700061462815,0.2477999925613403,0.1453389823436737,0.3255826920932307,0.0138056077478795,0.557434100688974,0.0,0.3971962630748749,0.5945273637771606,0.7918568849563599,0.6472176313400269
1520,10,0.9,0.999,16384,1e-08,0.001,1024,768,0.4,0.2,289.97,87.75,202.22,151.55,False,0.0,0.0,12240,12240,0,4896,1.0,1.0,0.4465008676052093,0.4398906826972961,2.3052613110908498,16,NVIDIA H100,20000000,10,200000000,200000000,1.0,6489479577.599999,6489479577.599999,6489479577.6,782.2207276821136,0.6706201570411946,0.7077,0.4066,0.1361333333333333,0.2436,0.041042654028436,0.2053191489361702,0.3198148148148148,0.0280392156862745,0.3508118811881188,0.1190023752969121,0.25686,0.1432922635540097,0.0368,0.356,0.2911,0.2911392405063291,0.0929,0.1458490362872833,0.2760853011923849,0.3890306108783379,0.5451388888888888,0.528594970703125,0.5085118066996156,0.2406349206349206,0.1956224350205198,0.797625,0.3620188682715118,0.073179164105716,0.2550999894738197,0.1462383866310119,0.3250864280138285,0.0110136973544355,0.5196816140334376,0.0,0.4170560836791992,0.594989538192749,0.7767025828361511,0.6540522575378418
1521,1,0.9,0.999,16384,1e-08,0.001,1024,768,0.6,0.2,289.97,87.75,202.22,151.55,False,0.000166802832244,0.1668028322440087,1224,12240,1,7344,0.1666666666666666,0.1,2.217785596847534,2.1973745822906494,8.006373873333526,16,NVIDIA H100,20000000,10,200000000,20000000,0.1,648947957.76,6489479577.599999,6489479577.6,766.7777767181396,0.1772341980272686,0.2491999999999999,0.1072,0.1346666666666666,0.1963333333333333,0.014170616113744,0.0484042553191489,0.1783333333333333,0.0162745098039215,0.0603168316831683,0.0615201900237529,0.03314,0.0096681011613511,0.0146666666666666,0.103,0.0550333333333333,0.3108298171589311,0.1032,0.0293420910950791,0.0536095444500725,0.0717986051164386,0.2412526709401709,0.499481201171875,0.4991762767710049,0.0698412698412698,0.0133068026364879,0.436875,0.080346470014896,0.0991472034419176,0.0301999999210238,0.0152178327552974,0.25139400022304,0.0063939083301219,0.4998706703976297,0.0,0.2266355156898498,0.1903966665267944,0.7865619659423828,0.5666371583938599
1521,2,0.9,0.999,16384,1e-08,0.001,1024,768,0.6,0.2,289.97,87.75,202.22,151.55,False,0.0003334694989106,0.3334694989106753,2448,12240,1,7344,0.3333333333333333,0.2,1.458113670349121,1.442469358444214,6.248367825754328,16,NVIDIA H100,20000000,10,200000000,40000000,0.2,1297895915.52,6489479577.599999,6489479577.6,763.7068033218384,0.3214919841197723,0.3139999999999999,0.1742,0.1264,0.2263333333333333,0.0169668246445497,0.0973404255319149,0.2416666666666666,0.0137433155080213,0.1041188118811881,0.0471892319873317,0.07802,0.0299475328656487,0.0169333333333333,0.17,0.1110666666666666,0.3178621659634318,0.0943,0.0544847636481102,0.1001034229262211,0.1619406192528431,0.3349358974358974,0.50592041015625,0.5107084019769358,0.099047619047619,0.0226340007461758,0.5865,0.1491347444691689,0.1042178856791641,0.0634999983012676,0.0380746908485889,0.2703802832608453,0.0042722114660177,0.4829049780139676,0.0,0.2792056202888489,0.310647189617157,0.6711703538894653,0.5130152106285095
1521,3,0.9,0.999,16384,1e-08,0.001,1024,768,0.6,0.2,289.97,87.75,202.22,151.55,False,0.0005001361655773,0.5001361655773421,3672,12240,1,7344,0.5,0.3,1.071319580078125,1.054900884628296,5.017683626000398,16,NVIDIA H100,20000000,10,200000000,60000000,0.3,1946843873.28,6489479577.599999,6489479577.6,770.0544812679291,0.4459084219543711,0.3651,0.1956,0.1368666666666666,0.2062666666666666,0.024691943127962,0.1281914893617021,0.2312962962962963,0.0153208556149732,0.1381782178217822,0.0684877276326207,0.11866,0.0528994478177995,0.0201333333333333,0.2155,0.1563666666666666,0.3445850914205344,0.1393,0.0703133412296758,0.1727959384578913,0.1904012437351286,0.4328926282051282,0.570526123046875,0.4931356397583745,0.1455555555555555,0.0456410894167392,0.652125,0.219697666292734,0.0618085433312845,0.108899999409914,0.0625510197132825,0.3021802163488346,0.0034453879832357,0.5499564982246573,0.0,0.336448609828949,0.4171189963817596,0.7852839231491089,0.5658355355262756
1521,4,0.9,0.999,16384,1e-08,0.001,1024,768,0.6,0.2,289.97,87.75,202.22,151.55,False,0.000666802832244,0.6668028322440087,4896,12240,1,7344,0.6666666666666666,0.4,4.850948810577393,4.850509643554688,8.345128558430018,16,NVIDIA H100,20000000,10,200000000,80000000,0.4,2595791831.04,6489479577.599999,6489479577.6,765.8329219818115,0.0098039215686274,0.1,0.01,0.1265333333333333,0.1997333333333333,0.0047393364928909,0.0212765957446808,0.1061111111111111,0.01,0.0099009900990099,0.007125890736342,0.001,0.0010021812179449,0.0037333333333333,0.003,0.0051,0.0914205344585091,0.101,0.0117368364380316,0.0098039215686274,0.027027027027027,0.0247061965811965,0.499786376953125,0.500823723228995,0.02,0.0044770550926501,0.1,0.0014896003825146,0.1107098955132145,0.0010000000474974,0.0001999600135604,0.134403925504628,0.0,0.5,0.0,0.0690045282244682,0.0171189978718757,0.8096585869789124,0.5749061107635498
1521,5,0.9,0.999,16384,1e-08,0.001,1024,768,0.6,0.2,289.97,87.75,202.22,151.55,False,0.0008334694989106,0.8334694989106755,6120,12240,1,7344,0.8333333333333334,0.5,4.850949764251709,4.850510120391846,9.718068356607477,16,NVIDIA H100,20000000,10,200000000,100000000,0.5,3244739788.8,6489479577.599999,6489479577.6,767.8407247066498,0.0098039215686274,0.1,0.01,0.1205333333333333,0.2254,0.0047393364928909,0.0212765957446808,0.1122222222222222,0.01,0.0125940594059405,0.0201900237529691,0.00096,0.0006681208119632,0.0044,0.0025,0.0045333333333333,0.3150492264416315,0.0982,0.01249057822763,0.0098039215686274,0.027027027027027,0.0384615384615384,0.500213623046875,0.4991762767710049,0.0217460317460317,0.0053475935828877,0.1,0.0013148941648123,0.096919176398279,0.0011000000522471,0.0001999600135604,0.1282535965205754,4.8386856640909975e-05,0.5,0.0,0.0654205605387687,0.0174627639353275,0.8096585869789124,0.5749061107635498
1521,6,0.9,0.999,16384,1e-08,0.001,1024,768,0.6,0.2,289.97,87.75,202.22,151.55,False,0.001,1.0,7344,12240,1,7344,1.0,0.6,4.564901828765869,4.560921669006348,9.62982361301098,16,NVIDIA H100,20000000,10,200000000,120000000,0.6,3893687746.56,6489479577.599999,6489479577.6,771.0625221729279,0.0152055000989494,0.1066,0.0161,0.1388666666666666,0.2036,0.0045971563981042,0.0111702127659574,0.109074074074074,0.01301247771836,0.0115247524752475,0.0133016627078384,0.00134,0.0008646269331289,0.0049333333333333,0.0035,0.0050666666666666,0.1561181434599156,0.1011,0.0112522881447184,0.0118054687209375,0.0365816700729245,0.0339209401709401,0.498779296875,0.4991762767710049,0.0203174603174603,0.0039796045268001,0.133625,0.0027493241627894,0.0873156115550092,0.0007000000186963,0.000119952019304,0.1684788669566186,0.0006676120667427,0.535330495920239,0.0080596413463354,0.1028037369251251,0.0348258689045906,0.7301442623138428,0.5737248659133911
1521,7,0.9,0.999,16384,1e-08,0.001,1024,768,0.6,0.2,289.97,87.75,202.22,151.55,False,0.0008535533905932,0.8535533905932737,8568,12240,0,7344,1.0,0.7,4.199149131774902,4.187142372131348,9.28256962969412,16,NVIDIA H100,20000000,10,200000000,140000000,0.7,4542635704.32,6489479577.599999,6489479577.6,776.9458346366882,0.0346009623068797,0.2029,0.0339,0.1251333333333333,0.1978,0.0061137440758293,0.0191489361702127,0.1407407407407407,0.0140374331550802,0.0152475247524752,0.0166270783847981,0.00278,0.0011200848906443,0.0092,0.0115,0.0114666666666666,0.1392405063291139,0.1158,0.0106600624528911,0.0103661914788022,0.0309712523091418,0.0886752136752136,0.535552978515625,0.4991762767710049,0.045079365079365,0.0058450441487377,0.21075,0.0051308457619949,0.077059004302397,0.0019000000029336,0.0008998800767585,0.2067135050741608,0.0011106703450503,0.5348484492204952,0.0,0.092760182917118,0.0567849688231945,0.7898484468460083,0.5747795701026917
1521,8,0.9,0.999,16384,1e-08,0.001,1024,768,0.6,0.2,289.97,87.75,202.22,151.55,False,0.0005,0.5,9792,12240,0,7344,1.0,0.8,3.481924057006836,3.470844030380249,8.755371174002006,16,NVIDIA H100,20000000,10,200000000,160000000,0.8,5191583662.08,6489479577.599999,6489479577.6,778.559121131897,0.0635140130509952,0.2321,0.0521999999999999,0.1357333333333333,0.2218666666666666,0.0060189573459715,0.0239361702127659,0.2064814814814815,0.0114171122994652,0.0226930693069306,0.044972288202692,0.00746,0.003360254671933,0.0092,0.0445,0.0209333333333333,0.3417721518987341,0.0772,0.0157209001830515,0.0066168512708605,0.0404324145022627,0.1685363247863248,0.50872802734375,0.500274574409665,0.0249206349206349,0.0064668573560502,0.228625,0.0207532596502197,0.0853180700676091,0.0042000000830739,0.003059456241317,0.2598639455782313,0.0003993328899176,0.5028334940155665,0.0,0.1391402781009674,0.0764091834425926,0.7392733097076416,0.5872252583503723
1521,9,0.9,0.999,16384,1e-08,0.001,1024,768,0.6,0.2,289.97,87.75,202.22,151.55,False,0.0001464466094067,0.1464466094067262,11016,12240,0,7344,1.0,0.9,2.3417320251464844,2.33249831199646,7.588599368637683,16,NVIDIA H100,20000000,10,200000000,180000000,0.9,5840531619.84,6489479577.599999,6489479577.6,780.7893629074097,0.1499284616440497,0.2904,0.1015,0.1582666666666666,0.1902,0.0100947867298578,0.0308510638297872,0.0907407407407407,0.016488413547237,0.0514851485148514,0.0734758511480601,0.02438,0.009766354221934,0.0154666666666666,0.0835,0.0385333333333333,0.3319268635724332,0.005,0.0360180898029503,0.0327061232542594,0.0580292369554503,0.3241185897435897,0.499847412109375,0.5052169137836353,0.05,0.0133068026364879,0.421875,0.0671331629181455,0.0828211432083589,0.0201000003144145,0.0110183926299214,0.2736980037916806,0.0053986374707066,0.5000470289463165,0.0,0.2172897160053253,0.1848998516798019,0.7861968278884888,0.577564001083374
1521,10,0.9,0.999,16384,1e-08,0.001,1024,768,0.6,0.2,289.97,87.75,202.22,151.55,False,0.0,0.0,12240,12240,0,7344,1.0,1.0,2.010481357574463,2.002519369125366,6.518926459979388,16,NVIDIA H100,20000000,10,200000000,200000000,1.0,6489479577.599999,6489479577.599999,6489479577.6,779.58962225914,0.1819203477998554,0.2757,0.1201,0.1138,0.2006,0.0135071090047393,0.0457446808510638,0.0887037037037037,0.0105258467023172,0.0606336633663366,0.078147268408551,0.03422,0.013264163178683,0.0156,0.091,0.0465333333333333,0.2137834036568213,0.0858,0.0408635727360826,0.0428093289196075,0.0560756572321828,0.3141693376068376,0.500274658203125,0.5074135090609555,0.0647619047619047,0.0116900882974754,0.471625,0.0895875094249406,0.0880838967424708,0.0256000002846121,0.0161974807269871,0.2684509869521579,0.0033547996705536,0.5001646013121076,0.0,0.2394859790802002,0.225887268781662,0.8018988370895386,0.5705606937408447
1522,1,0.9,0.999,16384,1e-08,0.002,1024,768,0.2,0.2,289.97,87.75,202.22,151.55,False,0.001000816993464,0.5004084967320263,1224,12240,1,2448,0.5,0.1,1.9779016971588133,1.9650843143463133,7.815326014375375,16,NVIDIA H100,20000000,10,200000000,20000000,0.1,648947957.76,6489479577.599999,6489479577.6,762.5969135761261,0.228236230888796,0.2541,0.1401,0.1184,0.2094666666666666,0.0143601895734597,0.0606382978723404,0.1587037037037037,0.0107040998217468,0.0708118811881188,0.0598574821852731,0.0416,0.0164082611173338,0.0136,0.1255,0.0714333333333333,0.3909985935302391,0.0531,0.0381716377732314,0.0519741582848186,0.0860373243519311,0.2844551282051282,0.53509521484375,0.500823723228995,0.0693650793650793,0.015047879616963,0.474375,0.1087684131158394,0.0843961278426552,0.0376000003889203,0.0223567774519324,0.2864447418311587,0.0018383427260938,0.5560702612457968,0.0,0.2476635575294494,0.2388308942317962,0.735895574092865,0.5597603917121887
1522,2,0.9,0.999,16384,1e-08,0.002,1024,768,0.2,0.2,289.97,87.75,202.22,151.55,False,0.002,1.0,2448,12240,1,2448,1.0,0.2,4.85093355178833,4.850493431091309,8.977175586753422,16,NVIDIA H100,20000000,10,200000000,40000000,0.2,1297895915.52,6489479577.599999,6489479577.6,759.0847325325012,0.0084833933573429,0.1,0.01,0.1234666666666666,0.1997333333333333,0.0046445497630331,0.0175531914893617,0.0659259259259259,0.0106060606060606,0.0099801980198019,0.0065716547901821,0.001,0.00131659101181,0.0029333333333333,0.003,0.0053,0.3150492264416315,0.1033,0.0065144826101001,0.0092914625900822,0.027027027027027,0.024906517094017,0.499786376953125,0.4991762767710049,0.0228571428571428,0.0049745056585001,0.104875,0.0073836364639461,0.1429010448678549,0.0010000000474974,0.0001999600135604,0.1284654845544775,0.0,0.5,0.0,0.0841121524572372,0.0175365339964628,0.8086543679237366,0.57532799243927
1522,3,0.9,0.999,16384,1e-08,0.002,1024,768,0.2,0.2,289.97,87.75,202.22,151.55,False,0.0019238795325112,0.9619397662556434,3672,12240,0,2448,1.0,0.3,4.850947380065918,4.850506782531738,9.757329912746654,16,NVIDIA H100,20000000,10,200000000,60000000,0.3,1946843873.28,6489479577.599999,6489479577.6,763.352313041687,0.0098039215686274,0.1,0.01,0.1237333333333333,0.0904666666666666,0.0047393364928909,0.0234042553191489,0.1125925925925925,0.01,0.0099009900990099,0.0546318289786223,0.001,0.0010021812179449,0.0026666666666666,0.0035,0.002,0.220815752461322,0.101,0.0057607408205017,0.0098039215686274,0.027027027027027,0.0199652777777777,0.499786376953125,0.4991762767710049,0.0233333333333333,0.0059694067902002,0.1,0.0044412159552752,0.1107098955132145,0.0010000000474974,0.0001999600135604,0.131443069030891,0.0,0.5,0.0,0.0649651959538459,0.018371608108282,0.1903414279222488,0.4250938594341278
1522,4,0.9,0.999,16384,1e-08,0.002,1024,768,0.2,0.2,289.97,87.75,202.22,151.55,False,0.0017071067811865,0.8535533905932737,4896,12240,0,2448,1.0,0.4,4.850934028625488,4.850494384765625,9.703985267215304,16,NVIDIA H100,20000000,10,200000000,80000000,0.4,2595791831.04,6489479577.599999,6489479577.6,763.9397776126862,0.0101909184726522,0.1,0.0109,0.1024666666666666,0.0904666666666666,0.0047867298578199,0.0148936170212765,0.1125925925925925,0.0109536541889483,0.0099009900990099,0.0356294536817102,0.001,0.0010021812179449,0.0032,0.006,0.0064333333333333,0.220815752461322,0.101,0.0057607408205017,0.0098039215686274,0.0282309582309582,0.0199652777777777,0.503387451171875,0.4991762767710049,0.0223809523809523,0.0047257803755751,0.1,0.0044412159552752,0.1107098955132145,0.0007000000186963,0.0001999600135604,0.1310025649604103,0.0,0.5114868201377948,0.0,0.1154273003339767,0.0188146755099296,0.1903414279222488,0.4250938594341278
1522,5,0.9,0.999,16384,1e-08,0.002,1024,768,0.2,0.2,289.97,87.75,202.22,151.55,False,0.001382683432365,0.6913417161825449,6120,12240,0,2448,1.0,0.5,4.850944519042969,4.8505048751831055,9.70407687760646,16,NVIDIA H100,20000000,10,200000000,100000000,0.5,3244739788.8,6489479577.599999,6489479577.6,768.6571581363678,0.0098039215686274,0.0911,0.01,0.1294,0.2254,0.0047393364928909,0.0212765957446808,0.1122222222222222,0.01,0.0099009900990099,0.009501187648456,0.001,0.0010021812179449,0.0016,0.005,0.0056666666666666,0.220815752461322,0.101,0.0077527726930117,0.0098039215686274,0.027027027027027,0.0264423076923076,0.499786376953125,0.4991762767710049,0.0241269841269841,0.0053475935828877,0.1,0.0044412159552752,0.1107098955132145,0.0010000000474974,0.0001999600135604,0.147111631537861,9.164042314048982e-07,0.5,0.0,0.0565610863268375,0.0158663876354694,0.8096585869789124,0.5749061107635498
1522,6,0.9,0.999,16384,1e-08,0.002,1024,768,0.2,0.2,289.97,87.75,202.22,151.55,False,0.001,0.5,7344,12240,0,2448,1.0,0.6,4.723125457763672,4.719336986541748,9.675399069692574,16,NVIDIA H100,20000000,10,200000000,120000000,0.6,3893687746.56,6489479577.599999,6489479577.6,768.4207422733307,0.0155556310044139,0.1156,0.0166,0.089,0.1852666666666666,0.0046445497630331,0.0186170212765957,0.0864814814814814,0.0066399286987522,0.0089504950495049,0.0269200316706254,0.00114,0.0010021812179449,0.0036,0.0165,0.0045333333333333,0.1040787623066104,0.0619,0.0080758048885538,0.0089746728308733,0.0229889623629591,0.039863782051282,0.525970458984375,0.500823723228995,0.0165079365079365,0.0070886705633627,0.1275,0.0012689188443643,0.0831284572833435,0.0016000000759959,0.0004399839963298,0.1759116761458681,0.0017660721614399,0.5002586592047406,0.0,0.0998890101909637,0.0344119146466255,0.6705313324928284,0.5898409485816956
1522,7,0.9,0.999,16384,1e-08,0.002,1024,768,0.2,0.2,289.97,87.75,202.22,151.55,False,0.0006173165676349,0.3086582838174551,8568,12240,0,2448,1.0,0.7,4.613625526428223,4.612661838531494,9.511198788686515,16,NVIDIA H100,20000000,10,200000000,140000000,0.7,4542635704.32,6489479577.599999,6489479577.6,776.3346834182739,0.0136531054435561,0.1078,0.0169,0.1565333333333333,0.2169333333333333,0.0049763033175355,0.025,0.1,0.0107575757575757,0.012,0.0303246239113222,0.00098,0.0009628799937118,0.0037333333333333,0.0105,0.0052,0.2784810126582278,0.0704,0.010444707655863,0.0103478040233132,0.0302702702702702,0.0465411324786324,0.530975341796875,0.4991762767710049,0.0166666666666666,0.0075861211292127,0.10475,0.0015815510234106,0.1151275353411186,0.001700000022538,0.0001999600135604,0.1852124456339912,9.244028490144376e-05,0.5089237425635479,0.009671569801867,0.0987791344523429,0.0319849476218223,0.7458462715148926,0.5769733786582947
1522,8,0.9,0.999,16384,1e-08,0.002,1024,768,0.2,0.2,289.97,87.75,202.22,151.55,False,0.0002928932188134,0.1464466094067262,9792,12240,0,2448,1.0,0.8,4.424500465393066,4.411262512207031,9.39662054940766,16,NVIDIA H100,20000000,10,200000000,160000000,0.8,5191583662.08,6489479577.599999,6489479577.6,777.0918662548065,0.0115721306933199,0.1479,0.0227,0.1346666666666666,0.2047333333333333,0.0051658767772511,0.0287234042553191,0.0922222222222222,0.0119696969696969,0.0136237623762376,0.0175771971496437,0.00162,0.0008842775452455,0.004,0.011,0.0066,0.2672292545710267,0.0957,0.0080219661892968,0.007790247251675,0.0318429275949422,0.048344017094017,0.533233642578125,0.500823723228995,0.0258730158730158,0.0052232309414251,0.141875,0.0042757048016624,0.0929240934234787,0.0011999999987892,0.0005598960560746,0.1767425002788,0.0003254149942276,0.5024102334987185,0.0135135138407349,0.0854605957865715,0.036466360092163,0.7717728614807129,0.5834282636642456
1522,9,0.9,0.999,16384,1e-08,0.002,1024,768,0.2,0.2,289.97,87.75,202.22,151.55,False,7.612046748871326e-05,0.0380602337443566,11016,12240,0,2448,1.0,0.9,4.156694412231445,4.144070625305176,9.098516564743193,16,NVIDIA H100,20000000,10,200000000,180000000,0.9,5840531619.84,6489479577.599999,6489479577.6,779.2920455932617,0.0364530880485184,0.1922,0.0326,0.119,0.1850666666666666,0.0053080568720379,0.0340425531914893,0.0551851851851851,0.0122014260249554,0.0188118811881188,0.0376088677751385,0.00308,0.0012183379512271,0.0056,0.0135,0.0130666666666666,0.0942334739803094,0.1309,0.0153440292882523,0.012063318730467,0.0287730343589091,0.0757211538461538,0.49945068359375,0.4914881933003844,0.0188888888888888,0.0068399452804377,0.205,0.0101513507549147,0.1029886293792255,0.0014000000082887,0.000639824065729,0.2142132262741161,0.0016917109431783,0.503797587415054,0.0,0.0910099893808364,0.0564440265297889,0.7941391468048096,0.5788297057151794
1522,10,0.9,0.999,16384,1e-08,0.002,1024,768,0.2,0.2,289.97,87.75,202.22,151.55,False,0.0,0.0,12240,12240,0,2448,1.0,1.0,4.10990047454834,4.095589637756348,8.956717110926808,16,NVIDIA H100,20000000,10,200000000,200000000,1.0,6489479577.599999,6489479577.599999,6489479577.6,781.5907349586487,0.0351184170245355,0.2047,0.0326,0.1098666666666666,0.1837333333333333,0.0055450236966824,0.0308510638297872,0.0688888888888888,0.0139661319073083,0.0168316831683168,0.0410926365795724,0.00322,0.001631000805675,0.0065333333333333,0.0175,0.0123666666666666,0.1547116736990154,0.1063,0.0142134166038548,0.0122889002837227,0.034189105617677,0.0739182692307692,0.50250244140625,0.4728171334431631,0.0203174603174603,0.0080835716950628,0.213,0.0102341063317211,0.0939612784265519,0.0022000001044943,0.0009598160977475,0.2186349949815992,0.0018346446126129,0.5310626190420203,0.0,0.0984162911772728,0.0538622140884399,0.7942304015159607,0.5789562463760376
1524,1,0.9,0.999,16384,1e-08,0.002,1024,768,0.6,0.2,289.97,87.75,202.22,151.55,False,0.000333605664488,0.1668028322440087,1224,12240,1,7344,0.1666666666666666,0.1,2.1791253089904785,2.163669347763061,7.978646475505205,16,NVIDIA H100,20000000,10,200000000,20000000,0.1,648947957.76,6489479577.599999,6489479577.6,766.2158679962158,0.1954213603540182,0.2871,0.1353,0.1370666666666666,0.1963333333333333,0.0135071090047393,0.0617021276595744,0.1612962962962963,0.0119073083778966,0.0679207920792079,0.0802058590657165,0.03706,0.0102379689127316,0.0145333333333333,0.106,0.0637333333333333,0.3516174402250351,0.0931,0.0317648325616453,0.064976186911289,0.0820997146815849,0.2388488247863248,0.49627685546875,0.4991762767710049,0.0626984126984127,0.0154209675413505,0.434375,0.0783327509792743,0.0642286416717885,0.0268999990075826,0.0156377046369016,0.2625571540091446,0.0026309322269899,0.4869141956874456,0.0,0.2383177578449249,0.2025052160024643,0.7948694825172424,0.5762983560562134
1524,2,0.9,0.999,16384,1e-08,0.002,1024,768,0.6,0.2,289.97,87.75,202.22,151.55,False,0.0006669389978213,0.3334694989106753,2448,12240,1,7344,0.3333333333333333,0.2,4.850825786590576,4.850377082824707,7.006240296597574,16,NVIDIA H100,20000000,10,200000000,40000000,0.2,1297895915.52,6489479577.599999,6489479577.6,764.1262168884277,0.0117647058823529,0.1,0.01,0.1205333333333333,0.2254,0.0047393364928909,0.0212765957446808,0.1064814814814814,0.01,0.0098613861386138,0.004750593824228,0.001,0.0010021812179449,0.0030666666666666,0.0025,0.0056,0.220815752461322,0.1135,0.0085603531818671,0.0098039215686274,0.0272972972972972,0.024639423076923,0.500213623046875,0.4991762767710049,0.0236507936507936,0.0050988682999626,0.1,0.0011401879471099,0.1958743085433313,0.0010000000474974,0.0001999600135604,0.1353351176536188,1.37457422563361e-06,0.5,0.0,0.0730858445167541,0.02296450920403,0.8096585869789124,0.5749061107635498
1524,3,0.9,0.999,16384,1e-08,0.002,1024,768,0.6,0.2,289.97,87.75,202.22,151.55,False,0.0010002723311546,0.5001361655773421,3672,12240,1,7344,0.5,0.3,4.850944519042969,4.8505048751831055,9.703985078662049,16,NVIDIA H100,20000000,10,200000000,60000000,0.3,1946843873.28,6489479577.599999,6489479577.6,764.3626651763916,0.0098039215686274,0.1,0.01,0.1237333333333333,0.2254,0.0047393364928909,0.0212765957446808,0.1125925925925925,0.01,0.0099009900990099,0.007125890736342,0.001,0.0010021812179449,0.0021333333333333,0.0055,0.0095,0.220815752461322,0.098,0.0095832884677506,0.0098039215686274,0.027027027027027,0.0395299145299145,0.499786376953125,0.4991762767710049,0.02,0.0036065166024126,0.1,0.0034297589054195,0.0669944683466502,0.0010000000474974,0.0001999600135604,0.1304895728783316,2.5626980084633105e-05,0.5,0.0,0.0904872417449951,0.0216368772089481,0.8096585869789124,0.5749061107635498
1524,4,0.9,0.999,16384,1e-08,0.002,1024,768,0.6,0.2,289.97,87.75,202.22,151.55,False,0.001333605664488,0.6668028322440087,4896,12240,1,7344,0.6666666666666666,0.4,4.850942134857178,4.8505024909973145,9.704604884378272,16,NVIDIA H100,20000000,10,200000000,80000000,0.4,2595791831.04,6489479577.599999,6489479577.6,765.3627555370331,0.0115092612555347,0.1045999999999999,0.0109,0.128,0.1916,0.0046445497630331,0.0207446808510638,0.1133333333333333,0.0110160427807486,0.0095445544554455,0.0436262866191607,0.00098,0.0012183379512271,0.0086666666666666,0.0065,0.0046666666666666,0.360056258790436,0.1018,0.006406805211586,0.0113851033547001,0.0242997542997542,0.023571047008547,0.519317626953125,0.500823723228995,0.0226984126984126,0.0049745056585001,0.10325,0.0039446824944369,0.0894283958205285,0.0005000000237487,0.0001999600135604,0.122566075610572,0.0002550046980294,0.5577985750229266,0.0,0.073529414832592,0.0212943628430366,0.2809019684791565,0.4298611879348755
1524,5,0.9,0.999,16384,1e-08,0.002,1024,768,0.6,0.2,289.97,87.75,202.22,151.55,False,0.0016669389978213,0.8334694989106755,6120,12240,1,7344,0.8333333333333334,0.5,5.171401500701904,5.180034160614014,10.153641655554178,16,NVIDIA H100,20000000,10,200000000,100000000,0.5,3244739788.8,6489479577.599999,6489479577.6,768.5862729549408,0.0098039215686274,0.1,0.01,0.1294,0.2254,0.0047393364928909,0.0191489361702127,0.1064814814814814,0.01,0.0099009900990099,0.0570071258907363,0.001,0.0010021812179449,0.0012,0.006,0.0045666666666666,0.0914205344585091,0.0982,0.0109830946484332,0.0098039215686274,0.027027027027027,0.0395299145299145,0.499786376953125,0.4991762767710049,0.0219047619047619,0.0059694067902002,0.1,0.0040918035198705,0.096919176398279,0.0010000000474974,0.0001999600135604,0.1574662651946024,0.0,0.5,0.0,0.0765661224722862,0.0239043831825256,0.8096585869789124,0.5749061107635498
1524,6,0.9,0.999,16384,1e-08,0.002,1024,768,0.6,0.2,289.97,87.75,202.22,151.55,False,0.002,1.0,7344,12240,1,7344,1.0,0.6,4.850951671600342,4.850511074066162,9.710141959533193,16,NVIDIA H100,20000000,10,200000000,120000000,0.6,3893687746.56,6489479577.599999,6489479577.6,769.3332741260529,0.0098039215686274,0.1,0.0088,0.1283333333333333,0.158,0.0047393364928909,0.0212765957446808,0.0933333333333333,0.01,0.0099009900990099,0.004750593824228,0.001,0.0010021812179449,0.0129333333333333,0.0025,0.0031,0.3727144866385373,0.0982,0.0092602562722084,0.0098039215686274,0.027027027027027,0.0219684829059829,0.499786376953125,0.4991762767710049,0.0217460317460317,0.0048501430170376,0.1,0.0016367214079482,0.096919176398279,0.0010000000474974,0.0001999600135604,0.1342533734805397,0.0,0.5,0.0,0.0560747645795345,0.0250521916896104,0.8096585869789124,0.5749061107635498
1524,7,0.9,0.999,16384,1e-08,0.002,1024,768,0.6,0.2,289.97,87.75,202.22,151.55,False,0.0017071067811865,0.8535533905932737,8568,12240,0,7344,1.0,0.7,4.850944995880127,4.850505352020264,9.704015392104006,16,NVIDIA H100,20000000,10,200000000,140000000,0.7,4542635704.32,6489479577.599999,6489479577.6,775.4344637393951,0.0098039215686274,0.1,0.01,0.1283333333333333,0.158,0.0047393364928909,0.0212765957446808,0.1064814814814814,0.01,0.0099009900990099,0.004750593824228,0.001,0.0010021812179449,0.0097333333333333,0.003,0.0031,0.220815752461322,0.1028,0.0061376117153009,0.0098039215686274,0.027027027027027,0.0384615384615384,0.499786376953125,0.4991762767710049,0.026031746031746,0.0048501430170376,0.1,0.0013976497416186,0.077558389674247,0.0010000000474974,0.0001999600135604,0.1308352849336455,0.0,0.5,0.0,0.0806074738502502,0.0208768267184495,0.8096585869789124,0.5749061107635498
1524,8,0.9,0.999,16384,1e-08,0.002,1024,768,0.6,0.2,289.97,87.75,202.22,151.55,False,0.001,0.5,9792,12240,0,7344,1.0,0.8,4.850942134857178,4.8505024909973145,9.70353206310397,16,NVIDIA H100,20000000,10,200000000,160000000,0.8,5191583662.08,6489479577.599999,6489479577.6,775.8608839511871,0.0082349473830204,0.0983,0.0078,0.1290666666666666,0.2296666666666666,0.005260663507109,0.0212765957446808,0.1075925925925925,0.0118181818181818,0.011089108910891,0.0209817893903404,0.00096,0.0007270726483129,0.0046666666666666,0.006,0.0036,0.0731364275668073,0.0985,0.0085603531818671,0.0077322045758618,0.0275675675675675,0.0213675213675213,0.500152587890625,0.500823723228995,0.0177777777777777,0.0064668573560502,0.094875,0.0018482078820089,0.0688767670559311,0.0010000000474974,0.0001999600135604,0.1307293409166945,0.0002276748917017,0.5000352717097374,0.0,0.0599334090948104,0.0202257763594388,0.8096585869789124,0.5749061107635498
1524,9,0.9,0.999,16384,1e-08,0.002,1024,768,0.6,0.2,289.97,87.75,202.22,151.55,False,0.0002928932188134,0.1464466094067262,11016,12240,0,7344,1.0,0.9,4.8509392738342285,4.850500106811523,9.703173010957007,16,NVIDIA H100,20000000,10,200000000,180000000,0.9,5840531619.84,6489479577.599999,6489479577.6,777.6487910747528,0.0087458386264056,0.096,0.0101,0.1273333333333333,0.2304666666666666,0.0047867298578199,0.0223404255319148,0.1348148148148148,0.0101782531194295,0.0113267326732673,0.0264449722882026,0.00098,0.0010021812179449,0.0045333333333333,0.006,0.0037666666666666,0.1223628691983122,0.1061,0.0095294497684935,0.0129410933843018,0.0251351351351351,0.0355235042735042,0.500213623046875,0.4991762767710049,0.0161904761904761,0.0047257803755751,0.098875,0.001480405318425,0.1631453595574677,0.0010000000474974,0.0001999600135604,0.1307293409166945,0.0003906363611594,0.5,0.0,0.0712669715285301,0.0164628401398658,0.672631025314331,0.536134660243988
1524,10,0.9,0.999,16384,1e-08,0.002,1024,768,0.6,0.2,289.97,87.75,202.22,151.55,False,0.0,0.0,12240,12240,0,7344,1.0,1.0,4.850920677185059,4.850485324859619,9.703408805373448,16,NVIDIA H100,20000000,10,200000000,200000000,1.0,6489479577.599999,6489479577.599999,6489479577.6,778.4123167991638,0.0039648212226066,0.1007,0.0079,0.1264,0.2282666666666666,0.0042654028436018,0.0287234042553191,0.1103703703703703,0.0122816399286987,0.0095841584158415,0.0174980205859065,0.00104,0.0010021812179449,0.0064,0.0025,0.0035333333333333,0.1786216596343178,0.0971,0.0106062237536341,0.0098329488809663,0.0256756756756756,0.0813969017094017,0.515106201171875,0.4991762767710049,0.0117460317460317,0.0039796045268001,0.10075,0.0013516744211707,0.1281499692685925,0.0010000000474974,0.0001999600135604,0.1334838853574216,0.0001114081996434,0.5446422272908975,0.0,0.085846871137619,0.0174129344522953,0.8081066012382507,0.5746108293533325
1525,1,0.9,0.999,16384,1e-08,0.001,768,1024,0.2,0.2,278.11,154.75,123.36,85.35,False,0.000500408496732,0.5004084967320263,1224,12240,1,2448,0.5,0.1,1.956224083900452,1.9491647481918333,7.853308616510404,16,NVIDIA H100,20000000,10,200000000,20000000,0.1,578157281.28,5781572812.799999,5781572812.799999,736.1075794696808,0.2325637025967499,0.2855,0.142,0.1512,0.2064666666666666,0.0156872037914691,0.052127659574468,0.1622222222222222,0.0115864527629233,0.0729108910891089,0.0457640538400633,0.04654,0.0161135019355852,0.0146666666666666,0.1225,0.0749333333333333,0.3994374120956399,0.1296,0.037364057284376,0.0622955473281139,0.0832655984726941,0.312099358974359,0.498504638671875,0.500823723228995,0.0849206349206349,0.014301703768188,0.513,0.0935873623039152,0.0938844499078057,0.041100000962615,0.0205571772530674,0.2500892160142746,0.0037148461802136,0.4919698074164648,0.0,0.2231308370828628,0.2334029227495193,0.7439291477203369,0.5381597280502319
1525,2,0.9,0.999,16384,1e-08,0.001,768,1024,0.2,0.2,278.11,154.75,123.36,85.35,False,0.001,1.0,2448,12240,1,2448,1.0,0.2,4.850916385650635,4.850474834442139,6.538644172786888,16,NVIDIA H100,20000000,10,200000000,40000000,0.2,1156314562.56,5781572812.799999,5781572812.799999,732.0243134498596,0.0098039215686274,0.1,0.01,0.1237333333333333,0.1997333333333333,0.0047393364928909,0.0180851063829787,0.1125925925925925,0.01,0.0099009900990099,0.0285035629453681,0.001,0.0011397355027609,0.0021333333333333,0.0025,0.0095,0.220815752461322,0.1135,0.0118983525358027,0.0098039215686274,0.027027027027027,0.0264423076923076,0.500213623046875,0.4991762767710049,0.0228571428571428,0.0048501430170376,0.1,0.0042665097375728,0.1958743085433313,0.0010000000474974,0.0001999600135604,0.1397457343593175,3.202326169729692e-05,0.5,0.0,0.0899532735347747,0.0181979574263095,0.8096585869789124,0.5749061107635498
1525,3,0.9,0.999,16384,1e-08,0.001,768,1024,0.2,0.2,278.11,154.75,123.36,85.35,False,0.0009619397662556,0.9619397662556434,3672,12240,0,2448,1.0,0.3,4.850942134857178,4.850502014160156,9.705382714863696,16,NVIDIA H100,20000000,10,200000000,60000000,0.3,1734471843.84,5781572812.799999,5781572812.799999,733.2671890258789,0.0098039215686274,0.1,0.01,0.1292666666666666,0.1428666666666666,0.004691943127962,0.0212765957446808,0.0774074074074074,0.0099910873440285,0.0095049504950495,0.0048297703879651,0.001,0.0009825306058283,0.0021333333333333,0.0025,0.0039333333333333,0.0914205344585091,0.0984,0.0061376117153009,0.0099868655596209,0.027027027027027,0.0244391025641025,0.500213623046875,0.500823723228995,0.0222222222222222,0.0046014177341126,0.1,0.0013240892289019,0.0971496619545175,0.0010000000474974,0.0001999600135604,0.1307293409166945,6.849343216478972e-05,0.5,0.0,0.045560747385025,0.0192850418388843,0.1903414279222488,0.4250938594341278
1525,4,0.9,0.999,16384,1e-08,0.001,768,1024,0.2,0.2,278.11,154.75,123.36,85.35,False,0.0008535533905932,0.8535533905932737,4896,12240,0,2448,1.0,0.4,4.850881576538086,4.850433826446533,9.703257432950087,16,NVIDIA H100,20000000,10,200000000,80000000,0.4,2312629125.12,5781572812.799999,5781572812.799999,733.7660970687866,0.0098039215686274,0.1001,0.009,0.1290666666666666,0.2206,0.0047867298578199,0.025531914893617,0.1168518518518518,0.01,0.0097425742574257,0.0107680126682501,0.00104,0.0017096032541413,0.0013333333333333,0.0015,0.0057666666666666,0.220815752461322,0.115,0.0093679336707225,0.0086610146898445,0.028115009800403,0.024639423076923,0.50604248046875,0.5024711696869851,0.0209523809523809,0.0044770550926501,0.1,0.0016826967283961,0.1614935464044253,0.0010000000474974,0.0001999600135604,0.1310415969666555,1.8193594399283896e-05,0.5136148799586145,0.0,0.0303738322108984,0.0307342056185007,0.8096585869789124,0.5749061107635498
1525,5,0.9,0.999,16384,1e-08,0.001,768,1024,0.2,0.2,278.11,154.75,123.36,85.35,False,0.0006913417161825,0.6913417161825449,6120,12240,0,2448,1.0,0.5,4.850942134857178,4.850502014160156,9.703270516364404,16,NVIDIA H100,20000000,10,200000000,100000000,0.5,2890786406.4,5781572812.799999,5781572812.799999,740.4198508262634,0.0108961117556209,0.0987,0.011,0.1284666666666666,0.2450666666666666,0.0048341232227488,0.0180851063829787,0.0488888888888888,0.0096969696969696,0.0095445544554455,0.0375296912114014,0.00092,0.0010218318300615,0.0036,0.0025,0.0099666666666666,0.3727144866385373,0.096,0.0102293528588349,0.009090909090909,0.026784223927081,0.0244391025641025,0.50390625,0.4788577704557935,0.028095238095238,0.0036065166024126,0.098625,0.0011034076907516,0.101759373079287,0.0005000000237487,9.996001608669758e-05,0.1307293409166945,0.0003946331454584,0.511404519481741,0.0,0.1109813079237937,0.0205444265156984,0.8029943108558655,0.5742732882499695
1525,6,0.9,0.999,16384,1e-08,0.001,768,1024,0.2,0.2,278.11,154.75,123.36,85.35,False,0.0005,0.5,7344,12240,0,2448,1.0,0.6,4.850931644439697,4.850491046905518,9.70327156197791,16,NVIDIA H100,20000000,10,200000000,120000000,0.6,3468943687.68,5781572812.799999,5781572812.799999,739.6463887691498,0.009561334097998,0.1002,0.011,0.1245333333333333,0.2141333333333333,0.0045971563981042,0.0196808510638297,0.1125925925925925,0.0103208556149732,0.0099009900990099,0.0499604117181314,0.00104,0.0010021812179449,0.0090666666666666,0.006,0.0064333333333333,0.220815752461322,0.0892,0.0106600624528911,0.0098039215686274,0.0278009828009828,0.0223023504273504,0.50262451171875,0.499725425590335,0.0222222222222222,0.0047257803755751,0.0965,0.0010206521139452,0.091579594345421,0.0007000000186963,0.0001799680103431,0.1307293409166945,0.0002514866103661,0.5110400451477884,0.0,0.0537383183836936,0.0208768267184495,0.8070111274719238,0.5745686292648315
1525,7,0.9,0.999,16384,1e-08,0.001,768,1024,0.2,0.2,278.11,154.75,123.36,85.35,False,0.0003086582838174,0.3086582838174551,8568,12240,0,2448,1.0,0.7,4.850938320159912,4.850497722625732,9.702830925486444,16,NVIDIA H100,20000000,10,200000000,140000000,0.7,4047100968.96,5781572812.799999,5781572812.799999,745.0977659225464,0.0092739798622151,0.1028999999999999,0.0098,0.1264666666666666,0.2254,0.004691943127962,0.0207446808510638,0.0735185185185185,0.0099910873440285,0.0095841584158415,0.0215360253365003,0.0011,0.0010807836664112,0.0041333333333333,0.006,0.0043333333333333,0.3727144866385373,0.1099,0.008344998384839,0.0093902766586086,0.027027027027027,0.0250400641025641,0.500213623046875,0.5019220208676551,0.0225396825396825,0.0041039671682626,0.100875,0.0045239715320815,0.1814305470190534,0.0009000000136438,0.0003199120328645,0.1307293409166945,0.0005753956142794,0.5,0.0,0.114253394305706,0.0177541058510541,0.8096585869789124,0.5749061107635498
1525,8,0.9,0.999,16384,1e-08,0.001,768,1024,0.2,0.2,278.11,154.75,123.36,85.35,False,0.0001464466094067,0.1464466094067262,9792,12240,0,2448,1.0,0.8,4.482484340667725,4.473512649536133,9.574986658844294,16,NVIDIA H100,20000000,10,200000000,160000000,0.8,4625258250.24,5781572812.799999,5781572812.799999,747.4446284770966,0.0108139595080831,0.1281,0.0174,0.1078,0.2292,0.004691943127962,0.0234042553191489,0.1142592592592592,0.011934046345811,0.0114851485148514,0.0182106096595407,0.00152,0.0006288195877301,0.0034666666666666,0.006,0.0047333333333333,0.140646976090014,0.08,0.008398837084096,0.0094082336042799,0.0316816816816816,0.0669070512820512,0.49884033203125,0.499725425590335,0.0298412698412698,0.0037308792438751,0.14025,0.003668830571749,0.0831284572833435,0.0007000000186963,0.0001599360257387,0.1759228281476525,0.0002470115914593,0.5319208973122957,0.0,0.093891404569149,0.04154809191823,0.72895747423172,0.5495507121086121
1525,9,0.9,0.999,16384,1e-08,0.001,768,1024,0.2,0.2,278.11,154.75,123.36,85.35,False,3.806023374435663e-05,0.0380602337443566,11016,12240,0,2448,1.0,0.9,4.304140567779541,4.292219161987305,9.262557736409256,16,NVIDIA H100,20000000,10,200000000,180000000,0.9,5203415531.52,5781572812.799999,5781572812.799999,750.8240387439728,0.0219390263113763,0.1508999999999999,0.0237,0.126,0.1844,0.0048815165876777,0.0196808510638297,0.1072222222222222,0.0102762923351158,0.0105742574257425,0.0252573238321456,0.00198,0.0013951934602762,0.004,0.0085,0.0069,0.1322081575246132,0.0999,0.0116291590395176,0.010173832490911,0.0333593588168227,0.055221688034188,0.487091064453125,0.500823723228995,0.012063492063492,0.0065912199975127,0.15575,0.0031355168545524,0.1057544560540872,0.0015000000712461,0.0003599360206862,0.1748410839745734,0.0012565548762096,0.4578385496272956,0.0,0.0746606364846229,0.0346555337309837,0.6196823120117188,0.5547820925712585
1525,10,0.9,0.999,16384,1e-08,0.001,768,1024,0.2,0.2,278.11,154.75,123.36,85.35,False,0.0,0.0,12240,12240,0,2448,1.0,1.0,4.221397876739502,4.208890438079834,9.081843559258903,16,NVIDIA H100,20000000,10,200000000,200000000,1.0,5781572812.799999,5781572812.799999,5781572812.799999,753.3586196899414,0.0289790645009205,0.1462,0.0223,0.1262,0.1911333333333333,0.0054502369668246,0.0196808510638297,0.1131481481481481,0.0109090909090909,0.0101386138613861,0.0238321456848772,0.0023,0.0018078563147242,0.0042666666666666,0.009,0.0080333333333333,0.1097046413502109,0.0888,0.0106600624528911,0.0141957815311261,0.0292526495472003,0.0751869658119658,0.399871826171875,0.499725425590335,0.0174603174603174,0.0054719562243502,0.151375,0.0034757342258675,0.0918484941610325,0.0010000000474974,0.0005399440124165,0.1797758447641351,0.0013297867633216,0.3447104192630564,0.0069417664781212,0.0893665179610252,0.037160750478506,0.660215437412262,0.56229168176651
1526,1,0.9,0.999,16384,1e-08,0.001,768,1024,0.4,0.2,278.11,154.75,123.36,85.35,False,0.000250204248366,0.2502042483660131,1224,12240,1,4896,0.25,0.1,2.1365790367126465,2.1235501766204834,7.842825556502623,16,NVIDIA H100,20000000,10,200000000,20000000,0.1,578157281.28,5781572812.799999,5781572812.799999,740.7180778980255,0.1801658837796654,0.2805,0.1161,0.128,0.2052,0.0134597156398104,0.0494680851063829,0.2064814814814815,0.0131105169340463,0.0636435643564356,0.0794932699920823,0.03824,0.0105916799308298,0.0158666666666666,0.102,0.0607,0.3220815752461322,0.1126,0.035425864111123,0.0534783533891759,0.0815578631373504,0.2172809829059829,0.560943603515625,0.5085118066996156,0.0846031746031746,0.0108195498072379,0.436875,0.084061275907093,0.1078288260602335,0.0252000000327825,0.0161378253251314,0.2662930746068919,0.0028687727572254,0.5590918710466292,0.0,0.2184579372406005,0.216283917427063,0.8055504560470581,0.5791249871253967
1526,2,0.9,0.999,16384,1e-08,0.001,768,1024,0.4,0.2,278.11,154.75,123.36,85.35,False,0.000500204248366,0.5002042483660131,2448,12240,1,4896,0.5,0.2,1.3106753826141355,1.2961509227752686,6.408793210204131,16,NVIDIA H100,20000000,10,200000000,40000000,0.2,1156314562.56,5781572812.799999,5781572812.799999,737.3107190132141,0.3712598716803051,0.3128,0.1507,0.1236666666666666,0.2148666666666666,0.020473933649289,0.1106382978723404,0.2594444444444444,0.0119875222816399,0.116,0.0684877276326207,0.09156,0.0379256813849751,0.0201333333333333,0.169,0.1174333333333333,0.3248945147679324,0.1415,0.058091956498331,0.1102069851495884,0.1546182260845264,0.4411725427350427,0.52337646484375,0.4755628775398133,0.0926984126984127,0.0292252207436885,0.61625,0.1724166467440278,0.0754456054087277,0.0835999995470047,0.0445534996688365,0.2873313259730121,0.0017255816670874,0.5190467232581654,0.0,0.295560747385025,0.3503131568431854,0.8043637275695801,0.5779858827590942
1526,3,0.9,0.999,16384,1e-08,0.001,768,1024,0.4,0.2,278.11,154.75,123.36,85.35,False,0.000750204248366,0.7502042483660131,3672,12240,1,4896,0.75,0.3,1.7514187097549438,1.7351024150848389,6.650545050116146,16,NVIDIA H100,20000000,10,200000000,60000000,0.3,1734471843.84,5781572812.799999,5781572812.799999,743.516227722168,0.275652063557217,0.3289,0.1347,0.1319333333333333,0.21,0.0181516587677725,0.0845744680851063,0.1046296296296296,0.0090552584670231,0.0975445544554455,0.0723673792557403,0.05666,0.0233056259702489,0.0144,0.145,0.0879333333333333,0.3037974683544304,0.1224,0.0465166361580704,0.0805797775419558,0.1196903204455619,0.336071047008547,0.5411376953125,0.500823723228995,0.0865079365079365,0.0203954731998507,0.556125,0.1171267263732828,0.1200445605408727,0.0505999997258186,0.0249766884371638,0.2808297089327534,0.0086883074109522,0.4741928657088438,0.0,0.2616822421550751,0.2713987529277801,0.7929523587226868,0.5714466571807861
1526,4,0.9,0.999,16384,1e-08,0.001,768,1024,0.4,0.2,278.11,154.75,123.36,85.35,False,0.001,1.0,4896,12240,1,4896,1.0,0.4,4.555087089538574,4.549500942230225,7.063277132370892,16,NVIDIA H100,20000000,10,200000000,80000000,0.4,2312629125.12,5781572812.799999,5781572812.799999,744.0120856761932,0.0109838351550596,0.1153,0.0156,0.1633333333333333,0.2202666666666666,0.004691943127962,0.0228723404255319,0.1355555555555555,0.0093493761140819,0.0124752475247524,0.0152019002375296,0.00134,0.0011200848906443,0.0037333333333333,0.0135,0.007,0.1223628691983122,0.0683,0.0086680305803811,0.0096198832470305,0.0287155196433546,0.0667067307692307,0.473602294921875,0.500823723228995,0.0365079365079365,0.0058450441487377,0.126375,0.0035217095463155,0.0803626306084818,0.0010000000474974,0.0002799680078169,0.1925894948143192,9.897501277717914e-05,0.4209913701883509,0.0,0.0754716992378234,0.0352775156497955,0.750045657157898,0.5810235142707825
1526,5,0.9,0.999,16384,1e-08,0.001,768,1024,0.4,0.2,278.11,154.75,123.36,85.35,False,0.0009330127018922,0.9330127018922192,6120,12240,0,4896,1.0,0.5,3.244318723678589,3.2179715633392334,8.895249259238149,16,NVIDIA H100,20000000,10,200000000,100000000,0.5,2890786406.4,5781572812.799999,5781572812.799999,748.8915579319,0.074246107051495,0.2537,0.0591,0.1323333333333333,0.2181333333333333,0.0098578199052132,0.0367021276595744,0.1503703703703703,0.0120231729055258,0.044079207920792,0.0663499604117181,0.01144,0.0031833991628839,0.0112,0.0425,0.0253666666666666,0.2672292545710267,0.1002,0.0155055453860234,0.0275890419661979,0.0504153285052161,0.1549813034188034,0.570526123046875,0.500823723228995,0.0439682539682539,0.0109439124487004,0.273,0.0299483237398164,0.0696834665027658,0.0056999998632818,0.0054792882874608,0.2219638675142188,0.0014041993078427,0.5822536271074846,0.0,0.126696839928627,0.0926622748374939,0.805459201335907,0.5809391140937805
1526,6,0.9,0.999,16384,1e-08,0.001,768,1024,0.4,0.2,278.11,154.75,123.36,85.35,False,0.00075,0.75,7344,12240,0,4896,1.0,0.6,1.838070034980774,1.8210409879684448,7.1916110215623394,16,NVIDIA H100,20000000,10,200000000,120000000,0.6,3468943687.68,5781572812.799999,5781572812.799999,750.5032706260681,0.2358266419838513,0.3202,0.1473,0.1310666666666666,0.2446666666666666,0.0149289099526066,0.0638297872340425,0.1251851851851851,0.0110516934046345,0.0934653465346534,0.0833729216152019,0.04792,0.0147772603116587,0.0161333333333333,0.1175,0.0728,0.4430379746835443,0.1114,0.0334876709378701,0.0710612853848694,0.1078350311496378,0.3786057692307692,0.499176025390625,0.4832509610104338,0.0563492063492063,0.0184056709364506,0.4785,0.1024973794067344,0.0916948371235402,0.0472999997437,0.0226367050781846,0.264625850340136,0.0026478571189863,0.4994121381710443,0.0,0.1927570104598999,0.2408278435468673,0.7997078895568848,0.5709825754165649
1526,7,0.9,0.999,16384,1e-08,0.001,768,1024,0.4,0.2,278.11,154.75,123.36,85.35,False,0.0005,0.5,8568,12240,0,4896,1.0,0.7,0.9502296447753906,0.9340306520462036,4.987863393780453,16,NVIDIA H100,20000000,10,200000000,140000000,0.7,4047100968.96,5781572812.799999,5781572812.799999,754.8589498996735,0.4750655791443827,0.4848,0.2152,0.1284666666666666,0.2149333333333333,0.0255924170616113,0.1404255319148936,0.2118518518518518,0.0152673796791443,0.1721980198019801,0.0750593824228028,0.1332,0.0589321857375857,0.0208,0.222,0.1623,0.3150492264416315,0.0972,0.0758587272531495,0.1709728227418389,0.2093121587432454,0.4716212606837607,0.61639404296875,0.500823723228995,0.1323809523809523,0.0516104962069394,0.687,0.220451661548081,0.0737553779963122,0.1266000010073185,0.066350020468235,0.3114921378387421,0.0026200700198416,0.5363416182660428,0.0,0.2967289686203003,0.4384133517742157,0.7924959063529968,0.5671855807304382
1526,8,0.9,0.999,16384,1e-08,0.001,768,1024,0.4,0.2,278.11,154.75,123.36,85.35,False,0.0002499999999999,0.2499999999999999,9792,12240,0,4896,1.0,0.8,0.6375650763511658,0.6288589835166931,3.758985407796561,16,NVIDIA H100,20000000,10,200000000,160000000,0.8,4625258250.24,5781572812.799999,5781572812.799999,757.5497744083405,0.5815449383807693,0.6163,0.2954,0.1398,0.1926666666666666,0.0334597156398104,0.1579787234042553,0.2775925925925926,0.0264973262032085,0.2563168316831683,0.098812351543943,0.19622,0.1000019650612116,0.0272,0.2985,0.2345,0.2742616033755274,0.0996,0.1127382362442123,0.2215441752532793,0.3171004300878041,0.5010016025641025,0.577423095703125,0.500823723228995,0.1726984126984127,0.0911578161920159,0.762875,0.2956580907368924,0.0873156115550092,0.1983999907970428,0.1081244722008705,0.3143582022973124,0.0069353904523183,0.5448068286030051,0.0,0.3855140209197998,0.5519832968711853,0.7322439551353455,0.669408917427063
1526,9,0.9,0.999,16384,1e-08,0.001,768,1024,0.4,0.2,278.11,154.75,123.36,85.35,False,6.698729810778076e-05,0.0669872981077807,11016,12240,0,4896,1.0,0.9,0.5140595436096191,0.5060483813285828,3.0277379057765788,16,NVIDIA H100,20000000,10,200000000,180000000,0.9,5203415531.52,5781572812.799999,5781572812.799999,756.0062680244446,0.6299397528482864,0.6709,0.3661,0.1305333333333333,0.1984666666666666,0.0373933649289099,0.1840425531914893,0.3248148148148148,0.0237967914438502,0.3133465346534653,0.0992874109263658,0.23372,0.1229538800133624,0.0334666666666666,0.345,0.2671666666666666,0.2939521800281294,0.0987,0.132927748465597,0.2615654632801197,0.3751315949640484,0.5341880341880342,0.536865234375,0.4958813838550247,0.2026984126984127,0.1503544335281681,0.793125,0.3341394339518546,0.0752151198524892,0.2412000000476837,0.1343007162213325,0.3270157243225159,0.0110737689325703,0.5562701342676417,0.0,0.4077102839946747,0.586069643497467,0.7909439206123352,0.7250558733940125
1526,10,0.9,0.999,16384,1e-08,0.001,768,1024,0.4,0.2,278.11,154.75,123.36,85.35,False,0.0,0.0,12240,12240,0,4896,1.0,1.0,0.4954021871089935,0.4878993034362793,2.6182247039928934,16,NVIDIA H100,20000000,10,200000000,200000000,1.0,5781572812.799999,5781572812.799999,5781572812.799999,759.0535826683044,0.6339629433433452,0.6847000000000001,0.384,0.1249333333333333,0.2036666666666666,0.038388625592417,0.1851063829787234,0.3033333333333333,0.027379679144385,0.3201188118811881,0.0937450514647664,0.2416,0.1278272318182711,0.0321333333333333,0.351,0.2774,0.2841068917018284,0.1038,0.1356196834284483,0.2627636034596866,0.3840239711654217,0.5311832264957265,0.520050048828125,0.4925864909390445,0.2109523809523809,0.1612983459768685,0.798625,0.3393806204829248,0.0894283958205285,0.2580000013113022,0.1324602141976356,0.3261737481877997,0.0103885929959331,0.5498506830954453,0.0374773330986499,0.3971962630748749,0.5855721235275269,0.7829103469848633,0.7339155673980713
1527,1,0.9,0.999,16384,1e-08,0.001,768,1024,0.6,0.2,278.11,154.75,123.36,85.35,False,0.000166802832244,0.1668028322440087,1224,12240,1,7344,0.1666666666666666,0.1,2.19022798538208,2.1759064197540283,8.007027822771883,16,NVIDIA H100,20000000,10,200000000,20000000,0.1,578157281.28,5781572812.799999,5781572812.799999,735.3219974040985,0.2128243056354023,0.2176,0.0939999999999999,0.1298,0.2087333333333333,0.0127014218009478,0.0595744680851063,0.1648148148148148,0.0096256684491978,0.0637623762376237,0.0482977038796516,0.0353,0.0110239933973943,0.0164,0.1075,0.0579666666666666,0.360056258790436,0.1084,0.0335415096371271,0.0519273661704653,0.0752365349267601,0.3213141025641026,0.52789306640625,0.5090609555189456,0.0895238095238095,0.0115657256560129,0.405625,0.0770270518785515,0.1131684081130915,0.0283999992534518,0.0143978004343807,0.2566633210661314,0.0011885313034725,0.5907188374444471,0.0,0.2021028101444244,0.2013353854417801,0.7976994514465332,0.5759186744689941
1527,2,0.9,0.999,16384,1e-08,0.001,768,1024,0.6,0.2,278.11,154.75,123.36,85.35,False,0.0003334694989106,0.3334694989106753,2448,12240,1,7344,0.3333333333333333,0.2,4.850940227508545,4.850500583648682,9.038509141385944,16,NVIDIA H100,20000000,10,200000000,40000000,0.2,1156314562.56,5781572812.799999,5781572812.799999,729.0426754951477,0.0098039215686274,0.1,0.01,0.1228666666666666,0.1997333333333333,0.0047393364928909,0.0212765957446808,0.1064814814814814,0.01,0.0099009900990099,0.0213776722090261,0.001,0.0010021812179449,0.0032,0.003,0.0076666666666666,0.0914205344585091,0.1135,0.0076989339937547,0.0098039215686274,0.027027027027027,0.0247061965811965,0.500213623046875,0.4991762767710049,0.0203174603174603,0.0050988682999626,0.1,0.0015539658311418,0.1958743085433313,0.0010000000474974,0.0002999600110342,0.1509367681498828,0.0004193123277824,0.5,0.0,0.0614849179983139,0.0204592905938625,0.8096585869789124,0.5749061107635498
1527,3,0.9,0.999,16384,1e-08,0.001,768,1024,0.6,0.2,278.11,154.75,123.36,85.35,False,0.0005001361655773,0.5001361655773421,3672,12240,1,7344,0.5,0.3,4.333973407745361,4.319070816040039,9.484258296442968,16,NVIDIA H100,20000000,10,200000000,60000000,0.3,1734471843.84,5781572812.799999,5781572812.799999,738.2331020832062,0.0270061069514398,0.1886,0.0252,0.1152,0.2549333333333333,0.0075355450236966,0.0132978723404255,0.1398148148148148,0.0135918003565062,0.0141386138613861,0.0319081551860649,0.00296,0.001041482442178,0.006,0.0115,0.0084,0.2517580872011252,0.0902,0.0113061268439754,0.0176214355816451,0.0392628992628992,0.0436030982905982,0.5032958984375,0.4991762767710049,0.0393650793650793,0.0092028354682253,0.17475,0.010372032293065,0.1295328826060233,0.0027000000700354,0.0008798880735412,0.1834169733467157,0.0026431934071705,0.46189479624709,0.0,0.0848416313529014,0.0442144870758056,0.8004382252693176,0.5841454863548279
1527,4,0.9,0.999,16384,1e-08,0.001,768,1024,0.6,0.2,278.11,154.75,123.36,85.35,False,0.000666802832244,0.6668028322440087,4896,12240,1,7344,0.6666666666666666,0.4,2.4439799785614014,2.421900987625122,8.087611681885189,16,NVIDIA H100,20000000,10,200000000,80000000,0.4,2312629125.12,5781572812.799999,5781572812.799999,739.2978579998016,0.1675544602159131,0.2618999999999999,0.1138,0.1198666666666666,0.1723333333333333,0.0118009478672985,0.0462765957446808,0.1392592592592592,0.0137165775401069,0.0527524752475247,0.068091844813935,0.02608,0.0073296783194796,0.0132,0.0895,0.0468666666666666,0.3108298171589311,0.1027,0.0244427694626897,0.0478851462645332,0.0764729269303908,0.2417868589743589,0.630859375,0.4909390444810543,0.0652380952380952,0.0128093520706379,0.409875,0.0680066940066572,0.0714889366933005,0.023199999704957,0.0107184725347906,0.2521634883461581,0.000652541852043,0.6952171561596162,0.0,0.1787383109331131,0.1617873609066009,0.8047288656234741,0.5775218605995178
1527,5,0.9,0.999,16384,1e-08,0.001,768,1024,0.6,0.2,278.11,154.75,123.36,85.35,False,0.0008334694989106,0.8334694989106755,6120,12240,1,7344,0.8333333333333334,0.5,1.2369282245635986,1.220768690109253,5.831443260308185,16,NVIDIA H100,20000000,10,200000000,100000000,0.5,2890786406.4,5781572812.799999,5781572812.799999,745.5801620483398,0.3902579221243938,0.4369,0.2,0.1472666666666666,0.1838,0.0211848341232227,0.0920212765957446,0.2512962962962963,0.01126559714795,0.1362376237623762,0.0799683293745051,0.09672,0.0363536324156497,0.0177333333333333,0.1735,0.1283666666666666,0.3122362869198312,0.0607,0.066383116183913,0.1231099883088063,0.1554154144323097,0.4469150641025641,0.54669189453125,0.500823723228995,0.1049206349206349,0.0341997264021887,0.655625,0.1747613880868749,0.0643054701905347,0.0932000018656253,0.0484134741127491,0.3214285714285714,0.0069534616832707,0.5231382415876972,0.0,0.2873831689357757,0.3686847686767578,0.7879313230514526,0.5783656239509583
1527,6,0.9,0.999,16384,1e-08,0.001,768,1024,0.6,0.2,278.11,154.75,123.36,85.35,False,0.001,1.0,7344,12240,1,7344,1.0,0.6,4.850942611694336,4.850502967834473,7.186937234370537,16,NVIDIA H100,20000000,10,200000000,120000000,0.6,3468943687.68,5781572812.799999,5781572812.799999,742.3346726894379,0.0098039215686274,0.1,0.01,0.1251333333333333,0.1997333333333333,0.0047393364928909,0.0212765957446808,0.1125925925925925,0.01,0.0099009900990099,0.0285035629453681,0.001,0.0010021812179449,0.0036,0.0025,0.0027666666666666,0.0914205344585091,0.1135,0.0051146764294174,0.0098039215686274,0.027027027027027,0.0219684829059829,0.499786376953125,0.4991762767710049,0.0258730158730158,0.0057206815072752,0.1,0.0014896003825146,0.1958743085433313,0.0010000000474974,0.0001999600135604,0.141156462585034,0.0,0.5,0.0,0.0769230797886848,0.0204592905938625,0.8096585869789124,0.5749061107635498
1527,7,0.9,0.999,16384,1e-08,0.001,768,1024,0.6,0.2,278.11,154.75,123.36,85.35,False,0.0008535533905932,0.8535533905932737,8568,12240,0,7344,1.0,0.7,4.850933074951172,4.850493431091309,9.70376488430048,16,NVIDIA H100,20000000,10,200000000,140000000,0.7,4047100968.96,5781572812.799999,5781572812.799999,744.4877140522003,0.0113420625649172,0.0927,0.0108,0.1248,0.2450666666666666,0.0053080568720379,0.0234042553191489,0.1151851851851851,0.0109001782531194,0.010019801980198,0.0281076801266825,0.00104,0.0010021812179449,0.0061333333333333,0.006,0.0041666666666666,0.2728551336146272,0.096,0.0095832884677506,0.0099329205366357,0.0248648648648648,0.0223691239316239,0.508026123046875,0.500823723228995,0.023015873015873,0.0048501430170376,0.10725,0.0018022325615609,0.0756760909649661,0.0010000000474974,0.0001799680103431,0.1307293409166945,0.0003670651785403,0.5338138124015331,0.0,0.046380091458559,0.0221072435379028,0.2672083377838135,0.4328144192695617
1527,8,0.9,0.999,16384,1e-08,0.001,768,1024,0.6,0.2,278.11,154.75,123.36,85.35,False,0.0005,0.5,9792,12240,0,7344,1.0,0.8,4.850945472717285,4.850505828857422,9.703689026676752,16,NVIDIA H100,20000000,10,200000000,160000000,0.8,4625258250.24,5781572812.799999,5781572812.799999,746.0628871917725,0.0098039215686274,0.1,0.01,0.1294,0.2254,0.0047393364928909,0.0212765957446808,0.0735185185185185,0.01,0.0099009900990099,0.0546318289786223,0.001,0.0010021812179449,0.0010666666666666,0.0025,0.0056666666666666,0.0914205344585091,0.0982,0.0098524819640357,0.0098039215686274,0.027027027027027,0.0264423076923076,0.500213623046875,0.500823723228995,0.0207936507936507,0.0044770550926501,0.1,0.0015539658311418,0.096919176398279,0.0010000000474974,0.0001999600135604,0.1113248578119772,8.244555501660592e-06,0.5,0.0,0.0607476644217968,0.015936255455017,0.8096585869789124,0.5749061107635498
1527,9,0.9,0.999,16384,1e-08,0.001,768,1024,0.6,0.2,278.11,154.75,123.36,85.35,False,0.0001464466094067,0.1464466094067262,11016,12240,0,7344,1.0,0.9,4.850942134857178,4.8505024909973145,9.703345217735938,16,NVIDIA H100,20000000,10,200000000,180000000,0.9,5203415531.52,5781572812.799999,5781572812.799999,746.2329132556915,0.0105752596980667,0.1,0.0101,0.1273333333333333,0.1990666666666666,0.0047393364928909,0.0212765957446808,0.0927777777777777,0.01,0.0099009900990099,0.01187648456057,0.00092,0.001041482442178,0.0010666666666666,0.004,0.0029333333333333,0.220815752461322,0.101,0.0090987401744373,0.0098039215686274,0.027027027027027,0.0247061965811965,0.499786376953125,0.4991762767710049,0.0241269841269841,0.0083322969779878,0.1,0.0013424793570811,0.1107098955132145,0.0010000000474974,0.0002199520167778,0.1307293409166945,0.0001681126627455,0.5,0.0,0.0821309685707092,0.0171189978718757,0.8096585869789124,0.5749061107635498
1527,10,0.9,0.999,16384,1e-08,0.001,768,1024,0.6,0.2,278.11,154.75,123.36,85.35,False,0.0,0.0,12240,12240,0,7344,1.0,1.0,4.850942134857178,4.8505024909973145,9.70343262853186,16,NVIDIA H100,20000000,10,200000000,200000000,1.0,5781572812.799999,5781572812.799999,5781572812.799999,746.6766510009766,0.011593174222932,0.1,0.0097,0.1244666666666666,0.2395333333333333,0.0050710900473933,0.0212765957446808,0.0933333333333333,0.009982174688057,0.010019801980198,0.0467141726049089,0.0011,0.0012183379512271,0.0034666666666666,0.0055,0.0035333333333333,0.220815752461322,0.0982,0.0093140949714654,0.010667019544518,0.0278378378378378,0.0438701923076923,0.499786376953125,0.500823723228995,0.0233333333333333,0.0042283298097251,0.09975,0.0023723265351159,0.096919176398279,0.0011999999987892,0.0001999600135604,0.1304561168729787,0.0003888617865543,0.5,0.0,0.0632630437612533,0.0204592905938625,0.2966952621936798,0.4477914273738861
1528,1,0.9,0.999,16384,1e-08,0.002,768,1024,0.2,0.2,278.11,154.75,123.36,85.35,False,0.001000816993464,0.5004084967320263,1224,12240,1,2448,0.5,0.1,2.154590606689453,2.138475179672241,7.865735980030758,16,NVIDIA H100,20000000,10,200000000,20000000,0.1,578157281.28,5781572812.799999,5781572812.799999,737.3226478099823,0.2174429811620408,0.3346,0.1485999999999999,0.1278,0.2030666666666666,0.014170616113744,0.0547872340425531,0.1568518518518518,0.0114973262032085,0.0605544554455445,0.0652414885193982,0.03516,0.01253709053037,0.0116,0.1115,0.0610666666666666,0.3628691983122363,0.0742,0.0359642511036933,0.0427949411293577,0.0886690346249181,0.2088007478632478,0.533966064453125,0.4975288303130148,0.0793650793650793,0.015545330182813,0.417375,0.0717582801552126,0.1106330669944683,0.0262000011280179,0.014137904625386,0.2581855693096911,0.0042637854908643,0.5089119853269688,0.0,0.1985981315374374,0.1970772445201873,0.7943217158317566,0.5761718153953552
1528,2,0.9,0.999,16384,1e-08,0.002,768,1024,0.2,0.2,278.11,154.75,123.36,85.35,False,0.002,1.0,2448,12240,1,2448,1.0,0.2,4.850959777832031,4.850521564483643,6.800184150147282,16,NVIDIA H100,20000000,10,200000000,40000000,0.2,1156314562.56,5781572812.799999,5781572812.799999,732.7406072616577,0.0098039215686274,0.1,0.01,0.1251333333333333,0.0904666666666666,0.0047393364928909,0.0212765957446808,0.115,0.01,0.0099009900990099,0.01187648456057,0.001,0.0009825306058283,0.0016,0.008,0.0025,0.3150492264416315,0.101,0.0051146764294174,0.0098039215686274,0.027027027027027,0.0264423076923076,0.499786376953125,0.500823723228995,0.0222222222222222,0.0057206815072752,0.1,0.0050388951210989,0.1107098955132145,0.0010000000474974,0.0001999600135604,0.1390598862495818,0.0,0.5,0.0,0.0916289612650871,0.0205444265156984,0.8096585869789124,0.5749061107635498
1528,3,0.9,0.999,16384,1e-08,0.002,768,1024,0.2,0.2,278.11,154.75,123.36,85.35,False,0.0019238795325112,0.9619397662556434,3672,12240,0,2448,1.0,0.3,4.850911140441895,4.850472450256348,9.70231203471913,16,NVIDIA H100,20000000,10,200000000,60000000,0.3,1734471843.84,5781572812.799999,5781572812.799999,733.6873693466187,0.0098039215686274,0.1,0.01,0.1251333333333333,0.1997333333333333,0.0047393364928909,0.0212765957446808,0.1125925925925925,0.01,0.0099009900990099,0.0380047505938242,0.00108,0.0011397355027609,0.0017333333333333,0.0045,0.0027666666666666,0.0914205344585091,0.1009,0.010552385054377,0.0098039215686274,0.027027027027027,0.0917467948717948,0.500213623046875,0.500823723228995,0.023015873015873,0.0050988682999626,0.1,0.001664306600217,0.0612707437000614,0.0010000000474974,0.0001999600135604,0.1552916248466599,0.0,0.5,0.0015426147729158,0.06612528860569,0.0216368772089481,0.8096585869789124,0.5749061107635498
1528,4,0.9,0.999,16384,1e-08,0.002,768,1024,0.2,0.2,278.11,154.75,123.36,85.35,False,0.0017071067811865,0.8535533905932737,4896,12240,0,2448,1.0,0.4,4.850946426391602,4.850506782531738,9.703534654542512,16,NVIDIA H100,20000000,10,200000000,80000000,0.4,2312629125.12,5781572812.799999,5781572812.799999,733.2806451320648,0.0098039215686274,0.1,0.01,0.1251333333333333,0.0904666666666666,0.0047393364928909,0.0212765957446808,0.1125925925925925,0.01,0.0099009900990099,0.0380047505938242,0.001,0.0010021812179449,0.0082666666666666,0.0025,0.0056333333333333,0.220815752461322,0.098,0.0082373209863249,0.0095565192925265,0.027027027027027,0.0395299145299145,0.499786376953125,0.4991762767710049,0.0252380952380952,0.0057206815072752,0.1,0.0045423616602607,0.0669944683466502,0.0010000000474974,0.0001999600135604,0.129179212668674,1.6482180702388134e-05,0.5,0.0,0.09112149477005,0.0216368772089481,0.1903414279222488,0.4250938594341278
1528,5,0.9,0.999,16384,1e-08,0.002,768,1024,0.2,0.2,278.11,154.75,123.36,85.35,False,0.001382683432365,0.6913417161825449,6120,12240,0,2448,1.0,0.5,4.850949764251709,4.850509643554688,9.70388313368255,16,NVIDIA H100,20000000,10,200000000,100000000,0.5,2890786406.4,5781572812.799999,5781572812.799999,737.8545277118683,0.0098039215686274,0.0989,0.01,0.1237333333333333,0.2254,0.0047393364928909,0.0212765957446808,0.0933333333333333,0.01,0.0099009900990099,0.0380047505938242,0.001,0.0009825306058283,0.0041333333333333,0.0075,0.0027,0.3150492264416315,0.101,0.0118445138365457,0.0098039215686274,0.027027027027027,0.0917467948717948,0.499786376953125,0.4991762767710049,0.023015873015873,0.0055963188658127,0.1,0.0009470916012284,0.1107098955132145,0.0010000000474974,0.0001999600135604,0.1180160588825694,1.4652195791797796e-05,0.5,0.0,0.0603248253464698,0.0296450946480035,0.8096585869789124,0.5749061107635498
1528,6,0.9,0.999,16384,1e-08,0.002,768,1024,0.2,0.2,278.11,154.75,123.36,85.35,False,0.001,0.5,7344,12240,0,2448,1.0,0.6,4.850942134857178,4.8505024909973145,9.703542494306378,16,NVIDIA H100,20000000,10,200000000,120000000,0.6,3468943687.68,5781572812.799999,5781572812.799999,738.7927856445312,0.0117099338179148,0.0991,0.0104,0.1246666666666666,0.1850666666666666,0.0047867298578199,0.0212765957446808,0.0905555555555555,0.0070677361853832,0.0101782178217821,0.0483768804433887,0.00096,0.0009628799937118,0.0033333333333333,0.007,0.006,0.3713080168776371,0.0927,0.0075912565952406,0.0113289032156928,0.0246439017867589,0.032318376068376,0.500335693359375,0.5024711696869851,0.0238095238095238,0.0054719562243502,0.099625,0.002620593265535,0.0792870313460356,0.0005000000237487,9.996001608669758e-05,0.1307293409166945,0.0005637925989544,0.5000235144731582,0.0,0.0678733065724372,0.0206961426883935,0.8096585869789124,0.5748639702796936
1528,7,0.9,0.999,16384,1e-08,0.002,768,1024,0.2,0.2,278.11,154.75,123.36,85.35,False,0.0006173165676349,0.3086582838174551,8568,12240,0,2448,1.0,0.7,4.850939750671387,4.850499629974365,9.703643596250249,16,NVIDIA H100,20000000,10,200000000,140000000,0.7,4047100968.96,5781572812.799999,5781572812.799999,744.0810697078705,0.0093954452392157,0.1004999999999999,0.0111999999999999,0.127,0.2242666666666666,0.0051184834123222,0.025531914893617,0.0822222222222222,0.0096969696969696,0.0095049504950495,0.0223277909738717,0.00104,0.0010021812179449,0.0032,0.01,0.0055666666666666,0.220815752461322,0.1002,0.0099063206632927,0.001745762097266,0.0292084663513234,0.0910790598290598,0.47674560546875,0.4909390444810543,0.0255555555555555,0.0046014177341126,0.101125,0.0013976497416186,0.1018746158574062,0.0009000000136438,0.0001799680103431,0.1307293409166945,0.0006555897381749,0.608589837044701,0.0,0.0677570104598999,0.0242171194404363,0.7441117167472839,0.5721216797828674
1528,8,0.9,0.999,16384,1e-08,0.002,768,1024,0.2,0.2,278.11,154.75,123.36,85.35,False,0.0002928932188134,0.1464466094067262,9792,12240,0,2448,1.0,0.8,4.51491641998291,4.507554531097412,9.560984564762489,16,NVIDIA H100,20000000,10,200000000,160000000,0.8,4625258250.24,5781572812.799999,5781572812.799999,748.4891510009766,0.0191290276584394,0.129,0.0162,0.1184,0.1847333333333333,0.005260663507109,0.026595744680851,0.1062962962962962,0.0102406417112299,0.0115643564356435,0.0173396674584323,0.0018,0.0012379885633437,0.0033333333333333,0.0095,0.0037666666666666,0.250351617440225,0.0946,0.0093679336707225,0.0073831345726225,0.033141174569746,0.0377270299145299,0.56201171875,0.4991762767710049,0.0225396825396825,0.0044770550926501,0.110625,0.0039538775585265,0.1043715427166564,0.0003999999898951,0.0003199520142516,0.1737649158023865,0.0008153325797571,0.5043266630611141,0.0,0.1074660643935203,0.0395480208098888,0.5644513368606567,0.5393831729888916
1528,9,0.9,0.999,16384,1e-08,0.002,768,1024,0.2,0.2,278.11,154.75,123.36,85.35,False,7.612046748871326e-05,0.0380602337443566,11016,12240,0,2448,1.0,0.9,4.298310279846191,4.287558078765869,9.220145156180935,16,NVIDIA H100,20000000,10,200000000,180000000,0.9,5203415531.52,5781572812.799999,5781572812.799999,751.3051397800446,0.0255136180884688,0.1493,0.0217,0.1256666666666666,0.1363333333333333,0.0053080568720379,0.0234042553191489,0.0709259259259259,0.0149910873440285,0.014059405940594,0.0262074425969912,0.00216,0.0012772897875768,0.0045333333333333,0.0085,0.0062666666666666,0.2616033755274262,0.0958,0.0106600624528911,0.013700649364069,0.0311629811629811,0.0610977564102564,0.50543212890625,0.4991762767710049,0.0295238095238095,0.0047257803755751,0.181,0.0061055225554922,0.0820144437615242,0.00089999998454,0.0005398640496423,0.1993699118991859,0.0012154870917004,0.5367178498365744,0.0,0.1176470592617988,0.04562558978796,0.7675734758377075,0.5783656239509583
1528,10,0.9,0.999,16384,1e-08,0.002,768,1024,0.2,0.2,278.11,154.75,123.36,85.35,False,0.0,0.0,12240,12240,0,2448,1.0,1.0,4.259511947631836,4.248074531555176,9.108866855989096,16,NVIDIA H100,20000000,10,200000000,200000000,1.0,5781572812.799999,5781572812.799999,5781572812.799999,753.3788349628448,0.023795188445522,0.1498,0.025,0.1246,0.1258666666666666,0.0059241706161137,0.0292553191489361,0.0746296296296296,0.0155525846702317,0.0125148514851485,0.0259699129057798,0.00242,0.0014148440723928,0.0046666666666666,0.0075,0.0058333333333333,0.1983122362869198,0.0962,0.0109292559491762,0.0177650860135498,0.0327654927654927,0.0510817307692307,0.501678466796875,0.4991762767710049,0.0307936507936507,0.0044770550926501,0.181875,0.0071537598617062,0.0798248309772587,0.002199999988079,0.0005598960560746,0.1954778632764581,0.0013565480388936,0.5037388012321584,0.0,0.0995475128293037,0.04154809191823,0.7586269974708557,0.5785765647888184
1529,1,0.9,0.999,16384,1e-08,0.002,768,1024,0.4,0.2,278.11,154.75,123.36,85.35,False,0.000500408496732,0.2502042483660131,1224,12240,1,4896,0.25,0.1,1.817694306373596,1.8018782138824463,7.718739882403729,16,NVIDIA H100,20000000,10,200000000,20000000,0.1,578157281.28,5781572812.799999,5781572812.799999,736.6624133586884,0.2574753822290154,0.3194,0.1594,0.1112,0.2358,0.0153080568720379,0.0664893617021276,0.1788888888888888,0.013235294117647,0.0785742574257425,0.0586698337292161,0.0506,0.0162510562204012,0.0164,0.131,0.0767333333333333,0.2995780590717299,0.0863,0.0408635727360826,0.0608876326949109,0.1059492709846832,0.2984107905982906,0.526275634765625,0.500823723228995,0.0771428571428571,0.0191518467852257,0.542125,0.1082167092704636,0.0606177012907191,0.0365999992936849,0.022636785171926,0.2741385078621612,0.0041691767556611,0.5125214569567569,0.0,0.2418224364519119,0.2626304924488067,0.7823625802993774,0.5706872344017029
1529,2,0.9,0.999,16384,1e-08,0.002,768,1024,0.4,0.2,278.11,154.75,123.36,85.35,False,0.001000408496732,0.5002042483660131,2448,12240,1,4896,0.5,0.2,1.5939970016479492,1.5806704759597778,6.900856970572004,16,NVIDIA H100,20000000,10,200000000,40000000,0.2,1156314562.56,5781572812.799999,5781572812.799999,734.0973658561707,0.3166175816658695,0.3801,0.1836,0.1272666666666666,0.1887333333333333,0.0166350710900473,0.0930851063829787,0.1846296296296296,0.0137254901960784,0.0997227722772277,0.0872525732383214,0.0685,0.0259191573817524,0.0152,0.143,0.0978666666666666,0.2855133614627285,0.1038,0.0487778615268655,0.1030219555373999,0.1344394786786936,0.3081597222222222,0.546173095703125,0.500823723228995,0.102063492063492,0.029100858102226,0.5755,0.1270298103977784,0.0694529809465273,0.0615000016987323,0.0284955622628331,0.2757499721199955,0.0098963269223791,0.5223034777905801,0.0,0.3002336323261261,0.3073068857192993,0.805002748966217,0.5716153979301453
1529,3,0.9,0.999,16384,1e-08,0.002,768,1024,0.4,0.2,278.11,154.75,123.36,85.35,False,0.001500408496732,0.7502042483660131,3672,12240,1,4896,0.75,0.3,0.9852561950683594,0.9678537249565125,5.868626307428273,16,NVIDIA H100,20000000,10,200000000,60000000,0.3,1734471843.84,5781572812.799999,5781572812.799999,743.1719737052917,0.4686060450155231,0.5049,0.2291,0.1168666666666666,0.2376666666666666,0.024170616113744,0.1271276595744681,0.2712962962962963,0.0137700534759358,0.1729504950495049,0.0672209026128266,0.13108,0.067185442826544,0.0221333333333333,0.223,0.1772666666666666,0.3037974683544304,0.1028,0.0785506622160008,0.143085117794564,0.1946181163789676,0.4428418803418803,0.5067138671875,0.4980779791323448,0.1395238095238095,0.0456410894167392,0.707375,0.222502160840061,0.0795943454210202,0.1212000027298927,0.0689102374017238,0.3209434593509535,0.0041347711078388,0.5001528440755285,0.0,0.3528037369251251,0.4622129499912262,0.7971517443656921,0.5849048495292664
1529,4,0.9,0.999,16384,1e-08,0.002,768,1024,0.4,0.2,278.11,154.75,123.36,85.35,False,0.002,1.0,4896,12240,1,4896,1.0,0.4,4.850942611694336,4.850502967834473,9.329462798981885,16,NVIDIA H100,20000000,10,200000000,80000000,0.4,2312629125.12,5781572812.799999,5781572812.799999,735.9250564575195,0.0098039215686274,0.1,0.01,0.1234666666666666,0.158,0.0047393364928909,0.0212765957446808,0.115,0.01,0.0099009900990099,0.01187648456057,0.001,0.0010021812179449,0.0016,0.004,0.0068,0.3727144866385373,0.101,0.0036610315494777,0.0098039215686274,0.027027027027027,0.0207665598290598,0.500213623046875,0.4991762767710049,0.0233333333333333,0.0052232309414251,0.1,0.0009470916012284,0.1107098955132145,0.0010000000474974,0.0001999600135604,0.1229731236756997,0.0,0.5,0.0,0.0610432848334312,0.0261941440403461,0.8096585869789124,0.5749061107635498
1529,5,0.9,0.999,16384,1e-08,0.002,768,1024,0.4,0.2,278.11,154.75,123.36,85.35,False,0.0018660254037844,0.9330127018922192,6120,12240,0,4896,1.0,0.5,4.850942134857178,4.850502014160156,9.707219385633282,16,NVIDIA H100,20000000,10,200000000,100000000,0.5,2890786406.4,5781572812.799999,5781572812.799999,740.4368362426758,0.0098039215686274,0.1008,0.0103,0.1234666666666666,0.2254,0.0047393364928909,0.0212765957446808,0.0933333333333333,0.01,0.0099009900990099,0.01187648456057,0.001,0.0009825306058283,0.0097333333333333,0.003,0.0026333333333333,0.3727144866385373,0.1032,0.0057607408205017,0.0098039215686274,0.027027027027027,0.0273771367521367,0.500213623046875,0.500823723228995,0.0252380952380952,0.0048501430170376,0.09775,0.0014620151902458,0.1593807621389059,0.0010000000474974,0.0001999600135604,0.1307293409166945,0.0,0.5,0.0,0.0580046400427818,0.014228799380362,0.8096585869789124,0.5749061107635498
1529,6,0.9,0.999,16384,1e-08,0.002,768,1024,0.4,0.2,278.11,154.75,123.36,85.35,False,0.0015,0.75,7344,12240,0,4896,1.0,0.6,4.850942134857178,4.8505024909973145,9.703194334616068,16,NVIDIA H100,20000000,10,200000000,120000000,0.6,3468943687.68,5781572812.799999,5781572812.799999,740.7217645645142,0.0111030736028598,0.0982,0.0104,0.1289333333333333,0.0998,0.004691943127962,0.0207446808510638,0.0966666666666666,0.01,0.0102178217821782,0.0128266033254156,0.0009,0.0008842775452455,0.0029333333333333,0.004,0.0032666666666666,0.3150492264416315,0.1027,0.0088833853774092,0.0099553746347244,0.0264864864864864,0.0713141025641025,0.49676513671875,0.500823723228995,0.025079365079365,0.0044770550926501,0.09975,0.0034205638413299,0.1136677934849416,0.0015000000712461,0.0001999600135604,0.1307293409166945,8.224766416633766e-05,0.4998589131610506,0.0,0.0788013339042663,0.0241397023200988,0.8096585869789124,0.5749061107635498
1529,7,0.9,0.999,16384,1e-08,0.002,768,1024,0.4,0.2,278.11,154.75,123.36,85.35,False,0.001,0.5,8568,12240,0,4896,1.0,0.7,4.850942134857178,4.8505024909973145,10.14122524915957,16,NVIDIA H100,20000000,10,200000000,140000000,0.7,4047100968.96,5781572812.799999,5781572812.799999,745.3474071025848,0.01279568012119,0.1002,0.0101,0.1286666666666666,0.2239333333333333,0.0054028436018957,0.026595744680851,0.0964814814814814,0.0084848484848484,0.0098613861386138,0.011243072050673,0.00102,0.0009235787694786,0.0057333333333333,0.003,0.0056333333333333,0.3558368495077356,0.101,0.0093679336707225,0.0098039215686274,0.0324324324324324,0.0356570512820512,0.500274658203125,0.4991762767710049,0.0258730158730158,0.0052232309414251,0.09775,0.0030435662136565,0.0612707437000614,0.0010000000474974,0.0001999600135604,0.1307293409166945,0.0002665944762956,0.5009640933994873,0.0,0.0467289723455905,0.0200308170169591,0.8096585869789124,0.5749061107635498
1529,8,0.9,0.999,16384,1e-08,0.002,768,1024,0.4,0.2,278.11,154.75,123.36,85.35,False,0.0004999999999999,0.2499999999999999,9792,12240,0,4896,1.0,0.8,4.850942134857178,4.8505024909973145,9.703198320725384,16,NVIDIA H100,20000000,10,200000000,160000000,0.8,4625258250.24,5781572812.799999,5781572812.799999,746.4400043487549,0.0110626966836117,0.096,0.0103,0.1228,0.0904666666666666,0.0050710900473933,0.0196808510638297,0.1077777777777777,0.0109090909090909,0.0095049504950495,0.0441805225653206,0.00096,0.0010218318300615,0.0097333333333333,0.0025,0.0039666666666666,0.1884669479606188,0.1059,0.008344998384839,0.0098039215686274,0.0255522626656647,0.0211672008547008,0.499786376953125,0.4980779791323448,0.0242857142857142,0.0052232309414251,0.1015,0.0020780844842488,0.0949216349108789,0.0009000000136438,0.0002999600110342,0.1307293409166945,0.0004260968203443,0.5,0.0,0.0803167447447776,0.0221294369548559,0.8096585869789124,0.5749061107635498
1529,9,0.9,0.999,16384,1e-08,0.002,768,1024,0.4,0.2,278.11,154.75,123.36,85.35,False,0.0001339745962155,0.0669872981077807,11016,12240,0,4896,1.0,0.9,4.850942134857178,4.8505024909973145,9.703138812694672,16,NVIDIA H100,20000000,10,200000000,180000000,0.9,5203415531.52,5781572812.799999,5781572812.799999,747.660632610321,0.0086820103159972,0.1011999999999999,0.01,0.1269333333333333,0.1429333333333333,0.0053080568720379,0.0223404255319148,0.1125925925925925,0.0098039215686274,0.0097821782178217,0.0567695961995249,0.0009,0.001179036726994,0.0097333333333333,0.004,0.0045,0.3150492264416315,0.0892,0.0092602562722084,0.0093485401596446,0.0273518973518973,0.0309829059829059,0.499786376953125,0.4991762767710049,0.0241269841269841,0.0058450441487377,0.096375,0.001434429997977,0.091579594345421,0.0015000000712461,0.0001999600135604,0.1307293409166945,0.0,0.5,0.0,0.084686778485775,0.0237995833158493,0.8096585869789124,0.5749061107635498
1529,10,0.9,0.999,16384,1e-08,0.002,768,1024,0.4,0.2,278.11,154.75,123.36,85.35,False,0.0,0.0,12240,12240,0,4896,1.0,1.0,4.850942134857178,4.8505024909973145,9.703549297806484,16,NVIDIA H100,20000000,10,200000000,200000000,1.0,5781572812.799999,5781572812.799999,5781572812.799999,747.8197362422943,0.0114503954757703,0.1001,0.0096,0.1286666666666666,0.0905333333333333,0.0046445497630331,0.0175531914893617,0.1298148148148148,0.0096969696969696,0.010019801980198,0.0495645288994457,0.00088,0.0010611330542946,0.0090666666666666,0.004,0.0047333333333333,0.3150492264416315,0.0893,0.0068375148056422,0.0110388532276357,0.0254054054054054,0.0199652777777777,0.50054931640625,0.4991762767710049,0.0206349206349206,0.0037308792438751,0.09725,0.0014252349338874,0.0914643515673017,0.0015000000712461,0.0004999600059818,0.1307293409166945,0.0001347157823553,0.5002233874950032,0.0,0.0791855230927467,0.0183443091809749,0.8096585869789124,0.5749061107635498
1530,1,0.9,0.999,16384,1e-08,0.002,768,1024,0.6,0.2,278.11,154.75,123.36,85.35,False,0.000333605664488,0.1668028322440087,1224,12240,1,7344,0.1666666666666666,0.1,1.922948122024536,1.913457989692688,7.833497886564217,16,NVIDIA H100,20000000,10,200000000,20000000,0.1,578157281.28,5781572812.799999,5781572812.799999,738.3770456314087,0.2334686783231127,0.2863,0.1281,0.1376,0.2042,0.0144549763033175,0.0563829787234042,0.1668518518518518,0.0090374331550802,0.0731089108910891,0.0681710213776722,0.04448,0.0144038986814439,0.012,0.1195,0.0706666666666666,0.3319268635724332,0.1368,0.041671153224938,0.054009667243281,0.0903209892624266,0.2722355769230769,0.5562744140625,0.5013728720483251,0.0638095238095238,0.0179082203706006,0.50775,0.0961068098644647,0.0863552550706822,0.0371999992057681,0.021736585535109,0.2612300657968105,0.0033989378989925,0.5098760787264561,0.0,0.2429906576871872,0.2460195124149322,0.7976994514465332,0.5782812237739563
1530,2,0.9,0.999,16384,1e-08,0.002,768,1024,0.6,0.2,278.11,154.75,123.36,85.35,False,0.0006669389978213,0.3334694989106753,2448,12240,1,7344,0.3333333333333333,0.2,1.883097171783448,1.8698347806930544,7.157049668380638,16,NVIDIA H100,20000000,10,200000000,40000000,0.2,1156314562.56,5781572812.799999,5781572812.799999,733.10919713974,0.2561772203867285,0.3468,0.146,0.1238666666666666,0.1804,0.0161611374407582,0.0835106382978723,0.1718518518518518,0.0096078431372549,0.0794851485148514,0.0591448931116389,0.05652,0.0175676472322112,0.0141333333333333,0.126,0.0844333333333333,0.3417721518987341,0.1012,0.0495854420157209,0.0740341503487358,0.1101927905724798,0.3261885683760683,0.61328125,0.500823723228995,0.0776190476190476,0.0216390996144758,0.53725,0.1135498464424297,0.0935003073140749,0.0433999998494982,0.0242164731025695,0.2613694658191145,0.0048621078446968,0.5850283349401557,0.0,0.2476635575294494,0.2509394586086273,0.791309118270874,0.5738092064857483
1530,3,0.9,0.999,16384,1e-08,0.002,768,1024,0.6,0.2,278.11,154.75,123.36,85.35,False,0.0010002723311546,0.5001361655773421,3672,12240,1,7344,0.5,0.3,4.851082801818848,4.850635051727295,6.494112930656258,16,NVIDIA H100,20000000,10,200000000,60000000,0.3,1734471843.84,5781572812.799999,5781572812.799999,740.1493713855743,0.0098039215686274,0.1,0.01,0.1228666666666666,0.2450666666666666,0.0048341232227488,0.0223404255319148,0.1122222222222222,0.01,0.0099009900990099,0.01187648456057,0.001,0.0010021812179449,0.0110666666666666,0.007,0.0050666666666666,0.3727144866385373,0.101,0.0127059330246581,0.0098039215686274,0.027027027027027,0.0384615384615384,0.500213623046875,0.500823723228995,0.0223809523809523,0.0042283298097251,0.1,0.0031171267263732,0.1066763982790411,0.0010000000474974,0.0001999600135604,0.1120274339243894,0.0,0.5,0.0,0.0467289723455905,0.0250521916896104,0.8096585869789124,0.5749061107635498
1530,4,0.9,0.999,16384,1e-08,0.002,768,1024,0.6,0.2,278.11,154.75,123.36,85.35,False,0.001333605664488,0.6668028322440087,4896,12240,1,7344,0.6666666666666666,0.4,4.850944995880127,4.850505352020264,9.698340775919895,16,NVIDIA H100,20000000,10,200000000,80000000,0.4,2312629125.12,5781572812.799999,5781572812.799999,734.5556561946869,0.0098039215686274,0.1,0.01,0.1234666666666666,0.1997333333333333,0.0047393364928909,0.0212765957446808,0.0933333333333333,0.01,0.0099009900990099,0.0380047505938242,0.001,0.0010021812179449,0.0025333333333333,0.0025,0.0063333333333333,0.220815752461322,0.1135,0.0036610315494777,0.0098039215686274,0.027027027027027,0.0438701923076923,0.499786376953125,0.4991762767710049,0.0203174603174603,0.0054719562243502,0.1,0.0028780550600437,0.1958743085433313,0.0010000000474974,0.0001999600135604,0.1471283595405375,0.0,0.5,0.0,0.0502336435019969,0.0216368772089481,0.8096585869789124,0.5749061107635498
1530,5,0.9,0.999,16384,1e-08,0.002,768,1024,0.6,0.2,278.11,154.75,123.36,85.35,False,0.0016669389978213,0.8334694989106755,6120,12240,1,7344,0.8333333333333334,0.5,4.836745738983154,4.8363938331604,9.703447485281751,16,NVIDIA H100,20000000,10,200000000,100000000,0.5,2890786406.4,5781572812.799999,5781572812.799999,739.5486102104187,0.0177404295051353,0.1025,0.0110999999999999,0.1403333333333333,0.2450666666666666,0.004691943127962,0.0234042553191489,0.1174074074074074,0.0102941176470588,0.0099405940594059,0.0179730799683293,0.00146,0.0010021812179449,0.0050666666666666,0.0145,0.0053333333333333,0.220815752461322,0.1009,0.0120060299343167,0.0098039215686274,0.0267567567567567,0.0396634615384615,0.502532958984375,0.4991762767710049,0.0293650793650793,0.0050988682999626,0.10025,0.0024091067914743,0.0651121696373693,0.0010000000474974,0.0002599360232125,0.1271049403367904,9.77324444024557e-06,0.500717191431326,0.0,0.1021087691187858,0.0249294452369213,0.8039072751998901,0.5807281732559204
1530,6,0.9,0.999,16384,1e-08,0.002,768,1024,0.6,0.2,278.11,154.75,123.36,85.35,False,0.002,1.0,7344,12240,1,7344,1.0,0.6,4.850939750671387,4.850497722625732,9.703694828195507,16,NVIDIA H100,20000000,10,200000000,120000000,0.6,3468943687.68,5781572812.799999,5781572812.799999,739.379686832428,0.0098039215686274,0.1,0.01,0.1248,0.0904666666666666,0.0050710900473933,0.0143617021276595,0.0946296296296296,0.0093761140819964,0.0099009900990099,0.01187648456057,0.00102,0.0004912653029141,0.0025333333333333,0.0075,0.0055,0.220815752461322,0.1013,0.008452675783353,0.0101639978554784,0.0269751569751569,0.0258413461538461,0.499786376953125,0.4991762767710049,0.0219047619047619,0.0052232309414251,0.09825,0.0026022031373558,0.1098647818070067,0.0010000000474974,0.0002199520167778,0.1307293409166945,2.745491559672573e-05,0.5,0.0,0.0837104097008705,0.0171189978718757,0.1903414279222488,0.4250938594341278
1530,7,0.9,0.999,16384,1e-08,0.002,768,1024,0.6,0.2,278.11,154.75,123.36,85.35,False,0.0017071067811865,0.8535533905932737,8568,12240,0,7344,1.0,0.7,4.850942134857178,4.8505024909973145,9.703910540911108,16,NVIDIA H100,20000000,10,200000000,140000000,0.7,4047100968.96,5781572812.799999,5781572812.799999,745.5688860416412,0.0124580134415601,0.1035,0.0093,0.1204666666666666,0.158,0.0050710900473933,0.0175531914893617,0.0805555555555555,0.0094830659536541,0.0089504950495049,0.0304829770387965,0.00114,0.0011397355027609,0.0061333333333333,0.0065,0.0046333333333333,0.350210970464135,0.1079,0.0100678367610638,0.0092850004710922,0.0300083588743382,0.0513488247863247,0.500213623046875,0.4991762767710049,0.0185714285714285,0.0053475935828877,0.09725,0.0010666274343932,0.1300706822372464,0.0010000000474974,0.0004999600059818,0.1307293409166945,8.02484604966394e-05,0.5,0.0,0.0701357498764991,0.0197554100304842,0.8096585869789124,0.5749061107635498
1530,8,0.9,0.999,16384,1e-08,0.002,768,1024,0.6,0.2,278.11,154.75,123.36,85.35,False,0.001,0.5,9792,12240,0,7344,1.0,0.8,4.850942134857178,4.8505024909973145,9.703336332358566,16,NVIDIA H100,20000000,10,200000000,160000000,0.8,4625258250.24,5781572812.799999,5781572812.799999,746.5520534515381,0.0098039215686274,0.0992,0.0113,0.1238,0.2158666666666666,0.004691943127962,0.025531914893617,0.0911111111111111,0.0108823529411764,0.0106930693069306,0.0208234362628661,0.00108,0.0010218318300615,0.0030666666666666,0.005,0.0034,0.220815752461322,0.1031,0.010552385054377,0.0098039215686274,0.027027027027027,0.0353899572649572,0.499786376953125,0.500823723228995,0.0225396825396825,0.0053475935828877,0.1,0.0011493830111995,0.1099416103257529,0.0014000000373926,0.0002199520167778,0.1307293409166945,2.621369403376324e-05,0.5,0.0,0.0777262151241302,0.0146137783303856,0.1903414279222488,0.4250938594341278
1530,9,0.9,0.999,16384,1e-08,0.002,768,1024,0.6,0.2,278.11,154.75,123.36,85.35,False,0.0002928932188134,0.1464466094067262,11016,12240,0,7344,1.0,0.9,4.850942134857178,4.8505024909973145,9.703707994199268,16,NVIDIA H100,20000000,10,200000000,180000000,0.9,5203415531.52,5781572812.799999,5781572812.799999,747.6717479228973,0.0091604727134148,0.1026999999999999,0.0098999999999999,0.1215333333333333,0.115,0.0048341232227488,0.0196808510638297,0.1337037037037037,0.0103030303030303,0.0099009900990099,0.0350752177355502,0.00082,0.0009039281573621,0.0046666666666666,0.004,0.0052666666666666,0.220815752461322,0.098,0.0101216754603208,0.0108278337178592,0.0264864864864864,0.0361912393162393,0.505096435546875,0.500823723228995,0.0204761904761904,0.0046014177341126,0.095625,0.0027401290986998,0.0669944683466502,0.0010000000474974,0.0001999600135604,0.1307293409166945,0.0003480932382536,0.4975192230818068,0.0,0.087006963789463,0.0183443091809749,0.7128902673721313,0.5541070699691772
1530,10,0.9,0.999,16384,1e-08,0.002,768,1024,0.6,0.2,278.11,154.75,123.36,85.35,False,0.0,0.0,12240,12240,0,7344,1.0,1.0,4.850942134857178,4.8505024909973145,9.70391204933715,16,NVIDIA H100,20000000,10,200000000,200000000,1.0,5781572812.799999,5781572812.799999,5781572812.799999,746.4943945407867,0.0083669874862935,0.1067999999999999,0.012,0.1240666666666666,0.2281333333333333,0.0044075829383886,0.0196808510638297,0.0946296296296296,0.0102584670231729,0.0092277227722772,0.0119556611243072,0.00088,0.0011397355027609,0.0034666666666666,0.0075,0.0025666666666666,0.0914205344585091,0.0902,0.0077527726930117,0.0113741503861072,0.0275730275730275,0.0299145299145299,0.51446533203125,0.5019220208676551,0.0207936507936507,0.0049745056585001,0.099875,0.0020688894201592,0.0856637984019668,0.0010000000474974,0.0001999600135604,0.1307293409166945,0.0009198378250037,0.4971077198015378,0.0,0.0854605957865715,0.0211665090173482,0.6702574491500854,0.5387925505638123
1531,1,0.9,0.999,16384,1e-08,0.001,1024,1024,0.2,0.2,356.97,154.75,202.22,151.55,False,0.000500408496732,0.5004084967320263,1224,12240,1,2448,0.5,0.1,3.746054172515869,3.73148512840271,7.973433864272498,16,NVIDIA H100,20000000,10,200000000,20000000,0.1,783710945.28,7837109452.799999,7837109452.799999,845.6607110500336,0.0740486648059232,0.2408,0.0626,0.1354666666666666,0.2343333333333333,0.0086255924170616,0.0319148936170212,0.2668518518518518,0.0123351158645276,0.0356831683168316,0.0410926365795724,0.0083,0.0012772897875768,0.0090666666666666,0.043,0.0228666666666666,0.2194092827004219,0.1059,0.0163131258748788,0.0338533430383644,0.0540080477801184,0.1071714743589743,0.491851806640625,0.500823723228995,0.0469841269841269,0.0101977365999253,0.226,0.0262794931680673,0.0919637369391518,0.0082999998703598,0.0020196721889078,0.2127300100368016,0.0035639973800763,0.6086486232275966,0.0138835329562425,0.0957943946123123,0.0719661340117454,0.8055504560470581,0.579800009727478
1531,2,0.9,0.999,16384,1e-08,0.001,1024,1024,0.2,0.2,356.97,154.75,202.22,151.55,False,0.001,1.0,2448,12240,1,2448,1.0,0.2,4.8424973487854,4.84208345413208,7.194404500761842,16,NVIDIA H100,20000000,10,200000000,40000000,0.2,1567421890.56,7837109452.799999,7837109452.799999,837.8167209625244,0.0146793852676205,0.1034,0.0107,0.1205333333333333,0.1458666666666666,0.0047867298578199,0.0132978723404255,0.1118518518518518,0.01,0.0098217821782178,0.009501187648456,0.00104,0.0012183379512271,0.0089333333333333,0.006,0.0083666666666666,0.3459915611814346,0.098,0.0081296435878109,0.0096150819878513,0.0309213759213759,0.0445379273504273,0.50653076171875,0.4991762767710049,0.0436507936507936,0.0047257803755751,0.0905,0.0046986777497839,0.0669944683466502,0.0009000000136438,0.0001999600135604,0.152263856362217,4.360134334675404e-05,0.6297881345968444,0.0,0.0864485949277877,0.018905472010374,0.6300894618034363,0.5373581647872925
1531,3,0.9,0.999,16384,1e-08,0.001,1024,1024,0.2,0.2,356.97,154.75,202.22,151.55,False,0.0009619397662556,0.9619397662556434,3672,12240,0,2448,1.0,0.3,4.81752347946167,4.816276550292969,9.703478858361835,16,NVIDIA H100,20000000,10,200000000,60000000,0.3,2351132835.84,7837109452.799999,7837109452.799999,836.5138468742371,0.0132048643277149,0.1054,0.0141,0.1228666666666666,0.2254,0.0048341232227488,0.0180851063829787,0.1651851851851851,0.0112121212121212,0.0102178217821782,0.029612034837688,0.00104,0.0008253257088958,0.002,0.0065,0.0041,0.220815752461322,0.1007,0.0116829977387746,0.0114411292000673,0.0278255528255528,0.094551282051282,0.57159423828125,0.4991762767710049,0.0338095238095238,0.0054719562243502,0.1025,0.0018482078820089,0.0840888137676705,0.0008000000379979,0.0001399440225213,0.1131147540983606,0.0001548562521927,0.4928633573964775,0.0,0.0946261659264564,0.0282220132648944,0.8095672726631165,0.5746951699256897
1531,4,0.9,0.999,16384,1e-08,0.001,1024,1024,0.2,0.2,356.97,154.75,202.22,151.55,False,0.0008535533905932,0.8535533905932737,4896,12240,0,2448,1.0,0.4,4.850942134857178,4.8505024909973145,9.701841091018876,16,NVIDIA H100,20000000,10,200000000,80000000,0.4,3134843781.12,7837109452.799999,7837109452.799999,836.7104339599609,0.0070931411074276,0.0972,0.0107,0.1282666666666666,0.2065333333333333,0.0045023696682464,0.0180851063829787,0.0944444444444444,0.0102673796791443,0.0101782178217821,0.0098970704671417,0.00074,0.0007467232604295,0.0024,0.0045,0.0035666666666666,0.0914205344585091,0.103,0.0082373209863249,0.0098039215686274,0.0259459459459459,0.0207665598290598,0.500213623046875,0.499725425590335,0.0195238095238095,0.0047257803755751,0.101,0.0018390128179193,0.137138905961893,0.0010000000474974,0.0001999600135604,0.1307293409166945,0.0001961844770358,0.5,0.0,0.0577136501669883,0.0202257763594388,0.7965126633644104,0.5767624378204346
1531,5,0.9,0.999,16384,1e-08,0.001,1024,1024,0.2,0.2,356.97,154.75,202.22,151.55,False,0.0006913417161825,0.6913417161825449,6120,12240,0,2448,1.0,0.5,4.850923538208008,4.850483417510986,9.703218693826711,16,NVIDIA H100,20000000,10,200000000,100000000,0.5,3918554726.4,7837109452.799999,7837109452.799999,839.2222628593445,0.0102255956145899,0.0952,0.0102,0.1222666666666666,0.2066666666666666,0.0053554502369668,0.0143617021276595,0.1635185185185185,0.0084313725490196,0.011049504950495,0.0052256532066508,0.00092,0.0008646269331289,0.0068,0.0055,0.0049,0.2067510548523206,0.0987,0.0079681274900398,0.0064384693080703,0.0249371519092357,0.0194978632478632,0.493988037109375,0.4991762767710049,0.0242857142857142,0.0047257803755751,0.10375,0.0025470327528182,0.1049093423478795,0.0009000000136438,0.0002799680078169,0.1307293409166945,9.216004467275676e-05,0.5631010887201072,0.0,0.0972850695252418,0.0206961426883935,0.8074675798416138,0.5742310881614685
1531,6,0.9,0.999,16384,1e-08,0.001,1024,1024,0.2,0.2,356.97,154.75,202.22,151.55,False,0.0005,0.5,7344,12240,0,2448,1.0,0.6,4.850942134857178,4.8505024909973145,9.705333341960037,16,NVIDIA H100,20000000,10,200000000,120000000,0.6,4702265671.68,7837109452.799999,7837109452.799999,841.1971020698547,0.0070913457808922,0.1045,0.0107,0.1254666666666666,0.0999333333333333,0.0046445497630331,0.0212765957446808,0.0992592592592592,0.0083600713012477,0.0101782178217821,0.0058590657165479,0.00098,0.0010807836664112,0.0053333333333333,0.0025,0.0051,0.0914205344585091,0.1001,0.0074835791967266,0.009040585377962,0.0283783783783783,0.0326522435897435,0.500213623046875,0.4925864909390445,0.0234920634920634,0.0042283298097251,0.1005,0.0024918623682807,0.069299323909035,0.0010000000474974,0.0003199520142516,0.1307293409166945,0.0011771829124039,0.5,0.0,0.0835266858339309,0.0184899847954511,0.3155011832714081,0.4510821402072906
1531,7,0.9,0.999,16384,1e-08,0.001,1024,1024,0.2,0.2,356.97,154.75,202.22,151.55,False,0.0003086582838174,0.3086582838174551,8568,12240,0,2448,1.0,0.7,4.850942134857178,4.8505024909973145,9.703123239130756,16,NVIDIA H100,20000000,10,200000000,140000000,0.7,5485976616.96,7837109452.799999,7837109452.799999,841.8546133041382,0.0095312274045214,0.1008,0.0102,0.1236,0.2063333333333333,0.004691943127962,0.027127659574468,0.1305555555555555,0.0074955436720142,0.0098613861386138,0.0081551860649247,0.00102,0.0010021812179449,0.0050666666666666,0.003,0.0051333333333333,0.3741209563994374,0.1042,0.0085603531818671,0.0097998789944841,0.0261087745517922,0.063034188034188,0.5015869140625,0.500823723228995,0.029047619047619,0.0057206815072752,0.092875,0.0009378965371388,0.1202750460971112,0.0010000000474974,9.996001608669758e-05,0.1308464369354299,0.0010253968121563,0.5148258753262633,0.0,0.0893665179610252,0.0258872658014297,0.6284462213516235,0.5305235385894775
1531,8,0.9,0.999,16384,1e-08,0.001,1024,1024,0.2,0.2,356.97,154.75,202.22,151.55,False,0.0001464466094067,0.1464466094067262,9792,12240,0,2448,1.0,0.8,4.850942134857178,4.8505024909973145,9.703126118853202,16,NVIDIA H100,20000000,10,200000000,160000000,0.8,6269687562.24,7837109452.799999,7837109452.799999,843.8256075382233,0.007915758896151,0.0939,0.01,0.1227333333333333,0.1722,0.0048815165876777,0.0154255319148936,0.125,0.0075579322638146,0.0104554455445544,0.0049089469517022,0.00098,0.0010218318300615,0.0032,0.002,0.0034666666666666,0.1940928270042194,0.1067,0.0096909658662646,0.0099289816735536,0.0279824998381699,0.0209668803418803,0.498046875,0.5118066996155958,0.0306349206349206,0.0054719562243502,0.103375,0.0009287014730492,0.1617240319606638,0.0010000000474974,0.0002399440199951,0.1307293409166945,0.0001580140686435,0.4988125191055094,0.0,0.0814479663968086,0.0221294369548559,0.8096585869789124,0.5749061107635498
1531,9,0.9,0.999,16384,1e-08,0.001,1024,1024,0.2,0.2,356.97,154.75,202.22,151.55,False,3.806023374435663e-05,0.0380602337443566,11016,12240,0,2448,1.0,0.9,4.850942134857178,4.850502014160156,9.703744171491635,16,NVIDIA H100,20000000,10,200000000,180000000,0.9,7053398507.52,7837109452.799999,7837109452.799999,845.2249565124512,0.0090018848892591,0.1025,0.0098999999999999,0.1214666666666666,0.2256666666666666,0.0055924170616113,0.0159574468085106,0.1864814814814814,0.0106060606060606,0.010019801980198,0.018368962787015,0.00096,0.0010021812179449,0.0053333333333333,0.0035,0.0051333333333333,0.3150492264416315,0.0989,0.0088833853774092,0.0073905798395216,0.0251792608935466,0.0512152777777777,0.501220703125,0.4986271279516749,0.0258730158730158,0.0053475935828877,0.102375,0.0009287014730492,0.1256530424093423,0.0011999999987892,9.996001608669758e-05,0.1307293409166945,0.0010743420606287,0.5140028687657253,0.0,0.0794392526149749,0.0250426866114139,0.6719006896018982,0.5444036722183228
1531,10,0.9,0.999,16384,1e-08,0.001,1024,1024,0.2,0.2,356.97,154.75,202.22,151.55,False,0.0,0.0,12240,12240,0,2448,1.0,1.0,4.850942134857178,4.850501537322998,9.704074279934751,16,NVIDIA H100,20000000,10,200000000,200000000,1.0,7837109452.799999,7837109452.799999,7837109452.799999,845.9253215789795,0.0135776180758879,0.1004999999999999,0.0096,0.1243333333333333,0.2321333333333333,0.0048341232227488,0.0170212765957446,0.0833333333333333,0.0105525846702317,0.0102574257425742,0.0058590657165479,0.001,0.0010021812179449,0.0098666666666666,0.0045,0.0044333333333333,0.3009845288326301,0.1009,0.0089910627759233,0.0121575320290776,0.0275016296444867,0.0189636752136752,0.501251220703125,0.5024711696869851,0.0271428571428571,0.0060937694316627,0.101125,0.0009378965371388,0.1108251382913337,0.0009000000136438,0.0001999600135604,0.1307293409166945,0.0001453771270024,0.5141557128412538,0.0,0.0791855230927467,0.0225776098668575,0.7787109613418579,0.5737248659133911
1532,1,0.9,0.999,16384,1e-08,0.001,1024,1024,0.4,0.2,356.97,154.75,202.22,151.55,False,0.000250204248366,0.2502042483660131,1224,12240,1,4896,0.25,0.1,2.0346579551696777,2.021319627761841,7.904477113602208,16,NVIDIA H100,20000000,10,200000000,20000000,0.1,783710945.28,7837109452.799999,7837109452.799999,844.6001739501953,0.2080898415072429,0.2291,0.1126,0.0964,0.1961333333333333,0.0145971563981042,0.0622340425531914,0.1972222222222222,0.0153565062388591,0.0646336633663366,0.0454473475851148,0.0393,0.0106702823792961,0.014,0.115,0.0636333333333333,0.3037974683544304,0.0973,0.0400559922472273,0.0549224027694494,0.083688214130454,0.2483306623931624,0.538818359375,0.500823723228995,0.0752380952380952,0.0126849894291754,0.47525,0.0909391838461114,0.1334511370620774,0.0347999995574355,0.0180572974495589,0.2792907326865172,0.0036320114688052,0.5055376584287629,0.0,0.2207943946123123,0.2246346622705459,0.7948694825172424,0.5713200569152832
1532,2,0.9,0.999,16384,1e-08,0.001,1024,1024,0.4,0.2,356.97,154.75,202.22,151.55,False,0.000500204248366,0.5002042483660131,2448,12240,1,4896,0.5,0.2,1.2548456192016602,1.2448515892028809,5.9596684567289415,16,NVIDIA H100,20000000,10,200000000,40000000,0.2,1567421890.56,7837109452.799999,7837109452.799999,840.0210785865784,0.3698268630446146,0.3332,0.1475,0.1332666666666666,0.2286,0.0196208530805687,0.1069148936170212,0.2646296296296296,0.0118805704099821,0.1327920792079208,0.0483768804433887,0.0945,0.0402051523904969,0.0197333333333333,0.174,0.1289333333333333,0.3445850914205344,0.1131,0.0625605685366641,0.1239932252829797,0.1503171711036879,0.3536992521367521,0.52813720703125,0.4991762767710049,0.1061904761904762,0.0238776271608008,0.623,0.1674421170715559,0.0878149969268592,0.0860999971628189,0.0420537386089563,0.2972343035574886,0.0018841112940513,0.5164483739741811,0.0,0.3095794320106506,0.3816283941268921,0.7785283923149109,0.5568915605545044
1532,3,0.9,0.999,16384,1e-08,0.001,1024,1024,0.4,0.2,356.97,154.75,202.22,151.55,False,0.000750204248366,0.7502042483660131,3672,12240,1,4896,0.75,0.3,4.851308345794678,4.850874423980713,9.082618274719886,16,NVIDIA H100,20000000,10,200000000,60000000,0.3,2351132835.84,7837109452.799999,7837109452.799999,838.1587936878204,0.0098039215686274,0.1,0.01,0.1251333333333333,0.158,0.0047393364928909,0.0212765957446808,0.0927777777777777,0.01,0.0099009900990099,0.014251781472684,0.001,0.0010021812179449,0.0022666666666666,0.003,0.0044666666666666,0.3727144866385373,0.098,0.0085603531818671,0.0098039215686274,0.027027027027027,0.0199652777777777,0.499786376953125,0.4991762767710049,0.02,0.0054719562243502,0.1,0.0010666274343932,0.0669944683466502,0.0010000000474974,0.0002199520167778,0.1253652280584364,0.0001089071464049,0.5,0.0,0.1021087691187858,0.0175365339964628,0.8096585869789124,0.5749061107635498
1532,4,0.9,0.999,16384,1e-08,0.001,1024,1024,0.4,0.2,356.97,154.75,202.22,151.55,False,0.001,1.0,4896,12240,1,4896,1.0,0.4,4.850942134857178,4.8505024909973145,9.7034028215346,16,NVIDIA H100,20000000,10,200000000,80000000,0.4,3134843781.12,7837109452.799999,7837109452.799999,836.0161638259888,0.0099906629318394,0.1008,0.0103,0.1257333333333333,0.1910666666666666,0.0047867298578199,0.0212765957446808,0.1122222222222222,0.0103565062388591,0.0109306930693069,0.0332541567695962,0.00114,0.001041482442178,0.0038666666666666,0.0045,0.0066666666666666,0.220815752461322,0.0976,0.008452675783353,0.0080403987309973,0.0221621621621621,0.0685763888888889,0.495452880859375,0.4991762767710049,0.028095238095238,0.0054719562243502,0.09825,0.0021056696765176,0.0667639827904118,0.0005000000237487,9.996001608669758e-05,0.1312757890041262,3.444662777796629e-05,0.4424012979989183,0.0,0.09112149477005,0.0171189978718757,0.806098222732544,0.5737248659133911
1532,5,0.9,0.999,16384,1e-08,0.001,1024,1024,0.4,0.2,356.97,154.75,202.22,151.55,False,0.0009330127018922,0.9330127018922192,6120,12240,0,4896,1.0,0.5,4.850776672363281,4.850337982177734,9.703203366472833,16,NVIDIA H100,20000000,10,200000000,100000000,0.5,3918554726.4,7837109452.799999,7837109452.799999,838.4984798431396,0.0129330579565237,0.0814,0.0111,0.1194,0.1134666666666666,0.0048815165876777,0.0154255319148936,0.1127777777777777,0.0106060606060606,0.009029702970297,0.0209026128266033,0.00086,0.0011200848906443,0.0036,0.003,0.0038333333333333,0.2616033755274262,0.1009,0.0079142887907828,0.0106837606837606,0.0227027027027027,0.0338541666666666,0.524810791015625,0.4991762767710049,0.018095238095238,0.0046014177341126,0.073375,0.0045975320447983,0.0697218807621389,0.0010000000474974,0.0001999600135604,0.1260510761681721,0.0006284815621585,0.605097937780704,0.0097208376973867,0.0420560762286186,0.0225469730794429,0.7592660188674927,0.6016116142272949
1532,6,0.9,0.999,16384,1e-08,0.001,1024,1024,0.4,0.2,356.97,154.75,202.22,151.55,False,0.00075,0.75,7344,12240,0,4896,1.0,0.6,4.850327014923096,4.849884986877441,9.704162239249236,16,NVIDIA H100,20000000,10,200000000,120000000,0.6,4702265671.68,7837109452.799999,7837109452.799999,839.7156517505646,0.0098039215686274,0.1,0.0104,0.1251333333333333,0.2254,0.0047393364928909,0.0212765957446808,0.0946296296296296,0.0106417112299465,0.0099009900990099,0.0213776722090261,0.001,0.0010021812179449,0.0025333333333333,0.005,0.0068,0.3150492264416315,0.1122,0.008344998384839,0.0098039215686274,0.027027027027027,0.0917467948717948,0.499786376953125,0.4991762767710049,0.0217460317460317,0.0050988682999626,0.1,0.0022987660223991,0.1875768285187461,0.0008000000379979,0.0001999600135604,0.1307293409166945,0.0,0.5,0.0,0.087006963789463,0.0241397023200988,0.2013876140117645,0.4277095794677734
1532,7,0.9,0.999,16384,1e-08,0.001,1024,1024,0.4,0.2,356.97,154.75,202.22,151.55,False,0.0005,0.5,8568,12240,0,4896,1.0,0.7,4.850942134857178,4.850501537322998,9.704081395093132,16,NVIDIA H100,20000000,10,200000000,140000000,0.7,5485976616.96,7837109452.799999,7837109452.799999,844.4611356258392,0.0099439775910364,0.0991,0.0107,0.1265333333333333,0.2005333333333333,0.0055450236966824,0.0223404255319148,0.1375925925925926,0.0108645276292335,0.0109702970297029,0.0129849564528899,0.001,0.0010218318300615,0.0018666666666666,0.005,0.0044666666666666,0.360056258790436,0.1017,0.0077527726930117,0.0102767602767602,0.0259459459459459,0.0257077991452991,0.509033203125,0.5101592531576057,0.0193650793650793,0.0048501430170376,0.0985,0.0055997940305643,0.0785955746773202,0.0010000000474974,0.0002199520167778,0.1457510873201739,1.0930693935104468e-05,0.4985185881910315,0.0,0.085846871137619,0.0237995833158493,0.2798064649105072,0.4362739026546478
1532,8,0.9,0.999,16384,1e-08,0.001,1024,1024,0.4,0.2,356.97,154.75,202.22,151.55,False,0.0002499999999999,0.2499999999999999,9792,12240,0,4896,1.0,0.8,4.812258243560791,4.809597492218018,9.697062909992692,16,NVIDIA H100,20000000,10,200000000,160000000,0.8,6269687562.24,7837109452.799999,7837109452.799999,845.4487686157227,0.0099228151202365,0.1131,0.0096,0.1265333333333333,0.158,0.0047867298578199,0.0207446808510638,0.1042592592592592,0.01,0.0095445544554455,0.0316706254948535,0.0011,0.0008056750967792,0.0014666666666666,0.006,0.0026333333333333,0.3220815752461322,0.0982,0.0058145795197588,0.0098039215686274,0.027027027027027,0.2454594017094017,0.50341796875,0.4991762767710049,0.0158730158730158,0.0048501430170376,0.1,0.005425087812862,0.096919176398279,0.0011999999987892,0.0001999600135604,0.1372421099587376,5.200743498290514e-07,0.5277941072730266,0.0,0.0626450106501579,0.0204592905938625,0.8096585869789124,0.5749061107635498
1532,9,0.9,0.999,16384,1e-08,0.001,1024,1024,0.4,0.2,356.97,154.75,202.22,151.55,False,6.698729810778076e-05,0.0669872981077807,11016,12240,0,4896,1.0,0.9,4.850915908813477,4.850476741790772,9.703721663531136,16,NVIDIA H100,20000000,10,200000000,180000000,0.9,7053398507.52,7837109452.799999,7837109452.799999,847.5238797664642,0.0098039215686274,0.1,0.01,0.1283333333333333,0.0904666666666666,0.0047393364928909,0.0212765957446808,0.0933333333333333,0.01,0.0099009900990099,0.004750593824228,0.001,0.0010021812179449,0.0082666666666666,0.003,0.0050666666666666,0.3150492264416315,0.0982,0.008452675783353,0.0098039215686274,0.027027027027027,0.01696047008547,0.500213623046875,0.4991762767710049,0.0207936507936507,0.0054719562243502,0.1,0.0029424205086709,0.096919176398279,0.0010000000474974,0.0001999600135604,0.1349169175867068,0.0001089071464049,0.5,0.0,0.0987791344523429,0.0208768267184495,0.8096585869789124,0.5749061107635498
1532,10,0.9,0.999,16384,1e-08,0.001,1024,1024,0.4,0.2,356.97,154.75,202.22,151.55,False,0.0,0.0,12240,12240,0,4896,1.0,1.0,4.850883483886719,4.850440502166748,9.703955793692396,16,NVIDIA H100,20000000,10,200000000,200000000,1.0,7837109452.799999,7837109452.799999,7837109452.799999,847.479428768158,0.0098039215686274,0.1,0.01,0.1294,0.0904666666666666,0.0047393364928909,0.0212765957446808,0.1064814814814814,0.01,0.0099009900990099,0.004750593824228,0.001,0.0010021812179449,0.0082666666666666,0.003,0.0050666666666666,0.3150492264416315,0.101,0.0091525788736944,0.0098039215686274,0.027027027027027,0.01696047008547,0.500213623046875,0.500823723228995,0.0211111111111111,0.0054719562243502,0.1,0.0029424205086709,0.1107098955132145,0.0010000000474974,0.0001999600135604,0.1369242779078844,0.0,0.5,0.0,0.0987791344523429,0.0208768267184495,0.8096585869789124,0.5749061107635498
1533,1,0.9,0.999,16384,1e-08,0.001,1024,1024,0.6,0.2,356.97,154.75,202.22,151.55,False,0.000166802832244,0.1668028322440087,1224,12240,1,7344,0.1666666666666666,0.1,3.8382606506347656,3.825741767883301,8.16317383993685,16,NVIDIA H100,20000000,10,200000000,20000000,0.1,783710945.28,7837109452.799999,7837109452.799999,841.4273459911346,0.073214412804677,0.2185,0.0645,0.1261333333333333,0.1599333333333333,0.0090521327014218,0.0292553191489361,0.1538888888888888,0.0119251336898395,0.0341386138613861,0.0475059382422802,0.00804,0.0029672424296016,0.0098666666666666,0.0445,0.0299333333333333,0.3628691983122363,0.0917,0.0204587057176698,0.0405292783649499,0.0437016677305601,0.1386217948717948,0.512176513671875,0.500823723228995,0.0407936507936507,0.0080835716950628,0.268375,0.0280817257296283,0.099838660110633,0.0081000002101063,0.0037793281953781,0.2068975131036021,0.0011291196717157,0.5056434735579749,0.0,0.1109813079237937,0.0813734680414199,0.8085630536079407,0.5755389332771301
1533,2,0.9,0.999,16384,1e-08,0.001,1024,1024,0.6,0.2,356.97,154.75,202.22,151.55,False,0.0003334694989106,0.3334694989106753,2448,12240,1,7344,0.3333333333333333,0.2,2.4234485626220703,2.4092400074005127,7.168234372450636,16,NVIDIA H100,20000000,10,200000000,40000000,0.2,1567421890.56,7837109452.799999,7837109452.799999,835.6985385417938,0.1861010064199605,0.3729,0.1561,0.1343333333333333,0.1990666666666666,0.0135071090047393,0.0686170212765957,0.1761111111111111,0.0134046345811051,0.076,0.0393507521773555,0.03584,0.0083515101495411,0.0132,0.0945,0.0632333333333333,0.3558368495077356,0.1023,0.0347797997200387,0.0746368662581437,0.0993329913506644,0.1834268162393162,0.59051513671875,0.5024711696869851,0.0506349206349206,0.0133068026364879,0.495375,0.0712157713739264,0.0702212661339889,0.0293999994173645,0.015677488874644,0.2650161704025873,0.0011767060048455,0.6937945305335433,0.0,0.2079439312219619,0.1945720314979553,0.7920394539833069,0.5922034978866577
1533,3,0.9,0.999,16384,1e-08,0.001,1024,1024,0.6,0.2,356.97,154.75,202.22,151.55,False,0.0005001361655773,0.5001361655773421,3672,12240,1,7344,0.5,0.3,4.850930213928223,4.850490093231201,6.4387784257433776,16,NVIDIA H100,20000000,10,200000000,60000000,0.3,2351132835.84,7837109452.799999,7837109452.799999,839.3372657299042,0.0098039215686274,0.1,0.01,0.1205333333333333,0.2450666666666666,0.0047393364928909,0.0212765957446808,0.0927777777777777,0.01,0.0099009900990099,0.0213776722090261,0.001,0.0010021812179449,0.0133333333333333,0.0035,0.0066666666666666,0.220815752461322,0.0974,0.0065683213093571,0.0098039215686274,0.027027027027027,0.024105235042735,0.500213623046875,0.500823723228995,0.0192063492063492,0.0052232309414251,0.1,0.0068962980671975,0.0637676705593116,0.0010000000474974,0.0001999600135604,0.1266309802609568,0.0,0.5,0.0,0.085846871137619,0.0188146755099296,0.8064634203910828,0.5758342742919922
1533,4,0.9,0.999,16384,1e-08,0.001,1024,1024,0.6,0.2,356.97,154.75,202.22,151.55,False,0.000666802832244,0.6668028322440087,4896,12240,1,7344,0.6666666666666666,0.4,3.237637042999268,3.211514949798584,9.212428011925391,16,NVIDIA H100,20000000,10,200000000,80000000,0.4,3134843781.12,7837109452.799999,7837109452.799999,838.5515170097351,0.0726793846704892,0.2185,0.0722,0.1364666666666666,0.1878666666666666,0.0091943127962085,0.0494680851063829,0.1837037037037037,0.0104723707664884,0.0449900990099009,0.0671417260490894,0.01198,0.0029082905932519,0.01,0.0555,0.0284666666666666,0.189873417721519,0.1196,0.0165823193711639,0.0347454303960461,0.0468811390239961,0.1681356837606837,0.588104248046875,0.500823723228995,0.0498412698412698,0.0095759233926128,0.249125,0.0327528182871434,0.0765980331899201,0.0111000002361834,0.0052191922441124,0.2374093899855023,0.0054624502707643,0.6263432642791639,0.0,0.1635514050722122,0.0910643115639686,0.8070111274719238,0.5778593420982361
1533,5,0.9,0.999,16384,1e-08,0.001,1024,1024,0.6,0.2,356.97,154.75,202.22,151.55,False,0.0008334694989106,0.8334694989106755,6120,12240,1,7344,0.8333333333333334,0.5,4.850954532623291,4.850514888763428,6.976422993965398,16,NVIDIA H100,20000000,10,200000000,100000000,0.5,3918554726.4,7837109452.799999,7837109452.799999,843.2593715190887,0.0098039215686274,0.1,0.01,0.1283333333333333,0.2450666666666666,0.0047393364928909,0.0212765957446808,0.1122222222222222,0.01,0.0099009900990099,0.014251781472684,0.001,0.0010021812179449,0.0016,0.012,0.0051,0.3727144866385373,0.0892,0.0079142887907828,0.0098039215686274,0.027027027027027,0.0262419871794871,0.499786376953125,0.4991762767710049,0.0193650793650793,0.0052232309414251,0.1,0.0021240598046968,0.091579594345421,0.0010000000474974,0.0001999600135604,0.1150217464034794,2.748955740438101e-06,0.5,0.0,0.0595794394612312,0.0194029845297336,0.8096585869789124,0.5749061107635498
1533,6,0.9,0.999,16384,1e-08,0.001,1024,1024,0.6,0.2,356.97,154.75,202.22,151.55,False,0.001,1.0,7344,12240,1,7344,1.0,0.6,4.850943088531494,4.850502967834473,9.703982914195342,16,NVIDIA H100,20000000,10,200000000,120000000,0.6,4702265671.68,7837109452.799999,7837109452.799999,836.9240489006042,0.0098039215686274,0.1,0.01,0.1251333333333333,0.0904666666666666,0.0047393364928909,0.0212765957446808,0.1064814814814814,0.01,0.0099009900990099,0.009501187648456,0.001,0.0009825306058283,0.0041333333333333,0.0055,0.0050666666666666,0.220815752461322,0.1032,0.0086141918811241,0.0098039215686274,0.027027027027027,0.3490251068376068,0.500213623046875,0.500823723228995,0.022063492063492,0.0053475935828877,0.1,0.0009930669216764,0.1593807621389059,0.0010000000474974,0.0001999600135604,0.1401360544217687,0.000914756010458,0.5,0.0,0.0630841106176376,0.0241397023200988,0.8096585869789124,0.5749061107635498
1533,7,0.9,0.999,16384,1e-08,0.001,1024,1024,0.6,0.2,356.97,154.75,202.22,151.55,False,0.0008535533905932,0.8535533905932737,8568,12240,0,7344,1.0,0.7,4.850942134857178,4.8505024909973145,9.704191179836496,16,NVIDIA H100,20000000,10,200000000,140000000,0.7,5485976616.96,7837109452.799999,7837109452.799999,841.1744935512543,0.0081194257664845,0.098,0.0113,0.1224,0.0904666666666666,0.0048815165876777,0.026595744680851,0.0937037037037037,0.0105704099821746,0.0097029702970297,0.0191607284243863,0.00102,0.0008646269331289,0.0016,0.0045,0.0038666666666666,0.3080168776371308,0.1033,0.0091525788736944,0.009156997670094,0.0275675675675675,0.0198985042735042,0.484527587890625,0.4925864909390445,0.0241269841269841,0.0049745056585001,0.0995,0.0024183018555639,0.0918484941610325,0.0008000000379979,7.996801286935806e-05,0.1307293409166945,0.0002301940520244,0.4367813389141016,0.0,0.0852803736925125,0.0187891442328691,0.5511229038238525,0.5115808248519897
1533,8,0.9,0.999,16384,1e-08,0.001,1024,1024,0.6,0.2,356.97,154.75,202.22,151.55,False,0.0005,0.5,9792,12240,0,7344,1.0,0.8,4.850942134857178,4.8505024909973145,9.70322260202146,16,NVIDIA H100,20000000,10,200000000,160000000,0.8,6269687562.24,7837109452.799999,7837109452.799999,840.9752461910248,0.0139849577250267,0.1023999999999999,0.0107999999999999,0.1260666666666666,0.2254,0.004691943127962,0.0218085106382978,0.1185185185185185,0.0104634581105169,0.0104158415841584,0.0121140142517814,0.00104,0.0006877714240798,0.0034666666666666,0.0035,0.0046333333333333,0.3150492264416315,0.0889,0.0095294497684935,0.0105477887565528,0.0257248157248157,0.0340544871794871,0.494964599609375,0.500823723228995,0.0215873015873015,0.0047257803755751,0.099375,0.0032734428158964,0.0910033804548248,0.0003999999898951,0.0001799680103431,0.1307293409166945,0.0003497381360467,0.4807651609565688,0.0,0.0677570104598999,0.0175365339964628,0.8068285584449768,0.5736404657363892
1533,9,0.9,0.999,16384,1e-08,0.001,1024,1024,0.6,0.2,356.97,154.75,202.22,151.55,False,0.0001464466094067,0.1464466094067262,11016,12240,0,7344,1.0,0.9,4.850942134857178,4.8505024909973145,9.703253085317176,16,NVIDIA H100,20000000,10,200000000,180000000,0.9,7053398507.52,7837109452.799999,7837109452.799999,840.7183017730713,0.0162403020534508,0.099,0.01,0.1265333333333333,0.2445333333333333,0.0044549763033175,0.0212765957446808,0.1029629629629629,0.0103654188948306,0.0101386138613861,0.0177355502771179,0.00098,0.0009628799937118,0.0017333333333333,0.003,0.0051666666666666,0.220815752461322,0.0937,0.0076450952944976,0.0083551354544687,0.027027027027027,0.0281116452991453,0.499786376953125,0.500823723228995,0.0226984126984126,0.0052232309414251,0.102875,0.0012873089725435,0.0935003073140749,0.0029999999678693,0.0003199520142516,0.1307293409166945,0.0001543924656476,0.5,0.0,0.087006963789463,0.0206961426883935,0.8051853179931641,0.573134183883667
1533,10,0.9,0.999,16384,1e-08,0.001,1024,1024,0.6,0.2,356.97,154.75,202.22,151.55,False,0.0,0.0,12240,12240,0,7344,1.0,1.0,4.850942134857178,4.8505024909973145,9.703630014182696,16,NVIDIA H100,20000000,10,200000000,200000000,1.0,7837109452.799999,7837109452.799999,7837109452.799999,841.7095017433167,0.0113469861639229,0.0975999999999999,0.0091,0.1271333333333333,0.2357333333333333,0.0044549763033175,0.0244680851063829,0.0988888888888888,0.0102139037433155,0.0102970297029702,0.0218527315914489,0.00108,0.0006681208119632,0.0044,0.0045,0.0039,0.230661040787623,0.1083,0.0071605470011844,0.0110592100331567,0.0289482594121769,0.0294471153846153,0.493408203125,0.4640307523338824,0.0226984126984126,0.0049745056585001,0.100125,0.0019309634588153,0.1306084818684695,0.0015000000712461,0.0002199520167778,0.1361659417865506,0.0007520751731028,0.4653631810379288,0.0,0.0865704789757728,0.0233830846846103,0.8096585869789124,0.5749061107635498
1534,1,0.9,0.999,16384,1e-08,0.002,1024,1024,0.2,0.2,356.97,154.75,202.22,151.55,False,0.001000816993464,0.5004084967320263,1224,12240,1,2448,0.5,0.1,4.850604057312012,4.85015344619751,7.751868570552153,16,NVIDIA H100,20000000,10,200000000,20000000,0.1,783710945.28,7837109452.799999,7837109452.799999,845.8151321411133,0.011393637914936,0.1,0.01,0.1237333333333333,0.0904666666666666,0.0047393364928909,0.0212765957446808,0.194074074074074,0.01,0.0101386138613861,0.0304038004750593,0.00146,0.0009628799937118,0.004,0.0045,0.0061666666666666,0.3150492264416315,0.098,0.0118983525358027,0.0098039215686274,0.028958396598846,0.0262419871794871,0.500213623046875,0.4991762767710049,0.0193650793650793,0.0049745056585001,0.1,0.0045423616602607,0.0669944683466502,0.0005000000237487,0.0001999600135604,0.1287554366008698,0.0001956462249419,0.5,0.0,0.0638051033020019,0.0087313819676637,0.8096585869789124,0.5749061107635498
1534,2,0.9,0.999,16384,1e-08,0.002,1024,1024,0.2,0.2,356.97,154.75,202.22,151.55,False,0.002,1.0,2448,12240,1,2448,1.0,0.2,3.83617901802063,3.815321683883667,9.233482032819513,16,NVIDIA H100,20000000,10,200000000,40000000,0.2,1567421890.56,7837109452.799999,7837109452.799999,838.1747951507568,0.0437793858753506,0.2134,0.0461,0.1106666666666666,0.2268,0.0095260663507109,0.0202127659574468,0.1092592592592592,0.0130659536541889,0.0271683168316831,0.0447347585114806,0.00668,0.0015523983572088,0.0085333333333333,0.039,0.0206,0.2714486638537271,0.1341,0.0155593840852805,0.0198526386565681,0.0396477612649776,0.1168536324786324,0.557586669921875,0.500823723228995,0.0517460317460317,0.0064668573560502,0.221375,0.0261875425271714,0.0742931776275353,0.0059000002220273,0.0020395842147991,0.2104717296754767,0.000547418360882,0.5469701601335623,0.0,0.1098130866885185,0.0799623727798461,0.805459201335907,0.5755811333656311
1534,3,0.9,0.999,16384,1e-08,0.002,1024,1024,0.2,0.2,356.97,154.75,202.22,151.55,False,0.0019238795325112,0.9619397662556434,3672,12240,0,2448,1.0,0.3,4.135213851928711,4.118871212005615,8.836126365692786,16,NVIDIA H100,20000000,10,200000000,60000000,0.3,2351132835.84,7837109452.799999,7837109452.799999,843.7664716243744,0.0440073175733986,0.1797,0.0349,0.1342666666666666,0.1974,0.0055450236966824,0.026595744680851,0.129074074074074,0.0122103386809269,0.0208316831683168,0.0252573238321456,0.00458,0.0016899526420247,0.0070666666666666,0.021,0.0150333333333333,0.2995780590717299,0.0852,0.0128674491224292,0.0152210807120632,0.0403088803088803,0.0799278846153846,0.6146240234375,0.4991762767710049,0.0423809523809523,0.0055963188658127,0.212875,0.0101053754344667,0.0860479409956976,0.0038999998942017,0.0015197120956145,0.1948756551801048,0.001034960403425,0.7093023255813954,0.0,0.1018099561333656,0.0426863990724086,0.7651086449623108,0.5654980540275574
1534,4,0.9,0.999,16384,1e-08,0.002,1024,1024,0.2,0.2,356.97,154.75,202.22,151.55,False,0.0017071067811865,0.8535533905932737,4896,12240,0,2448,1.0,0.4,3.954535007476807,3.9366750717163086,9.129910821229023,16,NVIDIA H100,20000000,10,200000000,80000000,0.4,3134843781.12,7837109452.799999,7837109452.799999,842.7174394130707,0.0391977774553126,0.1937,0.0412999999999999,0.1416,0.2276,0.0072037914691943,0.0308510638297872,0.1175925925925926,0.0105704099821746,0.0248712871287128,0.0376880443388756,0.00612,0.0020240130480064,0.0098666666666666,0.03,0.0149666666666666,0.4092827004219409,0.1217,0.0153440292882523,0.0200060185401114,0.0444539994539994,0.1187232905982905,0.48162841796875,0.5074135090609555,0.0596825396825396,0.0075861211292127,0.23575,0.0196866322158265,0.0977258758451137,0.0037999999476596,0.0019795281696133,0.2238262518122003,0.0020727049891113,0.5602440802313824,0.0,0.1334841698408126,0.0731343254446983,0.8063721060752869,0.5754967927932739
1534,5,0.9,0.999,16384,1e-08,0.002,1024,1024,0.2,0.2,356.97,154.75,202.22,151.55,False,0.001382683432365,0.6913417161825449,6120,12240,0,2448,1.0,0.5,3.684747695922852,3.670703172683716,8.715341976265503,16,NVIDIA H100,20000000,10,200000000,100000000,0.5,3918554726.4,7837109452.799999,7837109452.799999,846.8333971500397,0.0557737432063184,0.2364,0.0451,0.1094,0.2116,0.0073933649289099,0.0186170212765957,0.1751851851851852,0.0111140819964349,0.0282772277227722,0.069833729216152,0.00636,0.0036943150779146,0.0173333333333333,0.0375,0.0185,0.3291139240506329,0.0957,0.0186281899429309,0.0205221784828023,0.0425668116679352,0.0990251068376068,0.50250244140625,0.4947830862163646,0.0331746031746031,0.0064668573560502,0.23375,0.0299667138679956,0.0845113706207744,0.003400000045076,0.0026396241737529,0.2159194825471172,0.0036886799913245,0.5014578973358101,0.0,0.1595022678375244,0.0805970132350921,0.6591199636459351,0.5716997981071472
1534,6,0.9,0.999,16384,1e-08,0.002,1024,1024,0.2,0.2,356.97,154.75,202.22,151.55,False,0.001,0.5,7344,12240,0,2448,1.0,0.6,3.2595317363739014,3.2479543685913086,8.327329251501295,16,NVIDIA H100,20000000,10,200000000,120000000,0.6,4702265671.68,7837109452.799999,7837109452.799999,848.6770558357239,0.0545940786169686,0.2499,0.0593999999999999,0.1170666666666666,0.2048666666666666,0.0081516587677725,0.0324468085106382,0.0896296296296296,0.0112210338680926,0.0289900990099009,0.0469517022961203,0.0107,0.0042641828292951,0.0157333333333333,0.0395,0.0186,0.3642756680731364,0.1134,0.0196511252288144,0.0283586551291093,0.0336690779740704,0.1421607905982906,0.4921875,0.5249862712795168,0.0379365079365079,0.0118144509389379,0.259875,0.0341780532210309,0.0977258758451137,0.0065000001341104,0.0026794881559908,0.2631760901081744,0.000318097499255,0.4909704423072401,0.0,0.1577102839946746,0.1154228821396827,0.6497169733047485,0.5719529390335083
1534,7,0.9,0.999,16384,1e-08,0.002,1024,1024,0.2,0.2,356.97,154.75,202.22,151.55,False,0.0006173165676349,0.3086582838174551,8568,12240,0,2448,1.0,0.7,2.808168888092041,2.7962262630462646,7.790309730308508,16,NVIDIA H100,20000000,10,200000000,140000000,0.7,5485976616.96,7837109452.799999,7837109452.799999,851.3425757884979,0.0764504158491882,0.2156,0.0493,0.1282,0.2400666666666666,0.0066350710900473,0.0393617021276595,0.0903703703703703,0.0102228163992869,0.0329108910891089,0.0688836104513064,0.0168,0.0075065338285287,0.0152,0.0495,0.0258,0.3473980309423347,0.1008,0.027027027027027,0.023883783956115,0.038996647311254,0.1770833333333333,0.50018310546875,0.4755628775398133,0.045079365079365,0.0090784728267628,0.2985,0.0444949151295584,0.1037569145666871,0.010600000154227,0.0053989603184163,0.2890821902531504,0.0002138032656636,0.5,0.0120120123028755,0.1810747683048248,0.130457118153572,0.7959649562835693,0.5727123022079468
1534,8,0.9,0.999,16384,1e-08,0.002,1024,1024,0.2,0.2,356.97,154.75,202.22,151.55,False,0.0002928932188134,0.1464466094067262,9792,12240,0,2448,1.0,0.8,2.435424327850342,2.4277184009552,7.206326867630279,16,NVIDIA H100,20000000,10,200000000,160000000,0.8,6269687562.24,7837109452.799999,7837109452.799999,851.9723076820374,0.1223874483872237,0.2321,0.0689,0.1137333333333333,0.208,0.0089573459715639,0.0356382978723404,0.09,0.0117736185383244,0.0439603960396039,0.0615993665874901,0.02466,0.0094715950401855,0.0150666666666666,0.0695,0.0329333333333333,0.3178621659634318,0.0704,0.031172606869818,0.0286435779782131,0.0469927486219621,0.2226896367521367,0.486846923828125,0.5035694673256452,0.0506349206349206,0.013555527919413,0.336375,0.0518969417216838,0.086278426551936,0.0139999995008111,0.0082985605113208,0.2791903646704584,0.0003378215768149,0.494967902744139,0.0,0.2137850522994995,0.1859270632266998,0.5565090179443359,0.5301860570907593
1534,9,0.9,0.999,16384,1e-08,0.002,1024,1024,0.2,0.2,356.97,154.75,202.22,151.55,False,7.612046748871326e-05,0.0380602337443566,11016,12240,0,2448,1.0,0.9,2.2215511798858643,2.212172746658325,6.791166217888103,16,NVIDIA H100,20000000,10,200000000,180000000,0.9,7053398507.52,7837109452.799999,7837109452.799999,851.6807651519775,0.1382147966036114,0.2484,0.0832,0.0942,0.2187333333333333,0.0097630331753554,0.0441489361702127,0.0942592592592592,0.0118092691622103,0.0434851485148514,0.0600158353127474,0.02968,0.0113187525791428,0.0149333333333333,0.074,0.0383333333333333,0.3628691983122363,0.1064,0.0398944761494562,0.023882521593858,0.0421186589645658,0.2829193376068376,0.49658203125,0.5172981878088962,0.0588888888888888,0.0177838577291381,0.365625,0.0710594552844033,0.0961124769514443,0.0170999998226761,0.008578568464145,0.2732909557265529,0.0020830566617061,0.5038446163613705,0.0,0.2149532735347747,0.2154488563537597,0.6844075322151184,0.5649073719978333
1534,10,0.9,0.999,16384,1e-08,0.002,1024,1024,0.2,0.2,356.97,154.75,202.22,151.55,False,0.0,0.0,12240,12240,0,2448,1.0,1.0,2.1679763793945312,2.158288955688477,6.581932945189133,16,NVIDIA H100,20000000,10,200000000,200000000,1.0,7837109452.799999,7837109452.799999,7837109452.799999,853.1411187648773,0.1504743883463716,0.2473999999999999,0.0843999999999999,0.0908,0.2151333333333333,0.0096682464454976,0.0393617021276595,0.0877777777777777,0.0114705882352941,0.0477227722772277,0.0536817102137767,0.03076,0.0117314154335907,0.0145333333333333,0.078,0.039,0.3586497890295358,0.1259,0.0397867987509421,0.0291033465903504,0.0436144954443509,0.3092948717948718,0.540283203125,0.5041186161449753,0.0507936507936507,0.0159184181072005,0.382375,0.0785074571969766,0.1089044253226797,0.0188000001944601,0.0097583765164017,0.2800044608007137,0.0059495071815592,0.5608789710066546,0.0,0.2254672944545745,0.2279749512672424,0.7026656866073608,0.5682402849197388
1535,1,0.9,0.999,16384,1e-08,0.002,1024,1024,0.4,0.2,356.97,154.75,202.22,151.55,False,0.000500408496732,0.2502042483660131,1224,12240,1,4896,0.25,0.1,2.8893823623657227,2.873716354370117,7.8923817331494845,16,NVIDIA H100,20000000,10,200000000,20000000,0.1,783710945.28,7837109452.799999,7837109452.799999,844.6731052398682,0.1332021619220176,0.2711,0.106,0.1268,0.2036,0.0121327014218009,0.0425531914893617,0.1785185185185185,0.0137076648841354,0.047049504950495,0.0683293745051464,0.0215,0.0052074122108903,0.0133333333333333,0.0785,0.0387333333333333,0.2784810126582278,0.1454,0.0230429632820071,0.0348918657794898,0.0677697772938626,0.1629273504273504,0.488067626953125,0.5019220208676551,0.0534920634920634,0.0114413630145504,0.395125,0.0493407139047759,0.1833128457283343,0.015599999576807,0.0065790084190666,0.2568975131036021,0.001709379707051,0.465692383662144,0.0,0.1845794320106506,0.1415448784828186,0.792587161064148,0.5839345455169678
1535,2,0.9,0.999,16384,1e-08,0.002,1024,1024,0.4,0.2,356.97,154.75,202.22,151.55,False,0.001000408496732,0.5002042483660131,2448,12240,1,4896,0.5,0.2,1.246793508529663,1.231847643852234,6.106259760124232,16,NVIDIA H100,20000000,10,200000000,40000000,0.2,1567421890.56,7837109452.799999,7837109452.799999,839.1928586959839,0.3860434280693621,0.331,0.1762999999999999,0.1345333333333333,0.2146666666666666,0.0178199052132701,0.102127659574468,0.2568518518518518,0.0156951871657754,0.1217029702970297,0.0607284243863816,0.0969,0.0433099491049146,0.0233333333333333,0.1895,0.1395,0.3459915611814346,0.0991,0.0639603747173468,0.1288149455580242,0.1519695157448132,0.3815438034188034,0.504730224609375,0.4975288303130148,0.123015873015873,0.0318368362144011,0.629875,0.1879011346709086,0.0974569760295021,0.0914000011980533,0.0490530580282211,0.3047563287610126,0.0035046249260358,0.5018223716697627,0.0,0.3002336323261261,0.3995824754238128,0.763100266456604,0.6074336767196655
1535,3,0.9,0.999,16384,1e-08,0.002,1024,1024,0.4,0.2,356.97,154.75,202.22,151.55,False,0.001500408496732,0.7502042483660131,3672,12240,1,4896,0.75,0.3,4.850931167602539,4.85049295425415,9.092072082111258,16,NVIDIA H100,20000000,10,200000000,60000000,0.3,2351132835.84,7837109452.799999,7837109452.799999,838.6055297851562,0.0098039215686274,0.1,0.01,0.1237333333333333,0.2254,0.0047393364928909,0.0212765957446808,0.1125925925925925,0.01,0.0099009900990099,0.0380047505938242,0.001,0.0010021812179449,0.0026666666666666,0.0025,0.0045333333333333,0.0914205344585091,0.1135,0.0055453860234736,0.0098039215686274,0.027027027027027,0.0395299145299145,0.499786376953125,0.4991762767710049,0.0203174603174603,0.0049745056585001,0.1,0.0026113982014454,0.1958743085433313,0.0010000000474974,0.0001999600135604,0.1440727110516337,4.721595823842925e-06,0.5,0.0,0.0754060298204422,0.0149253727868199,0.8096585869789124,0.5749061107635498
1535,4,0.9,0.999,16384,1e-08,0.002,1024,1024,0.4,0.2,356.97,154.75,202.22,151.55,False,0.002,1.0,4896,12240,1,4896,1.0,0.4,4.850810050964356,4.850362777709961,9.703554429259954,16,NVIDIA H100,20000000,10,200000000,80000000,0.4,3134843781.12,7837109452.799999,7837109452.799999,837.6955924034119,0.0098039215686274,0.1,0.0098999999999999,0.1205333333333333,0.2456,0.0046445497630331,0.0212765957446808,0.0944444444444444,0.0103119429590017,0.0084752475247524,0.0213776722090261,0.001,0.0006288195877301,0.002,0.01,0.0058666666666666,0.220815752461322,0.1135,0.0082911596855819,0.0098039215686274,0.027027027027027,0.024105235042735,0.45428466796875,0.500823723228995,0.0409523809523809,0.0049745056585001,0.1,0.0018574029460985,0.1957974800245851,0.0010000000474974,0.0001999600135604,0.1208765473402475,4.239482154400034e-05,0.6191125637830085,0.0,0.1032482609152793,0.0194029845297336,0.8096585869789124,0.5749061107635498
1535,5,0.9,0.999,16384,1e-08,0.002,1024,1024,0.4,0.2,356.97,154.75,202.22,151.55,False,0.0018660254037844,0.9330127018922192,6120,12240,0,4896,1.0,0.5,4.850942134857178,4.8505024909973145,9.703273502050662,16,NVIDIA H100,20000000,10,200000000,100000000,0.5,3918554726.4,7837109452.799999,7837109452.799999,840.8934321403503,0.011127377044332,0.1035999999999999,0.01,0.1217333333333333,0.1718666666666666,0.0047393364928909,0.0212765957446808,0.1124074074074074,0.0071836007130124,0.0099009900990099,0.0336500395882818,0.00112,0.001041482442178,0.0008,0.005,0.0075666666666666,0.220815752461322,0.096,0.0087757079788952,0.0098039215686274,0.0256756756756756,0.0914797008547008,0.500213623046875,0.500823723228995,0.0246031746031746,0.0058450441487377,0.1,0.0010390422421244,0.1165104486785494,0.001700000022538,9.996001608669758e-05,0.1307293409166945,1.7982924521515878e-05,0.5,0.0,0.1043285205960273,0.0195172056555748,0.1903414279222488,0.4250938594341278
1535,6,0.9,0.999,16384,1e-08,0.002,1024,1024,0.4,0.2,356.97,154.75,202.22,151.55,False,0.0015,0.75,7344,12240,0,4896,1.0,0.6,4.850942134857178,4.850502014160156,9.703248909096311,16,NVIDIA H100,20000000,10,200000000,120000000,0.6,4702265671.68,7837109452.799999,7837109452.799999,838.5938172340393,0.0091055724503233,0.0962,0.0103,0.1251333333333333,0.158,0.0051184834123222,0.0239361702127659,0.1275925925925926,0.0105971479500891,0.0099801980198019,0.0125890736342042,0.00108,0.0011004342785277,0.0008,0.0045,0.0051,0.1293952180028129,0.0958,0.0088295466781522,0.0098505262087548,0.027027027027027,0.2789129273504273,0.500213623046875,0.500274574409665,0.0219047619047619,0.0060937694316627,0.099625,0.0010850175625724,0.0759449907805777,0.0015000000712461,0.0001399840039084,0.1307293409166945,0.0010555758039093,0.5,0.0,0.1020881682634353,0.0225776098668575,0.2928610444068908,0.4384677112102508
1535,7,0.9,0.999,16384,1e-08,0.002,1024,1024,0.4,0.2,356.97,154.75,202.22,151.55,False,0.001,0.5,8568,12240,0,4896,1.0,0.7,4.850982189178467,4.8505449295043945,10.298483688067767,16,NVIDIA H100,20000000,10,200000000,140000000,0.7,5485976616.96,7837109452.799999,7837109452.799999,840.9312250614166,0.0098039215686274,0.1,0.01,0.1283333333333333,0.2450666666666666,0.0047393364928909,0.0212765957446808,0.115,0.01,0.0099009900990099,0.0546318289786223,0.001,0.0010021812179449,0.0008,0.0025,0.0081666666666666,0.220815752461322,0.0958,0.0046839668353612,0.0098039215686274,0.027027027027027,0.0207665598290598,0.499786376953125,0.4991762767710049,0.0209523809523809,0.0039796045268001,0.1,0.0010298471780348,0.0759449907805777,0.0010000000474974,0.0001999600135604,0.1361659417865506,9.164042314048982e-07,0.5,0.0,0.0943396240472793,0.0250521916896104,0.8096585869789124,0.5749061107635498
1535,8,0.9,0.999,16384,1e-08,0.002,1024,1024,0.4,0.2,356.97,154.75,202.22,151.55,False,0.0004999999999999,0.2499999999999999,9792,12240,0,4896,1.0,0.8,4.850947380065918,4.850507736206055,9.704081778432808,16,NVIDIA H100,20000000,10,200000000,160000000,0.8,6269687562.24,7837109452.799999,7837109452.799999,841.9168994426727,0.0098039215686274,0.1,0.01,0.1283333333333333,0.2450666666666666,0.0047393364928909,0.0212765957446808,0.115,0.01,0.0099009900990099,0.0546318289786223,0.001,0.0010021812179449,0.0052,0.0025,0.0081666666666666,0.0914205344585091,0.0958,0.0046839668353612,0.0098039215686274,0.027027027027027,0.3490251068376068,0.499786376953125,0.4991762767710049,0.0209523809523809,0.0057206815072752,0.1,0.0018482078820089,0.0759449907805777,0.0010000000474974,0.0001999600135604,0.1332998773279803,3.6651030420813394e-06,0.5,0.0,0.0643729194998741,0.02296450920403,0.8096585869789124,0.5749061107635498
1535,9,0.9,0.999,16384,1e-08,0.002,1024,1024,0.4,0.2,356.97,154.75,202.22,151.55,False,0.0001339745962155,0.0669872981077807,11016,12240,0,4896,1.0,0.9,4.85094690322876,4.8505072593688965,9.70403145185483,16,NVIDIA H100,20000000,10,200000000,180000000,0.9,7053398507.52,7837109452.799999,7837109452.799999,842.2450110912323,0.0098039215686274,0.1,0.01,0.1283333333333333,0.2450666666666666,0.0047393364928909,0.0212765957446808,0.1064814814814814,0.01,0.0099009900990099,0.0308788598574821,0.001,0.0010021812179449,0.0052,0.0025,0.0081666666666666,0.0914205344585091,0.0958,0.0127059330246581,0.0098039215686274,0.027027027027027,0.0201655982905982,0.499786376953125,0.4991762767710049,0.0209523809523809,0.0057206815072752,0.1,0.0024458870478327,0.0759449907805777,0.0010000000474974,0.0001999600135604,0.1404650384744061,1.37457422563361e-06,0.5,0.0,0.0614849179983139,0.0239043831825256,0.8096585869789124,0.5749061107635498
1535,10,0.9,0.999,16384,1e-08,0.002,1024,1024,0.4,0.2,356.97,154.75,202.22,151.55,False,0.0,0.0,12240,12240,0,4896,1.0,1.0,4.850946426391602,4.85050630569458,9.70403791564742,16,NVIDIA H100,20000000,10,200000000,200000000,1.0,7837109452.799999,7837109452.799999,7837109452.799999,842.6517624855042,0.0098039215686274,0.1,0.01,0.1283333333333333,0.2450666666666666,0.0047393364928909,0.0212765957446808,0.1064814814814814,0.01,0.0099009900990099,0.0308788598574821,0.001,0.0010021812179449,0.0052,0.0025,0.0081666666666666,0.220815752461322,0.0958,0.0102831915580919,0.0098039215686274,0.027027027027027,0.0207665598290598,0.499786376953125,0.4991762767710049,0.0209523809523809,0.0057206815072752,0.1,0.001048237306214,0.0759449907805777,0.0010000000474974,0.0001999600135604,0.1323296531727445,1.37457422563361e-06,0.5,0.0,0.0621531642973423,0.02296450920403,0.8096585869789124,0.5749061107635498
1536,1,0.9,0.999,16384,1e-08,0.002,1024,1024,0.6,0.2,356.97,154.75,202.22,151.55,False,0.000333605664488,0.1668028322440087,1224,12240,1,7344,0.1666666666666666,0.1,1.8991737365722656,1.8858973979949951,7.803312286442401,16,NVIDIA H100,20000000,10,200000000,20000000,0.1,783710945.28,7837109452.799999,7837109452.799999,846.4025545120239,0.2326834291388475,0.2274,0.1411,0.1421333333333333,0.2215333333333333,0.0158767772511848,0.076063829787234,0.1835185185185185,0.0140374331550802,0.079049504950495,0.0453681710213776,0.0479,0.0140501876633457,0.0166666666666666,0.122,0.0704333333333333,0.2841068917018284,0.1669,0.0349413158178098,0.0559323920560144,0.0840811797457393,0.258480235042735,0.560028076171875,0.500823723228995,0.0819047619047619,0.0149235169755005,0.498625,0.1057064567740037,0.1989474492931776,0.0388000002130866,0.0210966011509299,0.278515668562507,0.0026040576359219,0.6254967432454676,0.0,0.2149532735347747,0.2421711832284927,0.6881504654884338,0.5258827805519104
1536,2,0.9,0.999,16384,1e-08,0.002,1024,1024,0.6,0.2,356.97,154.75,202.22,151.55,False,0.0006669389978213,0.3334694989106753,2448,12240,1,7344,0.3333333333333333,0.2,1.5595535039901731,1.5493206977844238,7.364273173357147,16,NVIDIA H100,20000000,10,200000000,40000000,0.2,1567421890.56,7837109452.799999,7837109452.799999,839.3529970645905,0.3173461409260679,0.2952,0.1541,0.1328666666666666,0.1775333333333333,0.018388625592417,0.0872340425531914,0.2488888888888888,0.0131105169340463,0.0948118811881188,0.043784639746635,0.07168,0.0303798463322132,0.0125333333333333,0.148,0.1055333333333333,0.2869198312236287,0.0819,0.05195434478303,0.0971212376073176,0.1343092639304848,0.3221153846153846,0.531005859375,0.4991762767710049,0.0925396825396825,0.0222609128217883,0.576875,0.1403074829431561,0.0905424093423478,0.0589000005275011,0.0321753704920411,0.2817385970781755,0.0038678342284742,0.5350718367154984,0.0,0.2733644843101501,0.3043841421604156,0.8063721060752869,0.5747373700141907
1536,3,0.9,0.999,16384,1e-08,0.002,1024,1024,0.6,0.2,356.97,154.75,202.22,151.55,False,0.0010002723311546,0.5001361655773421,3672,12240,1,7344,0.5,0.3,1.225860595703125,1.2190243005752563,6.422734851930656,16,NVIDIA H100,20000000,10,200000000,60000000,0.3,2351132835.84,7837109452.799999,7837109452.799999,842.9850625991821,0.418302133613023,0.4044,0.1881,0.1422666666666666,0.2177333333333333,0.0234123222748815,0.1058510638297872,0.1827777777777778,0.0172638146167557,0.1173861386138613,0.0677751385589865,0.09968,0.0418754544204051,0.0196,0.1875,0.1364,0.3234880450070324,0.1404,0.0690212124475072,0.1310984807973833,0.1486039289771645,0.3758680555555556,0.629638671875,0.500823723228995,0.1107936507936507,0.0302201218753886,0.652375,0.1778049543005314,0.122118930547019,0.0888000018894672,0.0509527381509542,0.3075889372142299,0.0027617685940847,0.5817363086980036,0.0,0.2978971898555755,0.3799582421779632,0.8085630536079407,0.5736826658248901
1536,4,0.9,0.999,16384,1e-08,0.002,1024,1024,0.6,0.2,356.97,154.75,202.22,151.55,False,0.001333605664488,0.6668028322440087,4896,12240,1,7344,0.6666666666666666,0.4,4.850942134857178,4.850502967834473,7.107907339638355,16,NVIDIA H100,20000000,10,200000000,80000000,0.4,3134843781.12,7837109452.799999,7837109452.799999,841.4337947368622,0.0098039215686274,0.1,0.01,0.1228666666666666,0.1997333333333333,0.0047393364928909,0.0212765957446808,0.0927777777777777,0.01,0.0098613861386138,0.01187648456057,0.001,0.0010021812179449,0.0044,0.005,0.0042666666666666,0.3727144866385373,0.098,0.0067836761063852,0.009515570934256,0.027027027027027,0.024639423076923,0.499786376953125,0.4991762767710049,0.0207936507936507,0.0049745056585001,0.1,0.0015539658311418,0.0669944683466502,0.0010000000474974,0.0001999600135604,0.1467045834727333,0.0,0.5,0.0,0.0292056072503328,0.0217118989676237,0.8096585869789124,0.5749061107635498
1536,5,0.9,0.999,16384,1e-08,0.002,1024,1024,0.6,0.2,356.97,154.75,202.22,151.55,False,0.0016669389978213,0.8334694989106755,6120,12240,1,7344,0.8333333333333334,0.5,4.310725688934326,4.29616117477417,9.49105589607962,16,NVIDIA H100,20000000,10,200000000,100000000,0.5,3918554726.4,7837109452.799999,7837109452.799999,841.7781252861023,0.0302386376615519,0.1506,0.0270999999999999,0.0996666666666666,0.2222,0.0058767772511848,0.0287234042553191,0.1794444444444444,0.0086274509803921,0.0143762376237623,0.0256532066508313,0.00294,0.001179036726994,0.0068,0.0125,0.0072666666666666,0.2025316455696202,0.1025,0.0095832884677506,0.014293181138686,0.0304629043288837,0.0542200854700854,0.5,0.4991762767710049,0.0173015873015873,0.0052232309414251,0.178875,0.0052871618515181,0.0848955132145052,0.001700000022538,0.0003598960392992,0.2017229842756774,0.0005936510095398,0.5011757236579114,0.0,0.0837104097008705,0.0477657951414585,0.7182764410972595,0.5751170516014099
1536,6,0.9,0.999,16384,1e-08,0.002,1024,1024,0.6,0.2,356.97,154.75,202.22,151.55,False,0.002,1.0,7344,12240,1,7344,1.0,0.6,3.5912458896636963,3.567956924438477,8.742542485006494,16,NVIDIA H100,20000000,10,200000000,120000000,0.6,4702265671.68,7837109452.799999,7837109452.799999,848.5808165073395,0.0563476900032951,0.2364,0.0562,0.1186,0.2325333333333333,0.0092417061611374,0.0303191489361702,0.1511111111111111,0.0096256684491978,0.032039603960396,0.0513855898653998,0.00864,0.0017882057026076,0.0072,0.0415,0.0209333333333333,0.2981715893108298,0.1031,0.0130828039194573,0.0181641699020118,0.0433289387928563,0.1278044871794871,0.50341796875,0.500823723228995,0.0609523809523809,0.0108195498072379,0.24,0.0260312264376482,0.0859711124769514,0.005100000067614,0.0025395841803401,0.2369688859150217,0.0011832369911592,0.5000235144731582,0.0,0.1016355156898498,0.0738475993275642,0.8074675798416138,0.5752014517784119
1536,7,0.9,0.999,16384,1e-08,0.002,1024,1024,0.6,0.2,356.97,154.75,202.22,151.55,False,0.0017071067811865,0.8535533905932737,8568,12240,0,7344,1.0,0.7,2.514341115951538,2.496422052383423,7.76908920052784,16,NVIDIA H100,20000000,10,200000000,140000000,0.7,5485976616.96,7837109452.799999,7837109452.799999,851.0930926799774,0.1308500710361903,0.258,0.0951999999999999,0.1616666666666666,0.2289333333333333,0.0121327014218009,0.052127659574468,0.095,0.0119073083778966,0.0532673267326732,0.0593824228028503,0.0242,0.0075261844406453,0.012,0.083,0.0444333333333333,0.3361462728551336,0.0862,0.0191127382362442,0.0456774219721444,0.0711955720198178,0.2399172008547008,0.49176025390625,0.500823723228995,0.059047619047619,0.0105708245243128,0.368,0.0671055777258767,0.0742547633681622,0.0191000001505017,0.0111183528788387,0.2671573547451767,0.0007856168542835,0.4982364145131328,0.0,0.1857476681470871,0.1369519829750061,0.7478546500205994,0.5852001905441284
1536,8,0.9,0.999,16384,1e-08,0.002,1024,1024,0.6,0.2,356.97,154.75,202.22,151.55,False,0.001,0.5,9792,12240,0,7344,1.0,0.8,1.8581360578536987,1.8384218215942385,6.929883168803321,16,NVIDIA H100,20000000,10,200000000,160000000,0.8,6269687562.24,7837109452.799999,7837109452.799999,851.9666476249695,0.2112119254894499,0.2427,0.1185,0.1244666666666666,0.2032,0.015781990521327,0.0686170212765957,0.1155555555555555,0.0156060606060606,0.0712079207920792,0.065716547901821,0.04442,0.0120851264516889,0.0154666666666666,0.1135,0.0614666666666666,0.340365682137834,0.0961,0.0350489932163239,0.0747019095988959,0.0735128621565218,0.3622462606837607,0.472808837890625,0.500823723228995,0.0665079365079365,0.0133068026364879,0.516875,0.1052834838258822,0.0865473263675476,0.0368999997153878,0.0206770887598395,0.2840303334448533,0.0030338665331366,0.4954381922073036,0.0,0.2102803736925125,0.2329853922128677,0.7871097326278687,0.571235716342926
1536,9,0.9,0.999,16384,1e-08,0.002,1024,1024,0.6,0.2,356.97,154.75,202.22,151.55,False,0.0002928932188134,0.1464466094067262,11016,12240,0,7344,1.0,0.9,1.2812849283218384,1.2708569765090942,5.49712075867684,16,NVIDIA H100,20000000,10,200000000,180000000,0.9,7053398507.52,7837109452.799999,7837109452.799999,852.774569272995,0.3207601078849286,0.2842,0.1648,0.1404666666666666,0.1968,0.0192890995260663,0.100531914893617,0.2133333333333333,0.018458110516934,0.1138613861386138,0.0696753760886777,0.0816,0.0287684961386547,0.0182666666666666,0.1635,0.0963333333333333,0.2686357243319268,0.1015,0.0569613438139334,0.0859369447648018,0.1113496015157414,0.3965010683760683,0.537872314453125,0.5167490389895661,0.0912698412698412,0.0297226713095386,0.61175,0.1626606837449657,0.0870082974800245,0.0663999989628791,0.0370944421738386,0.300312256049961,0.00870801920345,0.5160721424036494,0.0,0.2827102839946747,0.360334038734436,0.8084717988967896,0.5764248967170715
1536,10,0.9,0.999,16384,1e-08,0.002,1024,1024,0.6,0.2,356.97,154.75,202.22,151.55,False,0.0,0.0,12240,12240,0,7344,1.0,1.0,1.1435229778289795,1.1340962648391724,4.752029203901104,16,NVIDIA H100,20000000,10,200000000,200000000,1.0,7837109452.799999,7837109452.799999,7837109452.799999,853.2601542472839,0.3552526611538499,0.3021,0.1839,0.1419333333333333,0.203,0.0211374407582938,0.1079787234042553,0.2372222222222222,0.0196345811051693,0.1307722772277227,0.0646872525732383,0.09702,0.0323252569317534,0.0190666666666666,0.183,0.1072,0.3108298171589311,0.0926,0.0659524065898568,0.0939611008267959,0.1218199959805261,0.4308894230769231,0.532684326171875,0.5013728720483251,0.0944444444444444,0.0343240890436512,0.639625,0.1785589495558784,0.0740626920712968,0.0714000016450882,0.0430534984916448,0.302470168395227,0.0058756982090807,0.5203870482281845,0.0,0.3095794320106506,0.4062630534172058,0.8091108202934265,0.5764670968055725
