config_id,global_batch_size,beta1,beta2,eps,lr,text_width,vision_width,warmup_fraction,wd,total_samples_planned,failed
755,2048.0,0.913621723651886,0.9873483777046204,2.1807451844324532e-08,4.802061812370084e-05,64,384,0.3292054533958435,1.649262776481919e-05,14514744.0,0
1226,8192.0,0.946047067642212,0.9729356169700624,1.650360843541421e-07,0.0001272711670026,192,32,0.0455410033464431,1.06267452792963e-06,98451828.0,0
619,512.0,0.9400634169578552,0.9784320592880248,2.5866594910439744e-07,0.0017411059234291,192,64,0.4314323365688324,0.0040349778719246,3217452.0,0
1228,4096.0,0.9334859251976012,0.9886955618858336,7.67010931213008e-07,0.0035000909119844,512,384,0.5848328471183777,0.0388092771172523,67093632.0,0
1010,8192.0,0.9404951333999634,0.9818356037139891,1.8719765293440105e-08,0.0141114415600895,512,320,0.6442844271659851,5.1924500439781696e-05,99823095.0,0
1488,8192.0,0.9639798998832704,0.9926759600639344,2.496601894108608e-07,0.017975777387619,128,320,0.6058298945426941,0.00096386752557,101357865.0,0
543,4096.0,0.9404711723327636,0.9503046870231628,1.082432206089834e-07,0.0040307356975972,64,32,0.2003318220376968,0.0017198477871716,19247792.0,0
929,2048.0,0.9643813967704772,0.9593392610549928,1.6393951085547087e-08,0.0155880888924002,192,128,0.12581567466259,0.1370413601398468,6762768.0,0
1427,8192.0,0.9059306979179382,0.9812583327293396,2.2464103466290908e-08,0.0078077330254018,64,64,0.2855781316757202,0.0001003379657049,108841590.0,0
1127,8192.0,0.9657763838768004,0.954340636730194,3.0324038391427166e-08,0.0422818735241889,32,448,0.2423412948846817,0.1358807832002639,77345548.0,1
1028,4096.0,0.918353796005249,0.9713658690452576,1.6707602412679993e-08,0.0018902275478467,384,384,0.3320428133010864,0.05218505859375,68410266.0,0
1184,8192.0,0.9180383086204528,0.969025194644928,1.1615099992923206e-08,0.0491934232413768,64,448,0.4038718342781067,0.0014886433491483,114026830.0,1
785,2048.0,0.9482441544532776,0.9899049401283264,1.0197307886983252e-08,7.52172782085836e-05,128,384,0.0925250798463821,0.0858825296163559,9402528.0,0
64,4096.0,0.9283177256584167,0.9757853150367736,3.606060658967181e-07,0.0008562878938391,128,384,0.0725845992565155,0.0229301881045103,52675002.0,0
1068,8192.0,0.9741365313529968,0.9949378371238708,4.872998360383463e-08,0.000479042326333,320,320,0.3691370487213135,3.4858846902352525e-06,108493280.0,0
1414,8192.0,0.9862365126609802,0.9943448305130004,2.9636899157026164e-08,0.0005878825322724,256,320,0.3390975594520569,0.018886374309659,107259264.0,0
1485,8192.0,0.9484021067619324,0.958486258983612,1.1959712331588436e-08,5.875181886949576e-05,32,256,0.3658586144447326,2.526125172153116e-05,98106579.0,0
1000,4096.0,0.9776288270950316,0.9780775308609008,1.0193184962759004e-08,9.51019610511139e-05,512,64,0.5654303431510925,0.0002312555152457,18672456.0,0
834,4096.0,0.9326967597007751,0.9956642985343932,1.5007307396786018e-08,3.0040018828003667e-05,320,32,0.5077941417694092,0.0215886104851961,50102181.0,0
1316,8192.0,0.9112879633903505,0.9910553693771362,2.175908875301502e-08,0.002887352136895,32,320,0.7338367700576782,0.0014209192013368,91536240.0,0
852,4096.0,0.920281171798706,0.9863195419311525,3.238448442743902e-08,0.0003470699011813,32,32,0.3158733248710632,3.4444747143425047e-06,17050383.0,0
557,4096.0,0.9714154601097108,0.9771428108215332,3.0357718117102195e-08,7.671836647205055e-05,384,256,0.7241033911705017,0.0002641154278535,53374518.0,0
747,2048.0,0.953227162361145,0.9636657238006592,8.338359691606456e-08,0.0220566987991333,64,32,0.2910996675491333,0.1570553183555603,10903734.0,0
169,4096.0,0.9360971450805664,0.9688762426376344,1.2949328720424091e-08,1.5165071999945212e-05,64,64,0.7049053907394409,0.0016244321595877,36559348.0,0
663,4096.0,0.9511858820915222,0.9535460472106934,1.1902161922705544e-08,2.041337575064972e-05,256,32,0.0174856334924697,0.0241695661097764,49903353.0,0
499,4096.0,0.94268536567688,0.9733898043632508,1.5007444176262652e-07,1.272827557841083e-05,384,192,0.6376961469650269,0.0007485743844881,34007964.0,0
788,4096.0,0.9178927540779114,0.9894633293151855,1.720646451985886e-07,1.5723124306532554e-05,320,256,0.3976460099220276,0.0021288830321282,37835924.0,0
574,2048.0,0.9142345786094666,0.961353600025177,1.644290534841275e-07,0.0042124218307435,32,512,0.6771070957183838,1.8271603039465845e-06,4119568.0,0
307,2048.0,0.9001577496528625,0.951255977153778,3.6476681231079056e-08,1.6461906852782704e-05,256,448,0.0846203863620758,0.0011424551485106,12324936.0,0
24,512.0,0.9713346362113952,0.9767688512802124,1.285321928889971e-07,0.0476622618734836,64,384,0.2463256269693374,0.0012455714168027,3011216.0,1
684,512.0,0.9624322056770324,0.9688680768013,1.803222033913699e-07,0.014600140042603,192,128,0.2748097479343414,0.0057219183072447,1802716.0,0
282,4096.0,0.946094274520874,0.9629969000816344,6.863138537482882e-07,1.0490573004062751e-05,32,192,0.6297903060913086,0.0070747081190347,41566686.0,0
672,2048.0,0.9280298948287964,0.991129457950592,1.2030729301670816e-08,0.0001139674714067,320,384,0.1998597979545593,2.0238885554135777e-06,11342522.0,0
1347,8192.0,0.98336923122406,0.9647752046585084,3.852633767564839e-07,0.0002724707592278,384,512,0.5939517021179199,1.6526249737580656e-06,94720832.0,0
184,512.0,0.9105007648468018,0.9851144552230836,2.0132199907152423e-08,0.0070421751588582,320,64,0.1739222556352615,3.332915002829395e-05,3116386.0,0
820,4096.0,0.9401702880859376,0.973501443862915,2.432441021937848e-07,1.21111334010493e-05,128,384,0.6800131797790527,0.0124425897374749,24233540.0,0
1327,4096.0,0.9668827056884766,0.9636557698249816,6.770280833734432e-07,5.470618634717539e-05,192,32,0.0786367356777191,0.0015462681185454,69810918.0,0
217,4096.0,0.9703654646873474,0.9960888028144836,5.0940368367946576e-08,0.000459088361822,384,384,0.6554298400878906,1.0297924745827912e-05,49803651.0,0
630,4096.0,0.9075934290885924,0.9876022338867188,3.256603520185308e-08,0.001420997781679,128,384,0.201090931892395,7.73870215198258e-06,27641555.0,0
41,4096.0,0.9460817575454712,0.9705663323402404,3.766624345757919e-08,6.747669249307364e-05,320,256,0.7366222143173218,0.0187335386872291,17953191.0,0
1103,8192.0,0.9858151078224182,0.9755399227142334,1.7237004712455928e-08,1.1239457307965496e-05,448,192,0.5705768465995789,0.0001188270107377,118393830.0,0
1238,8192.0,0.985739767551422,0.9529112577438354,1.304908039401198e-07,0.003489765105769,512,512,0.4902340173721313,0.0001248157059308,102108789.0,0
1400,4096.0,0.9893384575843812,0.9513210654258728,9.611192126612875e-07,0.000665828178171,256,512,0.449767529964447,0.0001634477812331,60517764.0,0
1137,4096.0,0.9859391450881958,0.9628908038139344,5.4670010740665054e-08,0.0001276287512155,448,448,0.378121018409729,0.0367464087903499,69329868.0,0
45,4096.0,0.9515222907066344,0.9906646013259888,1.5157125332621035e-08,0.0063564255833625,128,32,0.6786580681800842,0.0004995014169253,46912240.0,0
446,2048.0,0.9793189764022828,0.974977731704712,2.2624794482339894e-08,0.0077432096004486,32,64,0.2175138294696808,3.68750152119901e-05,10306400.0,0
455,4096.0,0.9809572100639344,0.9602840542793274,5.124209110363154e-07,0.0016314224340021,64,448,0.1372623145580291,0.000181021328899,55876350.0,0
49,4096.0,0.9438997507095336,0.9910207390785216,6.566758088411007e-07,5.599106225417927e-05,64,64,0.1395426839590072,0.1635149121284485,19768536.0,0
723,512.0,0.9071304202079772,0.9638051390647888,2.018568245887309e-08,0.0201700422912836,512,64,0.2678531408309936,3.3990236261161044e-05,955768.0,1
389,2048.0,0.911126434803009,0.9989595413208008,6.18198683355331e-08,0.0001252804504474,192,320,0.0348435491323471,4.635880759451538e-05,12617316.0,0
1225,8192.0,0.9504733085632324,0.9743823409080504,5.552331217018037e-08,0.0006535769789479,384,320,0.168100968003273,0.1794593036174774,80482899.0,0
385,4096.0,0.9059322476387024,0.9715782999992372,1.353242851109826e-07,0.0005080653936602,32,32,0.3388347029685974,0.1365867704153061,21188012.0,0
1134,8192.0,0.935095489025116,0.9735168218612672,9.04939128076876e-08,0.0004004430957138,256,32,0.6786834001541138,0.0029903107788413,91673728.0,0
363,4096.0,0.91392183303833,0.998878002166748,1.6259670942986304e-08,0.0019266515737399,448,448,0.3120563626289367,1.0785068980112555e-06,17219559.0,0
890,512.0,0.9588276743888856,0.9844489097595216,7.62455343306101e-08,0.002785519696772,320,512,0.2621996104717254,0.000106779676571,3025832.0,0
722,2048.0,0.9480264186859132,0.9630764126777648,7.150691772039863e-07,1.5105070815479849e-05,32,192,0.1220760494470596,8.709323992661666e-06,11678280.0,0
1123,8192.0,0.9512752890586852,0.98050457239151,7.528818173341278e-07,0.023959806188941,192,32,0.1415168344974517,0.0058179255574941,90784424.0,0
1496,8192.0,0.9847002029418944,0.9573140740394592,6.791708528908202e-08,0.0022386368364095,448,512,0.4441710412502289,4.465301572054159e-06,84785800.0,0
403,4096.0,0.9533594250679016,0.9707133769989014,2.501294318335568e-07,0.0029891233425587,64,32,0.3425752520561218,0.0002536652027629,19730932.0,0
393,2048.0,0.909537434577942,0.992526113986969,1.050779445677108e-07,1.030350449582329e-05,512,256,0.410563051700592,0.0177664719521999,4507016.0,0
1157,8192.0,0.960759460926056,0.9886378645896912,4.88792046837716e-08,0.0458382740616798,256,256,0.6577417850494385,0.0328332632780075,119046880.0,1
704,4096.0,0.9418999552726746,0.9625991582870485,1.0890881441127941e-07,0.0118537722155451,192,448,0.2188452780246734,0.0031466633081436,18887008.0,1
195,4096.0,0.9369683265686036,0.9918204545974731,6.384431827655136e-08,8.776715549174696e-05,320,512,0.6558666229248047,0.1240755692124366,56550950.0,0
815,2048.0,0.9188169240951538,0.9811155200004578,9.74690806287981e-07,0.0299744177609682,192,32,0.4613707661628723,0.000166167752468,11273664.0,1
254,2048.0,0.9115657806396484,0.9930392503738404,1.509988436509957e-07,1.307958154939115e-05,32,32,0.5113118290901184,0.0079080406576395,7046160.0,0
979,4096.0,0.9183148741722108,0.9793691039085388,1.476616944273701e-07,1.0404637578176336e-05,64,384,0.2777623534202575,0.009800486266613,38962329.0,0
58,4096.0,0.976504921913147,0.9985494017601012,2.309459432581207e-07,0.0015128360828384,384,256,0.7471108436584473,7.329920481424779e-05,51213915.0,0
1132,8192.0,0.9849313497543336,0.9654639959335328,1.8583335759103647e-08,0.0010763661703094,192,448,0.0856516063213348,0.02676866017282,99766683.0,0
1394,8192.0,0.946679949760437,0.9510143399238586,2.108568111225395e-07,2.567494630056899e-05,320,192,0.2285642623901367,4.274921593605541e-05,76097784.0,0
520,4096.0,0.9737461805343628,0.955913543701172,3.6872741304705414e-08,0.0002108645858243,384,32,0.494543969631195,0.0025323291774839,22494520.0,0
354,4096.0,0.9571171402931212,0.982260763645172,4.374353750336013e-07,8.313931903103366e-05,64,128,0.4124623537063598,0.0081201242282986,44798840.0,0
518,2048.0,0.9217539429664612,0.9686515927314758,6.298798780335346e-07,3.057649519178085e-05,192,64,0.0022414326667785,0.0051393425092101,3890932.0,0
670,4096.0,0.9047068357467652,0.9924823045730592,9.658843964643893e-07,0.0487985908985137,512,256,0.3122217059135437,0.0461601763963699,58027500.0,1
396,2048.0,0.9780469536781312,0.9909073710441588,2.7430152371721306e-08,0.0006186812533996,256,448,0.2308509796857834,0.0081791067495942,12137451.0,0
818,4096.0,0.9135906100273132,0.9741359353065492,3.102989154513125e-08,0.0113556301221251,128,128,0.1485518664121627,0.0823094248771667,23021308.0,0
315,2048.0,0.9196898341178894,0.9623408317565918,1.3421153255421814e-07,0.0001366530195809,448,128,0.5509567260742188,0.0004048601840622,13644282.0,0
139,4096.0,0.9595297574996948,0.9977482557296752,3.2989547094075533e-07,0.0003287891449872,32,256,0.2824171185493469,0.0330665484070777,18278500.0,0
1220,8192.0,0.9234069585800172,0.9525907635688782,4.564125219985727e-07,0.027481373399496,512,64,0.6377716064453125,0.1092877611517906,96638067.0,0
1444,8192.0,0.9596152901649476,0.9609877467155457,7.724606803094503e-07,0.0018607199890539,32,320,0.0394196659326553,0.005271493922919,73307983.0,0
6,4096.0,0.9488157629966736,0.9608128666877748,3.0100512304898075e-08,0.0001041674549924,192,384,0.1170181632041931,4.605255526257679e-05,28500425.0,0
425,4096.0,0.9159548282623292,0.956420361995697,2.979344060349831e-08,0.0008334973827004,128,192,0.0490878224372863,0.0016388621879741,58437560.0,0
31,4096.0,0.9000343084335327,0.9764123558998108,2.043534550466575e-07,2.16908138099825e-05,64,128,0.5660542249679565,1.975028453671257e-06,37753968.0,0
1109,8192.0,0.93731027841568,0.9780019521713256,5.161808758202824e-07,4.354919656179845e-05,512,448,0.5128368139266968,9.158220564131623e-06,93359928.0,0
83,4096.0,0.9341083765029908,0.97105473279953,5.044222461947356e-07,7.856008596718311e-05,512,320,0.0770637989044189,0.0063029462471604,29920750.0,0
901,4096.0,0.9353951811790466,0.97463721036911,2.9560965231212322e-08,3.2243053283309564e-05,64,384,0.557374894618988,0.0022799365688115,15960858.0,0
1072,8192.0,0.9502830505371094,0.9926307201385498,1.9731663414290785e-08,8.641758176963776e-05,64,128,0.1387136131525039,2.052461240964476e-06,98871849.0,0
564,2048.0,0.9359512329101562,0.9623067378997804,1.1321765924776629e-07,2.065063381451182e-05,256,256,0.420015424489975,0.000793827988673,8397206.0,0
328,4096.0,0.9307562708854676,0.9750441312789916,3.036294629055192e-07,1.4498889868264088e-05,64,512,0.4944332838058471,5.487870112119708e-06,29623780.0,0
419,512.0,0.9844573736190796,0.9802988171577454,9.217518481818844e-07,2.2023801648174413e-05,384,192,0.119230180978775,0.0179612450301647,3171264.0,0
36,2048.0,0.9552816152572632,0.9849903583526612,4.622547749022489e-07,6.890355871291831e-05,64,320,0.1943223774433136,1.6695609019734547e-06,13730427.0,0
749,4096.0,0.9396947622299194,0.9607135653495787,1.240113078893046e-07,0.0007199133979156,64,64,0.4707542359828949,0.0089489938691258,54843110.0,0
1253,4096.0,0.96635103225708,0.9507787823677064,7.09781602381554e-08,0.0004955575568601,384,512,0.4016008377075195,7.407240627799183e-05,68062092.0,0
831,4096.0,0.9479175806045532,0.9750611186027528,1.4519754643060878e-07,0.000188082573004,64,128,0.4451537728309631,0.0840100347995758,38927588.0,0
971,2048.0,0.9299144744873048,0.968867003917694,3.5911298823521065e-08,0.0072974250651896,256,192,0.1331056505441665,1.2925110013384256e-06,7818956.0,0
1434,8192.0,0.928828239440918,0.9671310186386108,3.4889975353280533e-08,0.0032680688891559,192,64,0.586742639541626,0.0027609751559793,86087376.0,0
710,4096.0,0.94383704662323,0.978172242641449,7.24334256574366e-07,0.0024542140308767,32,64,0.4633446931838989,0.0240133106708526,28767015.0,0
190,4096.0,0.9507922530174256,0.9824168682098388,2.2745395256151826e-07,0.0007487803231924,448,64,0.2613246738910675,5.447874627861893e-06,15767859.0,0
1156,8192.0,0.9771258234977722,0.9531794786453248,2.6538641506590466e-08,0.0006802132702432,448,512,0.2155599743127823,1.7211905287695115e-06,111988360.0,0
716,2048.0,0.91781884431839,0.9628180861473083,2.709506077280821e-07,2.469330866006203e-05,448,384,0.4318156242370605,5.1312272262293845e-05,12869547.0,0
1407,8192.0,0.9370583295822144,0.9864356517791748,2.259409015437086e-08,0.0015448663616552,64,512,0.0519526004791259,5.429184602689929e-05,110925640.0,0
471,2048.0,0.9329001903533936,0.9764962196350098,2.990502778743576e-08,0.010488998144865,64,32,0.278173953294754,1.4824422578385563e-06,14501568.0,0
616,2048.0,0.9495767951011658,0.951095461845398,5.135576230941297e-08,0.0294507797807455,448,384,0.0773478001356124,0.0199964046478271,4195482.0,1
872,4096.0,0.959298849105835,0.956121027469635,7.963635653140955e-07,0.0437891446053981,320,384,0.6218627691268921,2.173353095713537e-05,42582816.0,1
865,2048.0,0.9378552436828612,0.9604586362838744,1.043817388080015e-08,0.0002586046757642,256,256,0.3966005444526672,2.732265420490876e-05,10219854.0,0
540,2048.0,0.9274755120277404,0.9601625800132751,1.1553763279437136e-08,0.0032415913883596,320,256,0.5756227374076843,1.2808985047740862e-05,8137492.0,0
383,2048.0,0.9499499797821044,0.982821762561798,3.1397398458921095e-08,0.045303851366043,64,192,0.1136164516210556,0.0001571130560478,8734164.0,0
470,4096.0,0.9324085116386414,0.9628525972366332,2.622216754843976e-07,0.0005052597844041,192,32,0.6378279328346252,0.0003832005895674,16825188.0,0
569,2048.0,0.9573278427124025,0.9873058795928956,1.3112720687047386e-08,0.0014756479067727,512,256,0.6154847741127014,5.286209125188179e-05,4722316.0,0
1002,8192.0,0.9723002910614014,0.9616113305091858,7.21668911296547e-08,0.001045094570145,448,512,0.1736361533403396,0.0002759877243079,103221306.0,0
225,512.0,0.9466564059257508,0.9517593383789062,4.25198152242956e-07,0.0004627234593499,64,512,0.3838528096675873,0.0296391081064939,2263876.0,0
415,4096.0,0.9539200067520142,0.9970408082008362,1.3776649154806364e-07,0.0194150693714618,384,384,0.092491865158081,7.892334906500764e-06,36757329.0,1
623,4096.0,0.904181182384491,0.9604039788246156,8.23916820991144e-07,2.9161554266465828e-05,512,64,0.4229159951210022,2.6969975806423463e-05,30043980.0,0
1285,4096.0,0.9282312989234924,0.965320348739624,2.351894181629177e-07,0.0004857305029872,384,192,0.1117279529571533,1.2764828170475084e-05,64432716.0,0
4,2048.0,0.9327369928359984,0.9505884051322936,8.101667390292278e-07,3.444978938205168e-05,192,448,0.4114848375320434,0.1049930155277252,11482556.0,0
1480,4096.0,0.9230604767799376,0.9739449620246888,1.719809716860255e-07,3.216277400497347e-05,64,32,0.4589923918247223,0.004659229889512,66234180.0,0
1310,8192.0,0.9493855237960817,0.979214608669281,9.796344784263056e-07,0.0100146485492587,512,384,0.6090973615646362,1.3958547242509669e-05,75036661.0,0
945,4096.0,0.9706755876541138,0.9903382658958436,1.219299861077161e-07,0.000206814482226,128,32,0.6050506234169006,0.0423245951533317,19337004.0,0
276,2048.0,0.9544801712036132,0.951254665851593,4.433314302332292e-07,0.0043983301147818,192,512,0.7130715847015381,8.229866580222733e-06,3791522.0,0
349,4096.0,0.922070562839508,0.9515504837036132,3.218415827177523e-07,0.000125521182781,384,384,0.0842816680669784,2.664756948433933e-06,22271996.0,0
380,4096.0,0.962973177433014,0.9929170608520508,1.4160800532181383e-08,2.521653186704497e-05,64,192,0.4962148666381836,0.0119513124227523,40174953.0,0
451,512.0,0.9475743174552916,0.9528696537017822,3.1386683474465826e-08,0.0305774472653865,32,512,0.0815172493457794,0.0011031531030312,1607984.0,1
410,4096.0,0.9555612802505492,0.9669061303138732,4.937773496749287e-07,0.0063091432675719,64,64,0.4189720451831817,0.0118770254775881,54406250.0,0
984,512.0,0.9333988428115844,0.9833463430404664,3.089854416771232e-08,0.001789437723346,192,128,0.6427392959594727,0.1391629427671432,2246500.0,0
1174,8192.0,0.9431099891662598,0.9537898898124696,1.1983003034288233e-08,0.0127195883542299,448,448,0.326160728931427,6.01689725954202e-06,97671222.0,1
1160,8192.0,0.9309202432632446,0.9757286906242372,3.056078128338413e-07,0.0035851371940225,64,192,0.3636713325977325,0.0001581412798259,103119966.0,0
1417,4096.0,0.920558214187622,0.9737935066223145,8.709128564987623e-07,8.62381057231687e-05,32,384,0.6002585291862488,0.000484108692035,69803586.0,0
1324,8192.0,0.92975515127182,0.9927293658256532,1.4821530669451024e-07,0.0001282505254494,64,128,0.5764737129211426,0.053409244865179,108705140.0,0
1193,8192.0,0.921782612800598,0.9550134539604188,3.36996599514805e-08,0.0270553268492221,192,256,0.6880956888198853,1.1042945970984874e-06,114085410.0,1
1352,8192.0,0.9112223982810974,0.9742636680603028,3.7273409247973177e-07,0.0132067110389471,384,448,0.131428062915802,3.746367656276561e-05,72134937.0,1
450,4096.0,0.919344961643219,0.9933115839958192,3.542216404639476e-07,0.001317813177593,512,320,0.5782425999641418,0.0761420726776123,46936040.0,0
290,4096.0,0.9447647929191588,0.963446319103241,2.646576433562587e-07,0.0004228243487887,320,512,0.4990754723548889,0.0163541659712791,52771617.0,0
445,512.0,0.964879274368286,0.9740028977394104,3.852446468499693e-07,0.0172598809003829,256,192,0.6748408079147339,2.324029537703609e-06,2276942.0,0
782,4096.0,0.9865049719810486,0.9716386198997498,3.0278091145419246e-08,0.0004929432179778,32,192,0.4735996723175049,0.0011792333098128,36890532.0,0
374,512.0,0.9716619849205016,0.96693754196167,1.379839744686251e-07,3.680759255075827e-05,32,32,0.3448160290718078,0.0773429051041603,3128066.0,0
292,4096.0,0.9426130056381226,0.9929392337799072,2.44888781253394e-07,7.85359661676921e-05,384,384,0.4770710468292236,0.027215214446187,26950490.0,0
928,4096.0,0.945814609527588,0.951765477657318,2.2604435656603528e-08,0.0001012462234939,384,448,0.3971575498580932,1.6589405277045444e-05,26709290.0,0
1033,8192.0,0.9693630933761596,0.9883605241775512,1.094408474955344e-07,0.000297518185107,512,128,0.6141445636749268,0.0023669702932238,96397461.0,0
93,4096.0,0.9039781093597412,0.9663201570510864,2.8784629790834515e-08,0.0013663907302543,192,32,0.619088351726532,0.0014071145560592,28116520.0,0
80,4096.0,0.9530866742134094,0.9741631746292114,1.8597271278508746e-08,0.0089462464675307,64,32,0.4042840600013733,5.020167009206489e-06,22237332.0,0
921,4096.0,0.9795212745666504,0.9705184698104858,1.3814967836367488e-08,0.0035013929009437,384,32,0.531116247177124,0.0040281186811625,18700400.0,0
61,2048.0,0.904952108860016,0.959224820137024,8.140961682556735e-08,5.404368130257353e-05,320,384,0.0813572108745575,0.002077437704429,8136574.0,0
1465,8192.0,0.9020777940750122,0.9942620396614076,4.604025605203789e-07,0.011204564012587,32,128,0.0446285605430603,1.2754266208503395e-05,102783348.0,0
517,2048.0,0.9175623655319214,0.9883963465690612,2.2475246552744466e-08,0.0038647081237286,128,128,0.0423888266086578,5.0541853852337226e-05,4120148.0,0
490,4096.0,0.9342924356460572,0.9907172918319702,1.282897272858463e-07,0.0001704169844742,32,32,0.3573593497276306,0.0001503722305642,22351780.0,0
1008,8192.0,0.9094858765602112,0.9914611577987672,1.3612621252434565e-08,0.0092804981395602,512,256,0.4830809533596039,0.079095758497715,74224185.0,0
952,2048.0,0.9062938690185548,0.95552396774292,2.2846124991815493e-08,2.7875285013578832e-05,32,32,0.3389242887496948,0.0101441564038395,4360678.0,0
320,4096.0,0.9493890404701232,0.966379940509796,1.0312223253095001e-07,0.0002266842348035,512,256,0.5499027967453003,0.0017946159932762,26345265.0,0
1335,8192.0,0.931005597114563,0.9584854245185852,2.138218064828834e-07,0.0085027394816279,192,512,0.6520981788635254,0.0035409638658165,77741524.0,0
485,4096.0,0.9240161180496216,0.9682574272155762,1.0442574804869764e-08,0.0150672337040305,512,128,0.3377887010574341,0.0010217444505542,22640192.0,1
1396,4096.0,0.9149580597877502,0.9649032950401306,1.809929131013633e-07,0.0008856513304635,192,64,0.1765202432870865,1.281731215385662e-06,62711304.0,0
145,2048.0,0.9118427038192748,0.9726783037185668,6.221471693379499e-08,0.0010241941781714,384,32,0.6052420735359192,2.615169250930193e-05,14184324.0,0
886,2048.0,0.9236569404602052,0.9655573964118958,2.139843928716801e-07,3.840590579784475e-05,320,64,0.4736369848251343,1.2092649512851494e-06,4974744.0,0
77,4096.0,0.9627875089645386,0.9738390445709229,1.2129650883707654e-07,0.0077033843845129,192,128,0.2237770557403564,0.0001526191044831,35576028.0,0
1154,8192.0,0.9454357624053956,0.9982515573501588,3.711230363023789e-07,1.1600372090470046e-05,128,384,0.3591516613960266,0.1614895761013031,118061390.0,0
828,512.0,0.9333948493003844,0.9591659307479858,2.27410353659252e-07,0.0110076498240232,384,448,0.6567091941833496,1.67309292464779e-06,713882.0,0
1391,8192.0,0.934771716594696,0.9843778610229492,7.875594292272581e-07,0.0021512524690479,448,448,0.3781283497810364,8.102138963295147e-05,73332140.0,0
938,2048.0,0.93131685256958,0.9843517541885376,3.769878844650521e-07,7.177159568527713e-05,384,128,0.6018567085266113,9.582810889696702e-05,8768800.0,0
908,4096.0,0.9559999704360962,0.9959539771080016,2.6321872681478453e-08,0.0001889896666398,128,64,0.2379984855651855,3.7846952182007954e-05,57021860.0,0
207,4096.0,0.9437652230262756,0.9654286503791808,8.033970999576925e-08,0.0026077353395521,448,32,0.0247085988521575,0.0005683985655196,23658288.0,0
1165,8192.0,0.9117699265480042,0.963723123073578,3.345947874322519e-08,0.0031836656853556,32,64,0.661450982093811,3.5551495329855243e-06,110143600.0,0
781,4096.0,0.9626160264015198,0.988148868083954,6.890861072861298e-07,0.028719238936901,384,32,0.2007056325674057,0.0095717506483197,31668882.0,1
867,512.0,0.9167924523353576,0.97778582572937,1.8787773115036546e-07,0.0336230061948299,64,128,0.3743017911911011,6.286029383772984e-05,2320342.0,1
1230,8192.0,0.9527173638343812,0.9922081232070924,4.1546451257090666e-07,0.002923367312178,256,128,0.6409968733787537,0.0009907168569043,99049338.0,0
650,2048.0,0.9663858413696288,0.9683375954627992,2.1762700086469522e-08,0.0009821265703067,448,32,0.1497975289821624,0.049710065126419,11953276.0,0
993,4096.0,0.9808788895606996,0.9843316078186036,2.159782184207871e-07,0.000699924363289,192,32,0.7127930521965027,7.715500396443531e-05,42351744.0,0
915,512.0,0.9169730544090272,0.9559515118598938,2.8944231900140952e-08,0.0327703841030597,192,32,0.0369299948215484,0.0007658298709429,2698908.0,0
1197,8192.0,0.9619293808937072,0.9885581731796264,2.0569917325019563e-08,0.0023699146695435,256,512,0.6868962645530701,0.0020611332729458,89530208.0,0
990,4096.0,0.9345828890800476,0.9896653294563292,2.738973847726811e-08,0.0001053352534654,320,512,0.206152081489563,0.0083008287474513,16731369.0,0
896,2048.0,0.9374922513961792,0.9820595979690552,4.574206258212144e-08,0.0003466402122285,384,192,0.5478020310401917,6.331864278763533e-05,6400746.0,0
681,4096.0,0.9484906196594238,0.9841225743293762,5.2841947706383534e-08,0.0015400135889649,384,32,0.2497380226850509,5.3838528401684016e-05,30947358.0,0
143,2048.0,0.9245320558547974,0.950820803642273,3.849980245718143e-08,0.002838573185727,64,192,0.2960929274559021,0.0014814636670053,8264024.0,0
801,2048.0,0.9212656021118164,0.9936155080795288,4.693976904945885e-07,0.000280933396425,64,384,0.3170581459999084,0.0007225332665257,5552468.0,0
1372,8192.0,0.9406549334526062,0.9787379503250122,6.028010091085889e-08,0.0011771781137213,32,192,0.0229341834783554,0.1366424113512039,103378347.0,0
152,512.0,0.9581255316734314,0.983069121837616,2.810787407270255e-07,0.0037098650354892,192,192,0.4795122146606445,6.965409556869417e-05,2119858.0,0
1379,8192.0,0.9893091320991516,0.9790300726890564,2.6121169227621976e-08,0.0409191735088825,448,256,0.5159317255020142,4.871058990829624e-05,93787832.0,1
1168,8192.0,0.9784112572669984,0.9771466851234436,1.74254584095479e-08,1.56263467943063e-05,256,32,0.5192379355430603,7.56513236410683e-06,94528448.0,0
1264,8192.0,0.951207160949707,0.951471507549286,1.1907810204547789e-07,0.0149344895035028,384,64,0.6197723746299744,3.0827877708361484e-06,77823487.0,0
893,4096.0,0.9495134949684144,0.9899086356163024,3.2309522168816336e-08,8.155380783136934e-05,192,32,0.0328592956066131,6.477363967860583e-06,21333860.0,0
1089,4096.0,0.9230044484138488,0.9586799144744872,2.069712365937449e-07,0.0005791538860648,192,32,0.1136276721954345,9.559973113937303e-05,60482172.0,0
26,4096.0,0.9604687094688416,0.9656068086624146,1.4525260105813233e-08,0.0385139472782611,384,384,0.2095236182212829,0.0210046917200088,27766225.0,0
79,4096.0,0.930288553237915,0.998643696308136,3.655857483408909e-07,9.212632721755654e-05,64,384,0.087335854768753,0.1315142810344696,18336576.0,0
863,4096.0,0.9590599536895752,0.9910460710525512,3.252837075251591e-07,0.0047807022929191,256,32,0.1173442751169204,0.0097352601587772,55064860.0,0
95,4096.0,0.9121151566505432,0.9709802269935608,6.55007355021553e-08,0.0405770502984523,32,128,0.663079023361206,0.1193792223930358,37308558.0,0
187,4096.0,0.94739830493927,0.981210470199585,1.0126374405672325e-07,0.0453544296324253,64,256,0.2748573124408722,9.971753024728967e-05,19119536.0,1
1382,8192.0,0.9749759435653688,0.9913185834884644,2.7419584824883724e-08,0.0007577035576105,512,448,0.1501559615135193,1.84616910701152e-05,79956135.0,0
62,4096.0,0.9891427755355836,0.9659518599510192,5.913913128097192e-07,0.0042927586473524,32,32,0.6423392295837402,0.0001599077659193,25003120.0,0
1019,8192.0,0.9324104189872742,0.9856478571891784,2.8448124567148625e-07,0.0375276021659374,320,512,0.459757000207901,0.0030222288332879,85712808.0,1
82,4096.0,0.9285104274749756,0.9745481610298156,1.164378673479405e-07,0.0006545259966515,32,192,0.3293767869472503,0.019555851817131,50487759.0,0
1367,8192.0,0.9561320543289183,0.970670223236084,6.042871802947047e-08,9.859874262474476e-05,512,256,0.0364506393671035,0.0764723122119903,118029020.0,0
511,2048.0,0.9015527963638306,0.9565774202346802,5.054965868112049e-07,0.0173265170305967,448,192,0.1864077150821685,0.0078472103923559,7615076.0,0
1117,8192.0,0.9422393441200256,0.9617885947227478,8.172485763680015e-07,0.0001612690975889,448,128,0.3232626318931579,0.0691815912723541,98393418.0,0
74,2048.0,0.961287796497345,0.9555884599685668,1.5844014100707682e-08,0.0015515444101765,32,256,0.4779924154281616,0.000304157991195,10553116.0,0
904,4096.0,0.9690492749214172,0.9735523462295532,6.67050343849951e-08,0.0002915700897574,192,448,0.6852701306343079,0.0254795532673597,17189700.0,0
263,4096.0,0.9427134394645692,0.9894150495529176,3.0791881044933695e-08,5.866397259524092e-05,256,32,0.6325898170471191,0.0283402074128389,24367780.0,0
603,4096.0,0.970081388950348,0.96405690908432,1.0876889433575344e-07,0.0002880553074646,64,64,0.0824232101440429,8.735193659958895e-06,26542310.0,0
1479,8192.0,0.9626893997192384,0.9714289903640748,8.61638625337946e-07,0.0007001189514994,64,64,0.1901540011167526,2.3870306904427707e-06,87762416.0,0
1487,8192.0,0.9722972512245178,0.9582318663597108,4.050868440685917e-08,0.0048778653144836,64,512,0.7410695552825928,1.1788226856879191e-06,98762886.0,0
206,2048.0,0.9501408338546752,0.950760304927826,2.2838838731331642e-07,1.3916664101998322e-05,192,384,0.2768811583518982,0.078382171690464,12825588.0,0
1270,8192.0,0.9144644141197203,0.9795409440994264,5.3872962979539813e-08,0.0005381553201004,448,512,0.6799554824829102,0.0001295598776778,108024400.0,0
784,2048.0,0.9116060733795166,0.9972390532493592,9.374229392733469e-08,9.62455669650808e-05,192,128,0.5480149984359741,0.0013180783716961,5612244.0,0
273,4096.0,0.9247922897338868,0.9843778610229492,5.511216727427382e-07,4.603762499755248e-05,256,448,0.5910617113113403,0.0031580633949488,33577608.0,0
286,2048.0,0.9131884574890136,0.9984616041183472,1.998590448692994e-07,0.0259638745337724,320,64,0.0042764693498611,4.973443537892308e-06,3612096.0,0
355,4096.0,0.981048345565796,0.9628521203994752,3.395579142306815e-07,0.0306041985750198,384,32,0.5851089954376221,0.0007976904162205,19118348.0,1
595,4096.0,0.9810647368431092,0.9973145723342896,1.5983341938863305e-07,0.002126675331965,384,192,0.5255488157272339,0.0272065997123718,34769040.0,0
1252,8192.0,0.983310341835022,0.9609559178352356,6.8511546658101e-08,0.0028344532474875,128,448,0.339112639427185,0.1242745220661163,115722460.0,0
770,2048.0,0.9573999643325806,0.9738330245018004,2.3083485345409843e-08,0.0001578947267262,512,256,0.6928189992904663,2.001404936891049e-06,5707712.0,0
779,2048.0,0.9867201447486876,0.9614444375038148,1.764836810025372e-07,0.0028866720385849,64,384,0.5628120303153992,8.995935786515474e-05,10907026.0,0
505,4096.0,0.9767776727676392,0.9735149145126344,9.294167568896229e-08,0.0001450048730475,192,384,0.3391205668449402,1.3782189398625633e-06,17491536.0,0
602,4096.0,0.9376351237297058,0.9618775248527528,1.6424591464669902e-08,1.5473899111384526e-05,320,32,0.121428832411766,2.75219690593076e-06,22204660.0,0
98,4096.0,0.9866976141929626,0.9555234909057616,6.019522515998688e-07,0.0001721707812976,384,64,0.3260579109191894,0.000184828764759,33625710.0,0
1026,8192.0,0.9790164828300476,0.9882006049156188,2.276158284075791e-07,5.626904021482915e-05,256,320,0.4292735159397125,0.0560273639857769,118512500.0,0
1257,8192.0,0.977306306362152,0.9559664726257324,4.1642604742264666e-07,0.0008998098201118,320,64,0.0824934393167495,0.1263186186552047,89556472.0,0
794,4096.0,0.9323176145553588,0.997827172279358,3.086698825427448e-07,8.15734892967157e-05,32,384,0.104977011680603,0.0788063332438469,44898568.0,0
1437,8192.0,0.9523594975471495,0.9657559990882874,1.9556912533857943e-08,8.0281934060622e-05,320,256,0.3725370764732361,0.0001615259971003,110917180.0,0
8,4096.0,0.9405221343040466,0.9857852458953856,4.306022276523436e-07,1.6754856915213168e-05,128,64,0.1426088511943817,0.123972900211811,20493608.0,0
111,4096.0,0.9874424934387208,0.9769561290740968,1.032485297258745e-08,1.2158396202721631e-05,128,128,0.3997856378555298,5.625372068607248e-06,52504254.0,0
1474,8192.0,0.9855871796607972,0.975169599056244,5.180151418926472e-08,3.680899681057781e-05,192,192,0.4966635704040527,0.0059074540622532,84455016.0,0
1201,8192.0,0.960012912750244,0.951685905456543,1.0622495238976628e-07,0.0051150601357221,512,384,0.1174505352973938,0.0803035721182823,88243776.0,0
1017,8192.0,0.9396368265151978,0.9838428497314452,6.925095163978767e-08,0.0022633473854511,256,256,0.4763485193252563,0.000144492732943,78655213.0,0
108,2048.0,0.9257383942604064,0.9743443131446838,5.412254040493281e-07,1.49495072037098e-05,64,256,0.457783967256546,0.0086345421150326,14464980.0,0
391,2048.0,0.9138904809951782,0.9544485807418824,8.245082483426813e-08,0.0003035436675418,256,320,0.6840206980705261,0.018385412171483,7162198.0,0
668,4096.0,0.9209405183792114,0.9584305882453918,3.398465651116567e-07,0.0003028133069165,256,320,0.3571624159812927,0.0469985231757164,32872188.0,0
1126,4096.0,0.9808436632156372,0.9534764885902404,1.2155235928901222e-08,9.721231617731974e-05,512,384,0.6816700100898743,1.6784315448603593e-05,68038554.0,0
1494,8192.0,0.9116678833961488,0.9718450307846068,2.14983202795338e-07,0.0263839159160852,320,64,0.124541088938713,0.0006263224640861,94230784.0,1
372,512.0,0.9194933772087096,0.9632911086082458,8.980925372270576e-07,0.0014878967776894,64,64,0.0308323949575424,2.5209004888893105e-05,1663022.0,0
822,4096.0,0.9065322875976562,0.9685207605361938,9.018483524414478e-07,0.0001059207206708,32,192,0.2784332036972046,0.0002642696199472,24167435.0,0
1218,8192.0,0.9870980978012084,0.983652889728546,1.826992104270176e-07,0.0053033069707453,512,64,0.5657355785369873,7.051919237710536e-05,114277650.0,0
1081,8192.0,0.9619174003601074,0.9708791375160216,1.1300659963353611e-08,1.0728028428275138e-05,384,320,0.0221544206142425,3.912115516868653e-06,80738658.0,0
462,2048.0,0.9098339080810548,0.9705544114112854,1.7643513317011642e-08,0.0181315839290618,32,256,0.7288640141487122,1.178165234705375e-06,8764314.0,0
1355,8192.0,0.9114900231361388,0.981958270072937,7.813645908072432e-08,0.0116863120347261,64,128,0.6530413627624512,6.660634971922264e-05,97997967.0,0
1439,8192.0,0.9478162527084352,0.991882860660553,1.3079075600330723e-08,0.0006228281417861,256,320,0.025958240032196,0.000137610186357,92567496.0,0
980,4096.0,0.9849591255187988,0.9518508911132812,2.4865366299309244e-07,0.0063964510336518,64,32,0.5313796997070312,0.0159695018082857,56443850.0,0
305,4096.0,0.966437816619873,0.9893736243247986,6.290775900197333e-08,2.773437518044375e-05,192,512,0.4730993509292602,2.954788897113758e-06,53609643.0,0
280,4096.0,0.9337963461875916,0.9789913892745972,7.071071763675718e-07,0.0004567824944388,64,32,0.339976966381073,0.0338205955922603,25225840.0,0
738,2048.0,0.9579198956489564,0.9621215462684632,6.47694946565025e-08,0.0033341199159622,384,128,0.6152057647705078,0.0002679483732208,5980120.0,0
39,4096.0,0.9838911294937134,0.9918552041053772,2.810165540267917e-07,0.0001790936657926,32,256,0.0511930882930755,1.3377074310483297e-06,20660452.0,0
632,4096.0,0.9589383602142334,0.9517781138420104,2.9594364292506725e-08,0.0012429964262992,384,32,0.2814240753650665,0.003412899794057,28453890.0,0
480,2048.0,0.9090961217880248,0.9929899573326112,1.3225601946942334e-08,0.0022466473747044,448,320,0.3066243529319763,0.0048259212635457,7842724.0,0
1124,8192.0,0.9891887307167052,0.9858411550521852,3.91691088452717e-07,9.871861402643844e-05,320,32,0.018237367272377,0.0246546845883131,105589458.0,0
966,4096.0,0.988236367702484,0.962989866733551,1.7991217760027214e-07,0.0079970089718699,192,320,0.6027228832244873,8.411431736021768e-06,20080020.0,0
1287,8192.0,0.919891893863678,0.9588944911956788,1.0989958099116849e-07,0.0021161236800253,512,192,0.3463571071624756,0.033409010618925,101203497.0,0
1191,4096.0,0.933313250541687,0.9926888942718506,3.44110908656603e-08,0.0006071093375794,256,64,0.0742324143648147,0.0002212950348621,62615364.0,0
1468,8192.0,0.9040650129318236,0.9860804677009584,2.014675715145131e-08,0.0003861469740513,448,448,0.5368954539299011,3.476153142401017e-05,116686550.0,0
1023,8192.0,0.959603488445282,0.9505650997161864,2.2479062167235497e-08,0.0033312388695776,448,320,0.7437629103660583,0.0203510299324989,83291782.0,0
735,512.0,0.9592615962028505,0.991848349571228,2.4763075145983752e-08,0.0261030942201614,128,512,0.1621277332305908,0.0032085697166621,2141656.0,1
658,2048.0,0.9248540997505188,0.9849034547805786,4.7930779345506393e-08,1.047348905558465e-05,384,256,0.0671083778142929,0.0039973207749426,7783660.0,0
1305,8192.0,0.9803088307380676,0.9791244268417358,7.844452198924048e-08,0.0047631496563553,256,128,0.2413347065448761,0.000302852015011,97408035.0,0
408,2048.0,0.9658188819885254,0.9627504348754884,3.1704246339359094e-08,0.0045413640327751,128,384,0.3103311061859131,5.507460446096957e-05,9647446.0,0
669,2048.0,0.9240200519561768,0.956932008266449,3.834497022126017e-07,0.0199246574193239,64,320,0.071401834487915,0.000731129432097,4475502.0,0
474,2048.0,0.9828118681907654,0.960170030593872,3.685448177748185e-07,0.0015926664927974,32,192,0.188610166311264,6.983015191508457e-05,10847398.0,0
114,2048.0,0.9082221388816832,0.963513195514679,3.2855339782145165e-08,0.0002090042544296,128,320,0.4239038825035095,1.199744588120666e-06,4794674.0,0
414,4096.0,0.9669434428215028,0.9557457566261292,1.1390161702706791e-08,0.0056337155401706,512,320,0.5879036784172058,0.0061978530138731,21641676.0,0
122,2048.0,0.922574520111084,0.967422902584076,5.45532202522736e-07,0.0484285801649093,256,192,0.6465301513671875,0.1320226043462753,3659394.0,0
1443,8192.0,0.9262672662734984,0.9862543940544128,2.82971530651821e-08,5.06808610225562e-05,512,384,0.2285439670085907,1.224414154421538e-05,111546530.0,0
1018,4096.0,0.9553632140159608,0.9701443314552308,4.609484349771265e-08,0.0002436953946016,256,256,0.3046635389328003,0.0001594782952452,68514264.0,0
975,512.0,0.9345202445983888,0.9747648239135742,2.13671583537689e-07,0.0111498441547155,32,512,0.4561014771461487,2.2300791897578165e-06,2799382.0,1
919,4096.0,0.9009919762611388,0.9898918271064758,2.208758509425479e-08,0.0028506396338343,192,64,0.3274022340774536,0.0029042644891887,25042670.0,0
178,4096.0,0.9385830760002136,0.9928143620491028,2.6693783183873165e-08,0.002568787895143,128,320,0.5382500290870667,3.7651145248673856e-05,42564888.0,0
447,4096.0,0.9808914661407472,0.9939985275268556,1.2992481401852274e-07,0.012088119983673,448,320,0.3642763495445251,0.1019040271639823,19614776.0,0
1353,8192.0,0.912488043308258,0.9867876172065736,5.279621007048264e-08,0.0016563220415264,256,64,0.1369484513998031,0.1736599653959274,107805609.0,0
1249,4096.0,0.9685081839561462,0.9731776118278505,3.7799605223654e-08,0.0001645105512579,128,128,0.2447307407855987,0.0002910017210524,65752716.0,0
1441,8192.0,0.9136611819267272,0.9905217885971068,2.46045914309434e-07,0.0003634029999375,128,448,0.5060365200042725,6.930202744115377e-06,103792014.0,0
1447,8192.0,0.972627341747284,0.9645329117774964,7.558843151400654e-08,0.0022047162055969,512,512,0.0582938343286514,8.905942195269745e-06,91138488.0,0
1084,8192.0,0.96029394865036,0.951251983642578,9.102102183078389e-08,2.509121441107709e-05,32,32,0.0055949538946151,0.0211023520678281,107960715.0,0
1135,8192.0,0.9745854139328004,0.97808438539505,8.200885304177066e-08,0.0065003163181245,64,192,0.3566164374351501,4.3937074224231765e-05,88518624.0,0
17,2048.0,0.9880528450012208,0.9770125150680542,3.4325086772923896e-08,0.0017912023467943,384,384,0.0485581755638122,0.011259171180427,3426190.0,0
423,2048.0,0.9530247449874878,0.982617735862732,5.611678943751031e-07,4.54221481049899e-05,512,64,0.3259650468826294,7.988551260496024e-06,4488850.0,0
1046,8192.0,0.9378714561462402,0.9983537197113036,5.581682671618182e-07,1.539243385195732e-05,320,384,0.7433193325996399,0.0011089773615822,107691444.0,0
1330,8192.0,0.9806274771690368,0.9642995595932008,8.214551883156673e-08,4.728401836473495e-05,128,448,0.5975372195243835,0.0008316398016177,119432320.0,0
1307,8192.0,0.9524613618850708,0.9785190224647522,1.3909418328239553e-07,1.6895610315259546e-05,128,128,0.6357499957084656,0.00656318385154,90984696.0,0
813,4096.0,0.9001606106758118,0.9887205362319946,4.031375056001708e-08,0.0246003959327936,192,192,0.3847295045852661,9.549461537972093e-06,16930407.0,0
1243,8192.0,0.907755434513092,0.9880893230438232,2.6430337030092232e-08,0.0153778940439224,32,32,0.5510104894638062,1.7086791785914102e-06,71603718.0,0
1087,8192.0,0.9384602308273317,0.991826593875885,8.514309257634525e-08,0.0003152464923914,64,64,0.7198343873023987,0.0018547564977779,86201936.0,0
691,4096.0,0.910982072353363,0.98928701877594,3.083130195591366e-07,2.642694926180411e-05,512,320,0.0659257471561431,4.0348852053284645e-05,45765416.0,0
134,2048.0,0.9660572409629822,0.9935483932495116,2.5326922781232497e-08,0.0172940697520971,32,448,0.0990295261144638,0.0009376626694574,5162254.0,0
916,4096.0,0.9491263031959534,0.9818517565727234,3.6055155305803055e-08,0.0001115685809054,448,384,0.5497170686721802,1.5635141608072445e-05,34335216.0,0
428,4096.0,0.9362754225730896,0.9559402465820312,1.0270545303114886e-08,0.0047460938803851,192,512,0.4201477468013763,1.796660512809467e-06,41476099.0,0
730,4096.0,0.984088897705078,0.9556021094322203,2.625855302085256e-07,0.0018088025972247,128,384,0.0586971491575241,0.067154012620449,35037330.0,0
1459,8192.0,0.9408053755760192,0.958086371421814,1.006558179028616e-07,4.3021766032325104e-05,448,192,0.6482354402542114,9.769224561750887e-05,97966377.0,0
371,2048.0,0.931319773197174,0.9744003415107728,1.4690537675221549e-08,0.0012559524038806,64,512,0.028746485710144,2.050889270321932e-05,7235416.0,0
1317,8192.0,0.9442941546440125,0.98770010471344,1.926266435248181e-07,0.0023894486948847,32,384,0.0792795717716217,3.909637598553672e-05,111765840.0,0
60,4096.0,0.9023233652114868,0.966623842716217,9.5394625532208e-07,0.0017183606978505,64,192,0.2218485027551651,0.0001244754967046,26347220.0,0
479,4096.0,0.9153991937637328,0.9961835741996764,1.0289112672978716e-08,0.0006530598620884,32,32,0.1597228646278381,0.1705507189035415,18096292.0,0
212,2048.0,0.9540911912918092,0.9859567880630492,3.573433460246633e-08,0.0020174803212285,448,192,0.1186974495649337,0.0957648530602455,7955768.0,0
404,4096.0,0.9639984369277954,0.9773821234703064,2.40524311578838e-08,1.3042624232184608e-05,384,32,0.6195917129516602,0.0215513557195663,15585774.0,0
856,4096.0,0.938825249671936,0.9718747138977052,2.509299434905188e-08,7.618204836035147e-05,64,128,0.3657178580760956,0.0027139130979776,30057666.0,0
196,4096.0,0.9445744156837464,0.9729049205780028,6.938981869097915e-07,0.0045818933285772,32,32,0.3438252806663513,0.0004896344617009,41728890.0,0
1481,4096.0,0.989418625831604,0.9948065876960754,5.499225608218694e-07,0.0015068404609337,128,512,0.2978419065475464,0.0868856906890869,68651784.0,0
1366,8192.0,0.9700756072998048,0.9541780352592468,1.7422234321884392e-08,0.002432087669149,192,320,0.0302975177764892,0.0034779007546603,80583713.0,0
1066,8192.0,0.9056815505027772,0.9802810549736024,1.2809118743462022e-07,0.0005372653831727,448,64,0.6913838982582092,0.0081188390031456,73941637.0,0
1062,8192.0,0.970305562019348,0.9853997230529784,4.0721950256283896e-08,0.0123033421114087,320,256,0.676781177520752,0.0349502600729465,102990771.0,0
194,2048.0,0.9097780585289,0.9833700656890868,8.35625542094931e-08,0.0045599644072353,384,320,0.5458036661148071,0.0338164642453193,10566176.0,0
1024,8192.0,0.9037315845489502,0.9686067700386048,7.97847405920038e-07,0.0007968179415911,64,448,0.5709447860717773,0.0212472826242446,106760214.0,0
506,2048.0,0.9582570791244508,0.9625268578529358,1.2573322827336142e-08,0.0002024081768468,448,32,0.1776252686977386,0.0004870288248639,14092797.0,0
298,2048.0,0.948151171207428,0.9885987043380736,6.217118198037498e-08,2.0036690330016427e-05,384,64,0.3833843469619751,0.0513919778168201,5629014.0,0
157,2048.0,0.93186616897583,0.9666175842285156,1.771894631019677e-07,0.0033486955799162,448,320,0.1297618299722671,0.0005027912557125,9855478.0,0
617,2048.0,0.9320321679115297,0.9945608377456664,4.351946643055271e-07,0.0012628302210941,384,384,0.1313526928424835,0.1268084198236465,14489148.0,0
112,2048.0,0.9611555337905884,0.9658613204956056,3.284602030362294e-07,0.0248868986964225,64,384,0.3393579125404358,9.183045767713338e-05,12260772.0,1
640,4096.0,0.9662690162658693,0.9519349336624146,1.265365909830507e-07,0.0147323850542306,448,448,0.0986573249101638,0.0028583668172359,40856984.0,1
523,4096.0,0.9212890267372132,0.9950220584869384,1.828640172618634e-08,3.4978384064743295e-05,64,384,0.599826455116272,0.0010842884657904,19830148.0,0
1104,8192.0,0.9383063316345216,0.9675013422966005,1.1411710687525556e-08,0.0001816088915802,128,384,0.2979071736335754,0.0003826907777693,97040223.0,0
1293,8192.0,0.9310570359230042,0.9951665997505188,6.882707026534264e-08,2.739547562669032e-05,192,64,0.1969277411699295,0.0008262353367172,71272602.0,0
1405,8192.0,0.9194993376731871,0.9723933339118958,5.961001647847297e-07,0.0009241729276254,128,448,0.5003161430358887,1.1884372725035064e-05,84074584.0,0
910,2048.0,0.9387935400009156,0.9757742285728456,5.582574402751561e-08,0.0002561401342973,32,64,0.4550697803497314,0.0096151353791356,12420651.0,0
1180,8192.0,0.9723645448684692,0.9617297649383544,5.543064958146715e-07,0.0022617313079535,320,192,0.3150922358036041,0.0006167031242512,71277468.0,0
1196,8192.0,0.9430444836616516,0.9871276617050172,1.421429232095761e-07,4.480750430957414e-05,384,64,0.0241754651069641,0.0001628083846298,101714094.0,0
628,4096.0,0.9868149161338806,0.9921312928199768,6.601890731872118e-07,0.0007059967610985,384,448,0.3437809348106384,2.161078373319469e-05,41188259.0,0
740,2048.0,0.9483132362365724,0.9610872268676758,8.582986765759416e-08,4.775086199515499e-05,448,448,0.5668057799339294,2.006620434258366e-06,5267268.0,0
1431,8192.0,0.9335877895355223,0.9761001467704772,2.014978406350565e-07,0.0004701282014138,32,448,0.1075475066900253,0.0015426240861415,90263496.0,0
762,4096.0,0.9340527653694152,0.9608696103096008,8.849293919865887e-08,0.0015056761913001,32,32,0.3935686349868774,1.6622304883640029e-06,18988456.0,0
278,4096.0,0.9333156943321228,0.9525127410888672,2.7841130290084948e-08,0.0050199283286929,32,448,0.5579022169113159,0.0001173809359897,30244356.0,0
644,4096.0,0.974787414073944,0.9653000235557556,1.3006689414396533e-07,0.0056553715839982,64,32,0.0595750361680984,0.000218669330934,49725261.0,0
459,4096.0,0.9446113705635072,0.9690947532653807,1.8813395286088053e-07,0.0025012576952576,32,256,0.1613941043615341,2.357040830247569e-05,18465452.0,0
1286,4096.0,0.9595682621002196,0.993776559829712,7.807880564314473e-08,0.019420625641942,320,32,0.37592813372612,2.3198123017209585e-05,62730048.0,1
1331,4096.0,0.9051715731620787,0.977139174938202,1.7456661893788805e-08,1.7402368030161597e-05,512,128,0.7358222603797913,3.046921392524382e-06,69688320.0,0
656,4096.0,0.9075915813446044,0.9938440918922424,9.396745213052782e-07,0.0010813149856403,64,128,0.5567436814308167,0.1614801883697509,22101032.0,0
973,2048.0,0.9814357161521912,0.9524458646774292,8.971025522441779e-08,4.980413723387756e-05,256,448,0.3282704353332519,0.028078181669116,7655292.0,0
1235,8192.0,0.9794309139251708,0.9617401957511902,2.430159327104775e-07,0.0231950283050537,64,32,0.6970118880271912,0.020656082779169,119410360.0,0
578,512.0,0.9059117436408995,0.9931795001029968,1.9675141516017905e-08,0.0006356925587169,64,384,0.0877989381551742,0.0002197027788497,2602330.0,0
1190,8192.0,0.9082865715026855,0.9767199754714966,3.8315267403277176e-08,2.7221869459026493e-05,448,384,0.400304764509201,0.000367736298358,76859566.0,0
465,512.0,0.93866765499115,0.9762459993362428,3.529392813561572e-07,0.0026189854834228,320,384,0.3584917187690735,0.0689924284815788,1665126.0,0
87,2048.0,0.9382984042167664,0.982563614845276,9.593408094588083e-07,0.0032675031106919,64,64,0.2850888967514038,0.0303825475275516,5813412.0,0
1419,8192.0,0.9414622783660888,0.963265299797058,1.9803349005087522e-07,3.001341610797681e-05,512,512,0.6466003656387329,0.0287883952260017,98014059.0,0
767,2048.0,0.9596690535545348,0.9720917344093324,3.698882622416022e-08,0.0010493845911696,64,128,0.4928888082504272,0.0599604696035385,4823124.0,0
701,4096.0,0.96660178899765,0.9641590118408204,2.4355410133125588e-08,0.0034398003481328,64,384,0.2313497364521026,7.953200110932812e-05,50518602.0,0
552,512.0,0.9677734375,0.9902366399765016,1.5050707347086245e-08,5.3387368097901344e-05,512,128,0.5068421959877014,0.043474156409502,1854350.0,0
1001,8192.0,0.9789533615112304,0.9947386980056764,5.8307918493483184e-08,0.0353543497622013,192,128,0.5952309966087341,0.0970638766884803,96053733.0,0
1368,8192.0,0.96842360496521,0.9758832454681396,2.163645547170745e-07,2.0318360839155503e-05,320,128,0.5298891067504883,3.951935468649026e-06,117953430.0,0
495,4096.0,0.9108583331108092,0.9894300699234008,9.67061509982159e-07,0.0031830675434321,32,448,0.1555885970592498,8.954217628343031e-05,53811135.0,0
299,2048.0,0.979749083518982,0.9681128859519958,2.8457378675739164e-07,0.0072386818937957,32,64,0.4472744464874267,0.0071059479378163,10231444.0,0
661,4096.0,0.9305168390274048,0.9753404259681702,8.360894554471089e-08,8.945315494202077e-05,320,384,0.6673142313957214,0.000215571722947,55255500.0,0
774,2048.0,0.936820149421692,0.9941741824150084,3.145411824334588e-07,0.0034961826168,32,256,0.6709988117218018,0.081955075263977,5614806.0,0
25,4096.0,0.9462140202522278,0.9889663457870485,1.1379716724491118e-08,0.0001880963827716,64,512,0.3107916712760925,0.0027828658930957,47006216.0,0
1055,8192.0,0.9766091704368592,0.9736350774765016,3.759827293947637e-08,0.0032614464871585,32,320,0.0912932306528091,0.0003225967811886,73562048.0,0
842,512.0,0.9059628844261168,0.976640284061432,1.411071224310945e-07,0.0022008549422025,448,320,0.596746027469635,0.0299151893705129,2620728.0,0
759,4096.0,0.958126187324524,0.9615432024002076,1.1651889231245605e-08,6.552714330609888e-05,192,384,0.284724622964859,0.0258540567010641,48872214.0,0
1389,8192.0,0.9439326524734496,0.9778319597244264,2.2810029420838883e-08,0.0001389737299177,64,32,0.2701230645179748,0.0817621722817421,71508516.0,0
1198,8192.0,0.9544138312339784,0.9536004662513732,9.754179473020486e-07,5.076236993772909e-05,512,192,0.2142121642827987,1.3243070497992449e-06,112028830.0,0
59,2048.0,0.9343504905700684,0.9568358659744264,1.3089431760704429e-08,0.0122647229582071,192,384,0.4153341650962829,3.884367288264912e-06,6140612.0,0
1275,8192.0,0.9830455183982848,0.9989773035049438,1.5647454887357526e-08,0.0008647797512821,512,32,0.1483662575483322,4.400790567160584e-05,114809130.0,0
241,2048.0,0.9270145297050476,0.958041250705719,1.5884289439327404e-08,2.8535105229821056e-05,320,256,0.3142189979553222,2.012143340834882e-06,13687467.0,0
612,512.0,0.927855372428894,0.9954308867454528,5.468951513876164e-08,0.0010855708969756,448,192,0.4766917824745178,0.0017784261144697,2907830.0,0
565,4096.0,0.9552738070487976,0.9795043468475342,7.851787131585297e-08,0.0022955217864364,192,320,0.3039854168891907,0.0001329277292825,38057334.0,0
559,4096.0,0.9397193789482116,0.973209798336029,3.696787942431001e-08,0.0069039650261402,64,192,0.2530041337013244,3.358364892847021e-06,15323448.0,0
390,512.0,0.9246557354927064,0.9730866551399232,1.900781398944673e-08,6.491918611573055e-05,64,128,0.4825418293476105,0.0011960393749177,2667918.0,0
799,4096.0,0.9055331945419312,0.9728256464004515,1.1686187129100745e-08,1.7073523849830963e-05,32,64,0.0013937652111053,0.0346840620040893,30445428.0,0
291,4096.0,0.974515736103058,0.9585105776786804,1.0450444953846729e-08,0.0013709362829104,512,320,0.5002931952476501,3.1471372494706884e-05,49783374.0,0
1118,8192.0,0.9594172239303588,0.9871954321861268,2.1600262911647405e-08,0.0133637450635433,512,64,0.0410697609186172,3.0114453693386167e-05,112247180.0,1
1,512.0,0.9140703678131104,0.9500184655189514,7.892959530408916e-08,0.0181374810636043,64,384,0.3039363622665405,0.0001258556003449,1721390.0,1
323,2048.0,0.96953284740448,0.9913572669029236,9.2406133944678e-07,4.4874599552713335e-05,32,64,0.5087902545928955,6.04431625106372e-05,13588995.0,0
260,2048.0,0.9005189538002014,0.9906643033027648,1.160042728542976e-07,0.030709246173501,64,192,0.7140357494354248,0.0034121708013117,7712800.0,0
1179,4096.0,0.9410704970359802,0.95188969373703,8.828241675473691e-07,1.695033824944403e-05,128,384,0.2317746430635452,0.0063208541832864,69253014.0,0
86,2048.0,0.9086018800735474,0.9581594467163086,3.722939254657831e-07,0.0144293485209345,320,64,0.1489633619785308,2.403568214504048e-05,5778404.0,0
140,2048.0,0.952336609363556,0.9637288451194764,6.554175797646167e-07,0.0065848040394485,64,256,0.228449061512947,0.0002076263190247,3941726.0,0
1350,8192.0,0.9242987036705016,0.9912940263748168,1.993722804627396e-07,0.0005175485857762,448,256,0.5139363408088684,0.008969816379249,73865890.0,0
943,2048.0,0.9701330661773682,0.9518476724624634,1.0675929473791257e-08,0.0018301652744412,512,32,0.1801823079586029,2.317296093679033e-05,5632554.0,0
824,2048.0,0.96798974275589,0.9726138710975648,9.207023765611669e-08,0.0001293810928473,64,384,0.0425725132226944,0.0002962602302432,3752074.0,0
862,4096.0,0.9001145362854004,0.9507279396057128,7.002544322176618e-08,0.0428736433386802,32,32,0.4231431484222412,2.508474153728457e-06,24727915.0,0
586,2048.0,0.9418233036994934,0.9540234804153442,4.5557822403452526e-08,6.743179255863652e-05,64,64,0.0489793717861175,6.667965863016434e-06,5848014.0,0
894,2048.0,0.926680624485016,0.9554418921470642,1.8108035959585322e-08,0.0351381823420524,32,384,0.0694222748279571,8.007807628018782e-05,9295674.0,1
1499,8192.0,0.9382325410842896,0.9590601325035096,1.186104725547921e-07,1.4854389519314282e-05,512,512,0.5627679228782654,5.1208535296609625e-05,76743184.0,0
1491,4096.0,0.9811102747917176,0.972841203212738,1.1016227929872002e-08,0.0388477146625518,64,512,0.200002446770668,0.0009143664501607,62878344.0,1
1035,8192.0,0.9753671288490297,0.956537902355194,4.1846973886094936e-08,5.943943324382417e-05,32,128,0.610759437084198,8.297345630126074e-05,112364640.0,0
343,512.0,0.9554584622383118,0.9679242968559264,1.3803484577579184e-08,0.0026787761598825,128,384,0.4161657392978668,0.0007756394334137,2867018.0,0
1006,8192.0,0.9175629019737244,0.9585272073745728,4.0751652363724133e-07,0.01704803109169,192,256,0.590999960899353,1.1478987289592624e-05,99473571.0,0
1040,8192.0,0.9043532609939576,0.9687626957893372,3.3536789345589575e-08,0.0135973654687404,64,64,0.2064908444881439,0.0003782112034969,103751712.0,0
483,2048.0,0.936470866203308,0.9648019671440125,4.766314134485583e-07,0.0127778919413685,32,448,0.1455070674419403,0.000415976770455,12694068.0,1
1231,8192.0,0.9426841139793396,0.9673105478286744,3.735561051598779e-07,0.0059649548493325,320,192,0.4978583455085754,0.1379008591175079,95305168.0,0
968,512.0,0.9293003678321838,0.9826459288597108,7.643383810318483e-07,2.3743699784972705e-05,256,320,0.2943489253520965,0.0003000347351189,1297008.0,0
70,4096.0,0.965415060520172,0.9855694770812988,9.290728542055149e-08,0.0142133189365267,512,256,0.6915398240089417,1.2681820408033673e-05,37710134.0,1
1295,4096.0,0.969167172908783,0.9520619511604308,8.58719090501836e-07,0.000671655696351,384,32,0.1334788799285888,0.0099339662119746,65660496.0,0
1074,8192.0,0.9026909470558168,0.9814012050628662,3.040629508177517e-07,0.0461197383701801,32,128,0.4716169834136963,0.0009584232466295,74258758.0,0
881,512.0,0.954407036304474,0.9509003162384032,2.954540789801285e-08,0.0007034358568489,384,32,0.4033979177474975,9.289746230933815e-06,2664016.0,0
1007,8192.0,0.9477273225784302,0.9618138074874878,7.65327072826949e-08,6.918135477462783e-05,256,192,0.7175500392913818,0.0039420304819941,70741284.0,0
911,4096.0,0.9185203313827516,0.9800794124603271,7.2851651111705e-07,0.0012725132983177,256,32,0.7069388628005981,0.0002842606627382,20737932.0,0
1467,8192.0,0.9019827842712402,0.9791265726089478,2.416167035335093e-07,0.0288555864244699,32,32,0.6135664582252502,4.920029459754005e-05,95931800.0,0
1199,8192.0,0.940568506717682,0.9561904072761536,5.456409439830168e-07,0.0030808702576905,256,320,0.7423548698425293,3.766024974538595e-06,110776200.0,0
358,2048.0,0.937329649925232,0.9977725148200988,1.75958252413011e-08,0.0010372834512963,128,512,0.4392880797386169,9.93817775452044e-06,4698908.0,0
1397,8192.0,0.9038839936256408,0.9861005544662476,1.0503245562176745e-07,1.4418899809243158e-05,384,128,0.2828773856163025,0.0005215455894358,100728792.0,0
1457,8192.0,0.9063273072242736,0.970340371131897,7.221684654723504e-07,0.0018001337302848,128,64,0.4140936136245727,0.1027887165546417,91747392.0,0
592,2048.0,0.9474709033966064,0.961650848388672,1.6143457060024957e-07,0.0002067127352347,192,32,0.0358181297779083,1.4175576325214934e-05,11382518.0,0
741,2048.0,0.9079995155334472,0.9989610314369202,4.598709324454831e-08,0.0012695441255345,320,256,0.7387323379516602,0.0185438431799411,9404188.0,0
1410,4096.0,0.9306043982505798,0.9904056787490844,1.722076348187329e-07,0.0261558108031749,320,512,0.0117436051368713,5.136367690283805e-05,68604150.0,1
576,4096.0,0.9226481914520264,0.974751889705658,6.76913828101533e-07,0.0017696589929983,192,128,0.6415706872940063,2.218662075392785e-06,17288148.0,0
1420,8192.0,0.9142526984214784,0.9936729669570924,7.953730687404459e-07,0.0287344846874475,448,64,0.19925357401371,1.6797093849163502e-05,76800066.0,1
50,512.0,0.9149473309516908,0.9911600947380066,3.384012359219924e-07,0.0059731602668762,448,32,0.2044743597507476,0.0144466701894998,1035652.0,0
484,512.0,0.9146206974983216,0.9632928967475892,5.058592478235369e-07,0.0005250614485703,64,512,0.3453519344329834,0.0037178446073085,1185868.0,0
1205,8192.0,0.9297805428504944,0.9706339836120604,2.2695850532272743e-08,3.579240365070291e-05,32,448,0.1682486236095428,0.0002134409442078,116417840.0,0
1416,8192.0,0.9097030758857728,0.9526775479316713,3.9542328522657044e-07,0.0002722925855778,64,192,0.3620868325233459,0.0010847714729607,119083880.0,0
1281,8192.0,0.9219154715538024,0.9749908447265624,7.922147915451205e-07,0.0186474807560443,64,448,0.7011836767196655,0.0366059429943561,89707408.0,0
803,2048.0,0.9648087620735168,0.9875529408454896,1.1585269987790525e-07,0.0001058128982549,64,64,0.2756497859954834,0.0020745620131492,3915114.0,0
696,2048.0,0.9461186528205872,0.9673557877540588,4.3675882466232e-07,0.0410270988941192,384,192,0.3396582305431366,0.0015228871488943,6422308.0,1
138,4096.0,0.9721904397010804,0.982708752155304,2.0453798654784805e-08,1.0244862096442375e-05,320,32,0.6205405592918396,0.0861430540680885,32220036.0,0
361,4096.0,0.9764686226844788,0.9627243876457214,2.45583862579224e-07,4.780868403031491e-05,384,128,0.5965607166290283,8.597454325354192e-06,27316435.0,0
1009,8192.0,0.9390279054641724,0.9942781925201416,1.8646117894149938e-07,1.472673648095224e-05,192,32,0.3947422504425049,0.1155268028378486,119446400.0,0
789,4096.0,0.9056898951530457,0.955510437488556,7.101570531631296e-07,0.0019389414228498,448,32,0.2423549741506576,3.359382026246749e-05,47008112.0,0
689,512.0,0.9596716165542604,0.9501060843467712,1.0094511893044e-08,0.0352042950689792,448,32,0.7323180437088013,0.0027729391586035,967568.0,0
771,4096.0,0.9744071364402772,0.9914757609367372,5.092927040095674e-07,0.0078484453260898,256,192,0.5714648365974426,0.0203507002443075,54807760.0,0
810,4096.0,0.954338788986206,0.9621790647506714,1.0080663770395405e-07,0.0251575279980897,32,64,0.2353689819574356,1.9554190657800063e-06,44566320.0,0
1325,8192.0,0.9688814878463744,0.9528462290763856,5.61680849386903e-07,2.5948203983716667e-05,64,512,0.1552154570817947,0.0005555891548283,119794540.0,0
127,4096.0,0.9820191264152528,0.9856053590774536,2.1428336083317845e-07,0.0128975668922066,512,320,0.5959287881851196,0.0055437474511563,15061698.0,0
1155,8192.0,0.9286718368530272,0.9936769008636476,2.1642337344474082e-07,7.158866355894133e-05,128,384,0.1282060146331787,0.0166690740734338,94552464.0,0
1453,8192.0,0.9039218425750732,0.9734904766082764,7.276273805700839e-08,2.661771395651158e-05,384,32,0.6155328750610352,4.061702202307061e-05,97856442.0,0
204,2048.0,0.9151291251182556,0.9857466220855712,6.417420195248269e-08,0.0010497939074411,192,448,0.2630279660224914,8.14426221040776e-06,4919414.0,0
346,4096.0,0.9295634627342224,0.9972442984580994,6.260124791879207e-07,0.0006642467342317,512,64,0.4867156147956848,0.0013114085886627,16986777.0,0
1222,8192.0,0.9708122611045836,0.9572963714599608,2.126602112184628e-07,0.0295120291411876,192,256,0.2292111665010452,0.033582467585802,94760824.0,0
858,4096.0,0.9467731714248656,0.951144814491272,3.639467749394498e-08,0.0001657820102991,384,256,0.5055501461029053,0.0003358499670866,47438848.0,0
1130,8192.0,0.9542001485824584,0.9524440169334412,1.4200486475601792e-07,0.0009356461232528,384,320,0.4201806783676147,0.0013781697489321,87584216.0,0
1013,8192.0,0.9592978954315186,0.9888217449188232,1.3146203237113241e-08,0.0001795215066522,64,64,0.1352133750915527,2.924062755482737e-06,83254633.0,0
1106,8192.0,0.9549822211265564,0.9910305738449096,1.133849210077642e-07,0.0321751274168491,128,384,0.6837081909179688,0.0001379637978971,86005208.0,1
1321,8192.0,0.9794732928276062,0.975391685962677,3.221870770175883e-07,8.786506077740341e-05,256,448,0.585484504699707,3.404515882721171e-05,109927560.0,0
793,4096.0,0.9349603056907654,0.9951770901679992,2.4587524904973186e-08,0.0047711580991744,192,32,0.2504310011863708,5.214207249082392e-06,31732290.0,0
833,512.0,0.9171444773674012,0.9785397052764891,3.572717943711724e-08,2.9937975341454148e-05,256,256,0.0231311917304992,0.0001104260954889,1670142.0,0
271,512.0,0.961199939250946,0.9712154865264891,1.4643986467888226e-08,0.0001654110383242,256,192,0.0177611410617828,0.018131885677576,1300032.0,0
1490,4096.0,0.9737298488616944,0.974776566028595,5.147167314589751e-08,0.0001632402854738,512,512,0.1755997985601425,3.0979379516793415e-05,63007500.0,0
69,4096.0,0.9583898782730104,0.9970405101776124,1.4601592823737521e-08,0.0179029460996389,64,320,0.6779568195343018,0.0003816990065388,56633910.0,0
677,512.0,0.9389488101005554,0.9921340942382812,1.5802102382167504e-07,3.6348945286590606e-05,192,128,0.0510201752185821,0.000650295172818,3261206.0,0
719,4096.0,0.9590134620666504,0.9662134647369384,9.239908536073926e-07,0.0039932876825332,192,64,0.1620653718709945,0.018486438319087,53808435.0,0
249,2048.0,0.931243896484375,0.985747754573822,1.8063975915083574e-07,0.015914587303996,64,64,0.5089986324310303,6.474646397691686e-06,7634228.0,0
659,4096.0,0.964143693447113,0.9538285732269288,2.2837062019220863e-08,0.0129208164289593,192,384,0.2986141443252563,0.0170149207115173,17704371.0,0
1030,8192.0,0.9578670859336852,0.969928503036499,1.0673079309242441e-08,0.0005182059248909,320,512,0.0620590299367904,0.0433807633817195,106073388.0,0
304,4096.0,0.9733642935752868,0.9909923672676086,5.442502128971682e-07,1.0820544957823586e-05,32,64,0.0832573324441909,1.2967668681085345e-06,31736604.0,0
1274,8192.0,0.9253621697425842,0.9605166912078856,3.25377072840638e-07,0.0004850454279221,384,384,0.4819079637527466,8.885776878742035e-06,79375891.0,0
760,2048.0,0.9742568135261536,0.96431165933609,6.505720762106648e-07,0.018398217856884,64,192,0.3676738739013672,7.243560048664221e-06,14534991.0,0
1483,8192.0,0.9752432107925416,0.9653909802436828,4.276556637705653e-07,0.0249770134687423,384,384,0.1537532061338424,0.1568816751241684,84250640.0,0
866,512.0,0.9498537182807922,0.9886526465415956,1.1253233012098462e-08,0.010241424664855,192,320,0.7003205418586731,0.0009484690381214,1713302.0,0
1183,8192.0,0.9229187965393066,0.9844335317611694,3.651947793059662e-07,0.0013254449004307,128,128,0.71274733543396,4.620093386620283e-05,93744216.0,0
1500,8192.0,0.976656436920166,0.9585880637168884,7.446272434208367e-07,0.0001637645182199,256,320,0.7458592653274536,2.364490683248732e-05,89334192.0,0
1339,8192.0,0.9365318417549132,0.9842285513877868,2.224525559313406e-07,0.0447026155889034,384,320,0.3201480507850647,1.587507540534716e-05,87849456.0,1
132,4096.0,0.94740092754364,0.9665064215660096,8.483700071337807e-07,0.0066280686296522,64,448,0.2127200961112976,3.3901319511642214e-06,25744935.0,0
1358,8192.0,0.9421136379241944,0.9755723476409912,2.701821699702123e-07,0.0019713207148015,32,256,0.2385981827974319,3.215906326659024e-05,84363320.0,0
795,4096.0,0.9786415100097656,0.9624011516571044,4.7668004299339373e-07,7.696393004152924e-05,32,128,0.2532883286476135,0.0013598317746073,41636035.0,0
166,2048.0,0.9840237498283386,0.9763102531433104,2.9158561787312465e-08,0.0050208787433803,256,64,0.6621832847595215,7.667933459742926e-06,4792696.0,0
1451,8192.0,0.9874392747879028,0.962936520576477,2.7340831820765743e-08,3.260953235439956e-05,64,448,0.5028526186943054,0.0529801174998283,109827950.0,0
1100,8192.0,0.9070534706115724,0.9922159910202026,2.9548338886797865e-08,0.0007219381514005,448,128,0.0389467477798461,0.0004651708877645,79540209.0,0
356,4096.0,0.9508854150772096,0.9580984115600586,3.002999164891662e-07,0.0069441031664609,256,256,0.2716255784034729,0.0008200721931643,15388011.0,0
1164,8192.0,0.928154230117798,0.9633020758628844,1.7983379052566306e-07,0.0001783610787242,192,384,0.6317201852798462,8.487293234793469e-05,117408560.0,0
332,2048.0,0.9642521142959596,0.9966922998428344,2.683918154389176e-08,0.0378185771405696,192,32,0.7464611530303955,6.552744889631867e-05,5081002.0,0
1269,4096.0,0.983370006084442,0.9745805263519288,3.767975442769966e-08,0.0006255801999941,256,128,0.6567491292953491,0.0012200716882944,67109250.0,0
378,2048.0,0.948101818561554,0.9656211137771606,7.766882390569663e-07,0.0071590617299079,64,384,0.0336869359016418,0.0221208333969116,5863020.0,0
193,2048.0,0.9592524766921996,0.9562809467315674,2.8206518010165386e-08,0.0099343787878751,256,192,0.6748785376548767,0.0874405428767204,4417800.0,0
1340,8192.0,0.9865189790725708,0.9951844811439514,2.9096836939856985e-08,0.0060782479122281,32,192,0.1917255073785781,0.0049598710611462,75812520.0,0
1323,4096.0,0.9382728934288024,0.9552870392799376,1.336524633188674e-07,1.2312736544117795e-05,512,256,0.0013055205345153,0.0313069000840187,66842022.0,0
1170,8192.0,0.9756600856781006,0.9888972640037536,1.338829775932027e-07,1.8347760487813503e-05,448,320,0.0352126210927963,0.0001052882507792,109277420.0,0
1315,8192.0,0.947458803653717,0.9786838889122008,6.285115006221531e-08,0.0008150012581609,128,384,0.5870036482810974,1.5252946923283162e-06,90398320.0,0
1136,8192.0,0.920689046382904,0.9652090668678284,1.0724242827109265e-07,0.0004779250302817,320,256,0.0151142477989196,0.0075441640801727,115332510.0,0
713,4096.0,0.9122406244277954,0.9677098393440248,1.4364965217339432e-08,0.0002077247481793,192,192,0.4810972809791565,2.320498242625036e-05,19053168.0,0
1328,8192.0,0.9611456394195556,0.9690709710121156,5.290324338602659e-07,0.0074201049283146,64,64,0.4850984215736389,0.000174731540028,101827629.0,0
277,2048.0,0.910883367061615,0.9546353816986084,2.634315592331405e-07,2.64465907093836e-05,192,128,0.1892493367195129,0.0396551191806793,9863612.0,0
1273,8192.0,0.9784390926361084,0.9742022156715392,5.254308348412451e-07,0.0272876191884279,192,320,0.4697276949882507,0.0002495651133358,84151720.0,1
1056,8192.0,0.9271690249443054,0.9841482043266296,1.0028845309761893e-07,0.0008721006452105,256,448,0.6466246843338013,3.3959663596760947e-06,97921899.0,0
806,4096.0,0.9509441256523132,0.9512495398521424,9.368277176236006e-08,0.0086355339735746,192,384,0.4403904676437378,9.465461334912106e-05,22610360.0,0
97,512.0,0.9290127158164978,0.9767693877220154,1.1047284864673657e-08,0.0001237920660059,32,128,0.5802243947982788,0.0003688794095069,2170706.0,0
1016,4096.0,0.9558399319648744,0.957640528678894,5.016847808292368e-07,2.91719006781932e-05,256,320,0.0240734070539474,1.8702867237152528e-06,64098720.0,0
78,512.0,0.9426164031028748,0.9653398990631104,2.5398373182383693e-08,0.00013389493688,32,448,0.1094714105129242,1.1769344610002008e-06,2482440.0,0
731,4096.0,0.9691925644874572,0.965609848499298,1.0288882634768016e-07,1.7267271687160246e-05,64,128,0.2915956377983093,0.0308339074254035,20983520.0,0
1065,8192.0,0.92082017660141,0.9665001034736632,1.3715173885486822e-08,1.7763393771019764e-05,320,320,0.3477488756179809,0.1762033700942993,79777180.0,0
977,2048.0,0.9158014059066772,0.9692654609680176,9.632365305378698e-08,0.0077179623767733,192,128,0.3300984799861908,4.704374077846296e-05,13798740.0,0
1332,4096.0,0.974293887615204,0.9559455513954164,4.6821710952826834e-08,0.0007075335597619,320,32,0.677522599697113,0.000502870127093,60469020.0,0
133,512.0,0.9166461825370787,0.9817200303077698,2.833756980180624e-07,0.0080829495564103,192,256,0.5035451650619507,0.0581019930541515,882576.0,0
739,4096.0,0.9163507223129272,0.9613075256347656,4.070113845955348e-08,0.0019643928389996,32,256,0.5866997241973877,0.1613524109125137,40777457.0,0
849,2048.0,0.9532133340835572,0.9737783074378968,8.566897236050863e-07,2.5323097361251712e-05,64,64,0.0092319846153259,0.0001697836705716,13551402.0,0
1342,8192.0,0.9002155065536499,0.9541476368904114,1.7342111391371873e-07,7.007705426076427e-05,32,256,0.4092046022415161,0.0101016107946634,75529174.0,0
1200,8192.0,0.9285319447517396,0.9816747903823853,5.393272317633091e-07,0.0002292045683134,32,128,0.0655162632465362,0.0130389761179685,115619130.0,0
996,4096.0,0.9278287291526794,0.96283221244812,2.3152746564392146e-07,8.658834849484265e-05,384,192,0.6587563753128052,3.098091474385001e-05,21763620.0,0
933,4096.0,0.938815712928772,0.9591654539108276,1.0561483065885113e-07,2.214243431808427e-05,256,256,0.2878314852714538,0.0041180034168064,21125492.0,0
516,4096.0,0.9328871369361876,0.9811775088310242,8.30608897217644e-08,2.334159398742485e-05,384,384,0.0899040699005127,4.045508103445172e-05,16082154.0,0
584,4096.0,0.9364747405052184,0.9689006805419922,2.9347653196509785e-08,0.0043918583542108,128,384,0.5067312121391296,0.0004524044634308,42951152.0,0
638,4096.0,0.9177784323692322,0.9893468022346495,6.129528173914879e-08,5.157385749043897e-05,384,128,0.5694607496261597,1.1545348570507483e-06,18510784.0,0
525,2048.0,0.905386209487915,0.9906688928604126,1.3428520517777542e-08,0.0006119383033365,384,384,0.3500354886054992,6.449806824093685e-05,7386064.0,0
1209,8192.0,0.9539263248443604,0.9805106520652772,3.189440747064509e-07,3.631939034676179e-05,320,384,0.2522033452987671,0.0029979434330016,76756988.0,0
142,2048.0,0.9717857241630554,0.9878318309783936,3.317448999951012e-07,2.0980374756618403e-05,320,384,0.060647964477539,0.0102383727207779,5784060.0,0
400,4096.0,0.942156195640564,0.9910601377487184,4.586561885844276e-07,2.736709029704798e-05,192,128,0.3396971821784973,0.0001284184399992,41729002.0,0
115,4096.0,0.9691846966743468,0.962849259376526,7.2363448566648e-08,0.0005864503909833,448,128,0.0145732909440994,0.0001053136584232,14955480.0,0
318,4096.0,0.98288494348526,0.9527571201324464,3.92601897658551e-08,0.0116817886009812,32,192,0.5225251913070679,0.0288801025599241,35106660.0,0
728,2048.0,0.9806314706802368,0.9711698293685912,1.506739621959241e-08,0.0001041394425556,384,448,0.0318879783153533,1.3850706181983696e-06,4975890.0,0
1377,8192.0,0.9516883492469788,0.9920535087585448,5.089668775326572e-07,5.754286030423828e-05,192,64,0.1095992624759674,2.513953631932964e-06,103620474.0,0
467,4096.0,0.9557701349258424,0.9651663899421692,9.452871552184661e-08,3.9478123653680086e-05,256,128,0.5106624364852905,0.0001960823428817,17943081.0,0
537,512.0,0.9120582342147828,0.9818681478500366,1.609518029965784e-08,0.023966958746314,384,128,0.1659877449274063,0.0001660681009525,3253138.0,1
1304,4096.0,0.9366443157196044,0.9630868434906006,4.245162301685923e-07,0.000688936386723,128,256,0.7061942219734192,6.447558916988783e-06,69324570.0,0
1271,8192.0,0.9480410218238832,0.9598963856697084,1.4269088133289642e-08,0.0080339452251791,256,128,0.0211995542049407,3.2117135560838506e-05,103675518.0,0
737,4096.0,0.9012885689735411,0.992712676525116,5.001470526622143e-07,0.0001349028752883,128,448,0.3917472660541534,0.0090733431279659,22236092.0,0
568,512.0,0.9273807406425476,0.983612060546875,3.115448876656046e-08,1.298419556405861e-05,64,320,0.0942699015140533,0.0203498266637325,2118156.0,0
437,2048.0,0.9653545618057252,0.9983291625976562,8.247772598224402e-08,0.0010948737617582,128,320,0.0848680883646011,7.583732895000139e-06,8775546.0,0
1161,8192.0,0.9658928513526917,0.987873911857605,1.2029840945615433e-07,0.0010704993037506,512,448,0.2917279601097107,1.995937418541871e-05,106404750.0,0
1356,8192.0,0.9539377093315125,0.9564071893692015,4.930910080247487e-08,0.0009914427064359,448,192,0.6629903316497803,0.0001798097073333,111428050.0,0
500,2048.0,0.9696112871170044,0.9813668131828308,1.389954551456185e-08,5.483760833158158e-05,128,384,0.7333930134773254,0.0047123446129262,12663912.0,0
345,2048.0,0.9440589547157288,0.967841863632202,2.7792742329779685e-08,0.0314689315855503,32,192,0.4252388477325439,0.0009214745950885,5230288.0,1
1413,4096.0,0.9894496202468872,0.9691554307937622,3.211984278550517e-08,0.0463545434176921,384,192,0.3651549220085144,0.0001774093834683,60450924.0,1
875,2048.0,0.9233314394950868,0.9631063938140868,2.2166760871300546e-08,0.0116441380232572,32,512,0.482609748840332,9.177088031719904e-06,11494572.0,1
259,512.0,0.9424517750740052,0.956408679485321,8.541766050029764e-08,3.980502515332773e-05,192,384,0.0916529148817062,0.0171946324408054,3047366.0,0
1171,4096.0,0.91260427236557,0.9764347672462464,8.935369066875867e-08,0.0003903594624716,128,448,0.6573926210403442,7.710715181019623e-06,64181256.0,0
229,2048.0,0.9115915298461914,0.9572937488555908,2.5893322685988096e-07,0.0001820280012907,192,128,0.5912845134735107,7.77051318436861e-05,10623060.0,0
1320,8192.0,0.9398207068443298,0.9724560379981996,1.4029666317583178e-07,3.634568929555826e-05,320,64,0.4100651144981384,0.0017775724409148,106382538.0,0
1291,8192.0,0.9867254495620728,0.9567802548408508,5.994714058488171e-08,0.0002453592605888,320,256,0.1694151163101196,1.2138057172705885e-06,106350039.0,0
1015,4096.0,0.9330326914787292,0.9961271286010742,4.498990904266975e-07,5.236424840404652e-05,192,192,0.4502373933792114,0.0001168973394669,66970530.0,0
690,4096.0,0.9766128659248352,0.96916401386261,8.02216533202227e-08,0.002238973043859,320,512,0.1370327174663543,0.0005032424232922,16338921.0,0
494,2048.0,0.948534607887268,0.963431477546692,5.2443631659571124e-08,5.301925921230577e-05,320,320,0.4562099575996399,0.0001564098056405,6547024.0,0
812,4096.0,0.9265134334564208,0.9910634756088256,3.377187169917306e-07,0.0356392860412597,448,192,0.4400448203086853,0.0707631781697273,49368861.0,0
1456,8192.0,0.9066605567932128,0.9817782044410706,3.39647456826242e-08,0.0167622026056051,192,64,0.5010464191436768,0.0043590627610683,81709649.0,0
611,4096.0,0.9484800100326538,0.9937636852264404,7.922536582327666e-08,0.0007176797371357,256,32,0.2337480783462524,0.0001469817652832,29566900.0,0
38,4096.0,0.9133097529411316,0.967554211616516,1.5169062805853173e-07,0.0056125200353562,384,128,0.3028985559940338,0.0025016167201101,25565035.0,0
488,2048.0,0.9158315658569336,0.95931214094162,1.4164474038125265e-08,3.941259637940675e-05,256,512,0.1954546719789505,3.281217868789099e-05,9477388.0,0
99,2048.0,0.9161849617958068,0.9815999269485474,8.605295676034076e-08,0.0067151803523302,32,64,0.3456814289093017,0.0122952600941061,4880168.0,0
51,4096.0,0.9609073996543884,0.9715087413787842,1.6221733289967233e-07,0.0062587228603661,32,32,0.2271479219198227,0.0049872579984366,27170820.0,0
524,2048.0,0.9855239391326904,0.9867884516716005,2.125981524159215e-07,0.0302773471921682,64,512,0.4795398116111755,0.0017771546263247,14179110.0,1
1059,8192.0,0.9644188284873962,0.991798222064972,2.4408983279045063e-08,0.0084446482360363,128,512,0.1881202608346939,0.0157437343150377,83712391.0,0
1027,8192.0,0.9221147894859314,0.9866551160812378,3.6272570724804616e-08,4.48671962658409e-05,128,320,0.0825396627187728,0.0273685939610004,111014300.0,0
117,4096.0,0.934027910232544,0.9530887603759766,3.141406921258749e-07,0.0005288496031425,32,384,0.0118941217660903,0.0164513383060693,49486338.0,0
873,4096.0,0.9432494640350342,0.9564950466156006,9.432236538486904e-07,0.000878305057995,256,448,0.7209494113922119,1.3992973435961176e-05,45472536.0,0
726,2048.0,0.9342331886291504,0.9857233762741088,6.99803095471907e-08,0.0145653719082474,384,384,0.2594542503356933,4.8856491048354656e-05,7805154.0,1
1148,8192.0,0.9180465936660768,0.994037389755249,1.3363926854026433e-08,0.0041022542864084,64,256,0.3048523664474487,8.192498171410989e-06,84286448.0,0
1133,8192.0,0.9370833039283752,0.965202569961548,5.465541264015884e-08,8.938860264606774e-05,32,256,0.4562671780586242,3.5745822515309555e-06,80625293.0,0
1216,8192.0,0.9056591987609864,0.95721173286438,7.931188861221017e-07,0.0127930482849478,320,320,0.5066672563552856,1.1780236945924116e-06,116346960.0,0
1080,8192.0,0.901047706604004,0.991008996963501,9.895118324720897e-08,0.0393627695739269,64,32,0.4055447280406952,0.002075643511489,84954464.0,0
351,2048.0,0.902370274066925,0.9575658440589904,3.219938662368804e-07,0.0069694835692644,384,448,0.7096185088157654,0.0245377756655216,9030438.0,0
889,2048.0,0.9876316785812378,0.9595489501953124,8.68074820914444e-08,1.0358816325606313e-05,448,32,0.0153205543756484,8.535903361917008e-06,4466530.0,0
146,2048.0,0.9196649193763732,0.993325412273407,5.906574642722262e-07,6.754197966074571e-05,32,384,0.3443919718265533,0.0025068493559956,3562768.0,0
1042,8192.0,0.9466090798377992,0.9784016013145448,7.863001201258157e-07,0.0001991196768358,320,384,0.6586833596229553,3.9950509744812734e-06,102891267.0,0
475,4096.0,0.944466769695282,0.9806562066078186,5.0311566468508324e-08,0.015196613036096,192,192,0.3200221657752991,0.1165306493639946,24129640.0,0
399,4096.0,0.9863744974136353,0.9873499274253844,1.952425350282283e-07,0.0029857927002012,192,512,0.7116913795471191,7.820710743544623e-05,44269528.0,0
994,4096.0,0.9488863945007324,0.9901116490364076,4.1097484881902346e-07,0.0011274208081886,32,384,0.2494719922542572,7.811281102476642e-05,35698230.0,0
342,4096.0,0.9224618077278136,0.9957606196403505,1.248282472943174e-07,0.0009555844007991,192,64,0.0547196120023727,9.793893696041778e-06,23435116.0,0
950,4096.0,0.9365485310554504,0.9953007102012634,2.86958794504244e-08,0.0009684528340585,448,32,0.545688271522522,0.0004470613203011,27100685.0,0
148,2048.0,0.9010732173919678,0.9835001230239868,4.110038389626425e-07,0.0001323857577517,64,32,0.5476717948913574,0.003364005126059,8593876.0,0
1245,8192.0,0.970830500125885,0.9910086989402772,4.5535319515011e-08,4.5365002733888105e-05,128,448,0.2059994637966156,1.7671923160378356e-06,104074236.0,0
481,2048.0,0.927707850933075,0.9713128805160522,2.1158651719588303e-08,6.522855255752802e-05,448,32,0.5045181512832642,0.0329469963908195,4572144.0,0
808,4096.0,0.9651268720626832,0.974484384059906,8.363115853171621e-07,0.0001721596199786,128,64,0.6431725025177002,0.0175964329391717,35439888.0,0
851,4096.0,0.9366905689239502,0.9713153839111328,1.829963451882577e-07,0.0158267337828874,32,32,0.3132150173187256,0.009087492711842,38834453.0,0
1288,8192.0,0.98813658952713,0.9889872074127196,2.8525525408440444e-07,0.0003041768213734,384,128,0.4891169667243957,0.0968830734491348,77849436.0,0
199,2048.0,0.96566903591156,0.9906343817710876,4.206800952033518e-08,2.461381518514827e-05,32,192,0.1839428544044494,0.013661315664649,8092030.0,0
641,4096.0,0.9442967176437378,0.953956663608551,1.0355881840951042e-07,0.0164798386394977,320,256,0.4303067326545715,3.253668546676636e-05,47730280.0,1
101,2048.0,0.9805684089660645,0.9511405825614928,1.807362650652067e-07,0.000418620678829,512,32,0.0139345228672027,0.1874879300594329,8526598.0,0
376,4096.0,0.91455739736557,0.9660642743110656,1.9433498366083768e-08,6.36342738289386e-05,512,128,0.5489155054092407,2.013532139244489e-05,20343468.0,0
232,2048.0,0.9396902322769164,0.9751251339912416,2.573464641386636e-08,1.2242028788023164e-05,384,32,0.4942046105861664,8.917985724110622e-06,7260150.0,0
601,4096.0,0.972945749759674,0.97233384847641,1.803537585942649e-08,0.0031232121400535,64,384,0.6960204243659973,0.0001944551331689,46163912.0,0
843,2048.0,0.9789599776268004,0.9784963130950928,4.8446494815834746e-08,0.0004094562027603,512,32,0.0027768462896347,1.0956565347441938e-05,3897120.0,0
236,4096.0,0.9049550890922546,0.9643632173538208,7.550111291720897e-08,0.0085937418043613,64,320,0.0868713408708572,1.2509533007687423e-05,20170788.0,0
293,4096.0,0.9332538843154908,0.993156373500824,9.027669278793837e-08,0.0060814977623522,192,32,0.1285766512155532,1.5086528037500102e-05,52184790.0,0
227,4096.0,0.9455758929252625,0.9944229125976562,6.760912469871982e-07,0.0013062311336398,32,32,0.3436525464057922,3.973436469095759e-05,36974182.0,0
1338,8192.0,0.9123736023902892,0.9928684830665588,5.987857321088086e-08,0.0283964946866035,64,32,0.4557737708091736,0.1938475668430328,74467344.0,0
547,2048.0,0.9591882824897766,0.9738872051239014,9.335817594546824e-07,0.0011145044118165,64,512,0.7141865491867065,0.0075340336188673,6014008.0,0
441,512.0,0.9812111854553224,0.964563488960266,8.70215444592759e-07,0.0002123863087035,32,192,0.0889350324869155,0.0002699541510082,1933798.0,0
1099,8192.0,0.915016770362854,0.976489782333374,1.928553103880404e-07,0.0030594831332564,448,448,0.2091136425733566,0.0887533500790596,100691154.0,0
1004,8192.0,0.9297724366188048,0.955110728740692,4.676497269429092e-07,0.0015457454137504,320,512,0.7152658700942993,0.0548355467617511,90288144.0,0
598,4096.0,0.9839817881584167,0.9816817045211792,1.8021836467596586e-07,0.0063776383176445,32,64,0.4353354871273041,0.0026327311061322,35761002.0,0
53,4096.0,0.9185702800750732,0.9546360373497008,1.104010749486406e-07,0.0023872177116572,512,128,0.2042276859283447,1.0652112223397123e-06,34141080.0,0
655,2048.0,0.908892810344696,0.9671615362167358,1.2187249431860891e-08,0.0002405770937912,64,384,0.1564253121614456,0.0005288742831908,7436242.0,0
898,4096.0,0.9520549178123474,0.987036943435669,2.221429262760921e-08,0.0004574333142954,384,64,0.4299609661102295,0.1827722638845443,37861572.0,0
1166,8192.0,0.9671870470046996,0.9653493762016296,5.092533683637157e-07,0.000221737413085,448,384,0.4970616698265075,0.0979862213134765,115412720.0,0
936,4096.0,0.9771870970726012,0.9744402766227722,3.190587847257121e-07,0.0002091916976496,64,320,0.3785356283187866,0.0003020530275534,54200510.0,0
433,4096.0,0.911643922328949,0.9693557620048524,1.1699864899128445e-07,4.58463364338968e-05,32,64,0.2198249548673629,4.106351843802258e-05,31326060.0,0
302,2048.0,0.9679986238479614,0.9531461596488952,3.0655399996248895e-08,1.248663647857029e-05,128,192,0.1568431556224823,0.0049844291061162,13005579.0,0
503,512.0,0.9404992461204528,0.9834008812904358,1.984675748190057e-07,0.0001520597725175,192,448,0.5859223008155823,0.0009224694804288,1855758.0,0
991,4096.0,0.913416624069214,0.9923024773597716,7.778508859246358e-08,0.0205771401524543,512,320,0.4030052423477173,4.157013336225646e-06,50081778.0,0
443,4096.0,0.9829639196395874,0.9631747007369996,3.3408017685587765e-08,0.0001257322874153,512,256,0.5215528011322021,0.0002247912925668,19527356.0,0
1395,4096.0,0.9752376675605774,0.9693021774291992,2.7705466365546272e-08,0.0008671730756759,128,320,0.0456344783306121,4.709783388534561e-05,64775406.0,0
357,512.0,0.9159784913063048,0.9890676736831664,3.4791490577390505e-08,4.6739605750190094e-05,320,32,0.2367857247591018,0.000299332808936,2613172.0,0
1471,8192.0,0.9549488425254822,0.9565013647079468,2.6642103634344494e-08,2.509564183128532e-05,192,448,0.659839928150177,0.0004948158748447,102603060.0,0
1052,8192.0,0.9691568613052368,0.9966559410095216,2.0037195014310786e-08,5.174786929273978e-05,256,320,0.2770429253578186,7.75715943746036e-06,116838410.0,0
176,4096.0,0.9034120440483092,0.9745261669158936,8.936464155340218e-07,0.0003530613321345,384,192,0.3226196765899658,0.0024115147534757,17000124.0,0
841,4096.0,0.9802428483963012,0.9640346765518188,6.969525401245846e-08,0.0001382264017593,320,256,0.0252053439617156,6.401036807801574e-05,55853240.0,0
885,4096.0,0.9029327630996704,0.990623414516449,2.8109736760484345e-08,2.1578141968348064e-05,128,384,0.7248189449310303,0.003903028788045,30215442.0,0
627,4096.0,0.9399964809417723,0.9695013165473938,7.957565628657903e-08,7.050050044199452e-05,32,32,0.4394524693489074,0.0006757638184353,37504334.0,0
335,4096.0,0.9252315163612366,0.9550037980079652,1.7205339375436782e-08,1.3872763702238444e-05,448,192,0.1899422854185104,1.6807975043775514e-05,44698600.0,0
66,512.0,0.9454421997070312,0.9952958226203918,5.483807399286889e-07,1.5375913790194318e-05,192,320,0.3674934506416321,0.000432988803368,2294626.0,0
899,2048.0,0.9648025631904602,0.9796586632728576,9.564249694449245e-07,0.0048744357191026,32,64,0.6127667427062988,5.808971400256269e-05,11595450.0,0
1296,8192.0,0.9236516952514648,0.994246780872345,5.8856542750618246e-08,0.012287113815546,512,384,0.1393011957406997,3.274556001997553e-05,95275016.0,1
238,2048.0,0.9240825176239014,0.988044261932373,6.306970590230776e-08,0.000248074211413,384,128,0.1455480605363845,0.0616499111056327,4029324.0,0
1091,8192.0,0.9449549913406372,0.9701740145683287,5.458509377831434e-08,0.0478822216391563,512,64,0.4031189680099487,6.28526831860654e-05,95334992.0,1
958,2048.0,0.9107767939567566,0.9948987364768982,1.1883317796446137e-07,1.5296000128728338e-05,384,256,0.1357907205820083,3.233640427424689e-06,7030232.0,0
1140,8192.0,0.9036800265312196,0.9897871613502502,4.0792304645265176e-08,0.0011102699209004,256,384,0.7377012968063354,0.1235144287347793,113893970.0,0
191,2048.0,0.9225752353668212,0.997426688671112,7.347465498241945e-07,0.0089281219989061,64,128,0.3092161417007446,0.0003717957879416,10942080.0,0
42,512.0,0.9450837969779968,0.9553576111793518,1.4784959034841453e-08,6.369067705236375e-05,448,320,0.1455414444208145,0.0020441780798137,2455920.0,0
28,512.0,0.9771973490715028,0.9863424897193908,1.0452563969920449e-07,8.527169120498002e-05,384,448,0.45500248670578,0.0002807143318932,1813844.0,0
1063,8192.0,0.9835541248321532,0.9517921805381776,1.5765156291536186e-08,7.328564242925495e-05,32,128,0.3838708996772766,1.0065500646305736e-06,86360432.0,0
310,4096.0,0.9337217211723328,0.963232696056366,1.7534313556666348e-08,4.698581324191764e-05,32,64,0.384400725364685,0.0202237628400325,32137926.0,0
461,512.0,0.9105340838432312,0.9504613876342772,5.727272878175427e-07,0.009078012779355,320,32,0.0031963884830474,0.0328117273747921,3397026.0,0
135,4096.0,0.9340766072273254,0.9600998759269714,1.0030183972276065e-07,0.0090635102242231,128,384,0.348520815372467,0.0217626839876174,20227264.0,0
1224,8192.0,0.9339393973350524,0.990331768989563,1.2768230028825656e-08,2.604372639325448e-05,512,256,0.3694891929626465,3.812589784502052e-05,74322017.0,0
377,2048.0,0.9418931007385254,0.9592326879501344,8.286716592920129e-07,0.0135150840505957,32,32,0.5142992734909058,9.451578807784244e-05,10667230.0,0
651,2048.0,0.9012496471405028,0.9809962511062622,7.350037662945397e-07,6.479319563368335e-05,32,32,0.2575350701808929,0.0014293347485363,13698345.0,0
35,2048.0,0.965776801109314,0.9673072099685668,6.804584273822911e-08,0.0016245445003733,128,512,0.5306755900382996,0.0339986830949783,5907936.0,0
496,512.0,0.9300768971443176,0.966495394706726,1.536363569698551e-08,0.0393608957529068,320,320,0.0397037118673324,0.001979112625122,2764488.0,1
1147,8192.0,0.9385553598403932,0.9919161796569824,8.468749257417586e-08,0.0027839581016451,64,256,0.672706663608551,0.0441492982208728,115234520.0,0
1280,8192.0,0.9210448861122132,0.959018349647522,4.87533895920933e-07,0.0256850142031908,448,448,0.5663992762565613,1.5748447594887691e-06,115949170.0,1
1375,8192.0,0.9008948802947998,0.9984332919120787,7.731117790399369e-08,0.0002407735737506,64,384,0.2517116069793701,0.0824871808290481,90930320.0,0
1477,8192.0,0.9825232625007628,0.9923652410507202,2.8949077091056097e-07,0.0306031480431556,32,192,0.0246567875146865,0.199392095208168,95687840.0,0
1086,8192.0,0.9111195206642152,0.9863228797912598,1.7839916210959927e-08,0.0176196303218603,256,192,0.3882668018341064,0.0101752476766705,119560470.0,0
158,4096.0,0.940846621990204,0.9806869626045228,7.520966960328224e-07,0.010553571395576,448,32,0.5755792856216431,8.56212318467442e-06,18713988.0,0
173,4096.0,0.9477982521057128,0.9907059669494628,2.362576907444236e-07,0.0083712358027696,320,320,0.6974097490310669,1.1834038105007494e-06,14593941.0,0
478,512.0,0.9461455345153807,0.9753347039222716,9.15646438670592e-08,0.0016867332160472,512,320,0.3884252309799194,5.286796294967644e-06,1757188.0,0
836,4096.0,0.9395856261253356,0.9544855356216432,3.0842122100693814e-07,0.0139668975025415,64,320,0.0590162873268127,6.045521149644628e-05,27110345.0,0
1493,8192.0,0.950205624103546,0.9906172156333924,4.8568342236876574e-08,0.0001853699795901,512,320,0.0351719856262207,2.3731122382741887e-06,111489830.0,0
1369,8192.0,0.9633346796035768,0.9556497931480408,3.4687448646764096e-07,1.6167185094673187e-05,32,448,0.5052493810653687,0.0006339719402603,117139180.0,0
1473,8192.0,0.9462652206420898,0.9803685545921326,7.923371754259279e-07,0.0041378582827746,512,64,0.2685595154762268,0.0104087023064494,79670192.0,0
417,4096.0,0.9252552390098572,0.9931311011314392,6.627161042160878e-07,0.0142627712339162,32,384,0.6226528882980347,0.0001674333325354,50386338.0,0
772,4096.0,0.931934118270874,0.9734877347946168,9.152832092240717e-08,0.0152658205479383,320,384,0.1283087432384491,6.888433745189104e-06,31294008.0,0
787,2048.0,0.9141964316368104,0.9957840442657472,4.2115237874895683e-07,0.038391500711441,64,64,0.1905502527952194,1.504314582234656e-06,9525990.0,0
1082,8192.0,0.9100181460380554,0.9607135653495787,3.771743095626334e-08,5.525004962692037e-05,512,256,0.5406672954559326,0.1857964545488357,87779912.0,0
951,2048.0,0.9748901724815368,0.9719886183738708,1.3473880677850048e-08,4.093620736966841e-05,32,32,0.2517769336700439,0.0130625236779451,10250056.0,0
1318,8192.0,0.9199568033218384,0.9500431418418884,2.243528562928532e-08,0.0016593164764344,192,448,0.2985401451587677,0.0047054691240191,77680232.0,0
344,512.0,0.9884957671165466,0.9814572334289552,6.897938931160752e-08,0.0001418975880369,384,32,0.3267599940299988,0.0098426826298236,2888222.0,0
925,4096.0,0.9799003005027772,0.995864748954773,5.571349674937665e-07,0.0044379024766385,64,512,0.2040920108556747,0.1496531367301941,20362128.0,0
46,2048.0,0.9291868805885316,0.9798333048820496,1.5603017544663093e-08,9.343870624434204e-05,32,320,0.719680905342102,3.636832843767479e-05,12833283.0,0
424,4096.0,0.9233120679855348,0.9551859498023988,5.014879178588672e-08,0.0004972936003468,512,32,0.2379816770553589,0.0004711236688308,26012630.0,0
94,512.0,0.9157462120056152,0.9725245833396912,3.4060306575156574e-08,0.0171997565776109,32,384,0.3868565559387207,1.2497566785896197e-06,2461586.0,0
353,4096.0,0.9558601379394532,0.9749491810798644,2.6660861962568564e-08,8.317889296449721e-05,128,384,0.3038265109062195,0.0084443017840385,17322930.0,0
1440,4096.0,0.943189024925232,0.9748498797416688,1.400508153892588e-07,0.0077627697028219,128,448,0.2188454568386078,0.0192195903509855,65804538.0,0
1141,8192.0,0.956094205379486,0.9954234957695008,2.517900554721564e-08,5.0053928134730086e-05,384,384,0.1668110489845276,0.0687600374221801,114856910.0,0
541,2048.0,0.931854486465454,0.952174723148346,1.2959731066075621e-08,1.256968516827328e-05,448,320,0.0429579466581344,0.0379631221294403,9487376.0,0
20,2048.0,0.9436997175216676,0.9727994203567504,4.603834469207868e-08,0.0016585602425038,128,384,0.1331182122230529,0.0835592970252037,5058242.0,0
412,4096.0,0.9335230588912964,0.9842315316200256,4.980128096576664e-07,0.018106484785676,448,32,0.3839510679244995,0.0277736708521842,28607260.0,1
367,512.0,0.9461460113525392,0.9941361546516418,2.548055704210128e-07,0.0002212064282502,64,32,0.2945489287376404,0.0888368487358093,1507788.0,0
1111,8192.0,0.970912754535675,0.9632595181465148,4.303712941577943e-08,0.0001048888734658,384,128,0.4704170227050781,0.0025849654339253,90286688.0,0
642,4096.0,0.9252483248710632,0.9771443605422974,7.800367711752187e-07,0.0047387601807713,448,320,0.1346963346004486,1.981545938178897e-05,42253152.0,0
237,4096.0,0.974080502986908,0.9731237888336182,7.09347489191714e-07,0.0002335385215701,128,448,0.2635270953178406,0.0374941900372505,41380675.0,0
401,4096.0,0.9287973642349244,0.9570464491844176,4.7039407036209013e-08,0.0004417494637891,32,448,0.602736234664917,0.0055537591688334,27000310.0,0
1388,8192.0,0.922638475894928,0.9551909565925598,8.296261171381047e-07,0.0080077201128005,448,128,0.6534082889556885,8.894661732483655e-06,79445324.0,0
458,4096.0,0.9377533793449402,0.9546886682510376,1.085158771729767e-07,0.0237050354480743,128,384,0.0462665408849716,0.0052002752199769,18137348.0,1
1384,8192.0,0.9855575561523438,0.9647173285484314,5.408732306477759e-08,0.0002109625347657,448,384,0.6985741853713989,0.021653601899743,102706173.0,0
591,4096.0,0.9797956943511964,0.9561318159103394,2.2152443079903605e-07,0.01854551397264,384,384,0.6276324987411499,0.0013576982310041,43210704.0,1
1128,4096.0,0.9598428010940552,0.9702011942863464,4.2331149074925634e-07,0.0002609774237498,512,32,0.5940913558006287,0.0063776751048862,64887606.0,0
761,2048.0,0.908309280872345,0.9663039445877076,8.891697689250577e-07,1.010285814118106e-05,320,384,0.1951172947883606,8.68879578774795e-05,10671920.0,0
532,4096.0,0.9320510029792786,0.9667340517044068,4.990252122638594e-08,0.0073257242329418,256,256,0.2172039002180099,1.625395998416934e-05,44607280.0,0
629,4096.0,0.9652023315429688,0.9918975830078124,9.27642176407062e-08,3.077997826039791e-05,192,128,0.280975341796875,0.0030079123098403,50849262.0,0
534,512.0,0.9457994103431702,0.9934869408607484,4.774626063408505e-07,0.0015120125608518,128,512,0.7400760650634766,9.81343910098076e-05,1126152.0,0
1360,8192.0,0.9719035625457764,0.9691883325576782,1.6301694927278734e-07,0.0006733530317433,192,192,0.4454267621040344,0.0009022390004247,89842240.0,0
379,4096.0,0.9275819659233092,0.9835336208343506,8.16125051983363e-08,5.526443783310242e-05,64,128,0.2106137573719024,0.0001789019588613,55156320.0,0
113,4096.0,0.9417418241500854,0.9791802167892456,4.654841347928597e-07,0.0029968656599521,192,384,0.6972081065177917,4.576826904667541e-05,18937216.0,0
895,2048.0,0.9650471210479736,0.9555185437202454,2.4200872417168284e-07,0.0033130010124295,32,128,0.2856878638267517,0.0047289161011576,7373008.0,0
657,2048.0,0.9800041317939758,0.9958540797233582,3.842858404823346e-07,0.0037597722839564,64,192,0.2966202199459076,0.0031287691090255,4709746.0,0
694,512.0,0.9813023805618286,0.972300946712494,3.954034966113795e-08,4.366268331068568e-05,32,384,0.4465217292308807,5.255744326859713e-06,2660710.0,0
1073,8192.0,0.9645991325378418,0.987441897392273,2.2223106910246315e-08,0.0004018060863018,256,128,0.1462375670671463,4.355991404736415e-05,101377899.0,0
1380,8192.0,0.9665722250938416,0.9727614521980286,1.819087458443392e-08,0.0007229771581478,192,320,0.5974265336990356,0.0010339103173464,79522975.0,0
174,4096.0,0.9218859672546388,0.9922070503234864,9.602030104360892e-07,0.000964832259342,32,192,0.7467410564422607,0.0101933032274246,59185380.0,0
1138,8192.0,0.9631173610687256,0.972485363483429,3.6346534670883563e-08,4.897180406260304e-05,64,32,0.2106613218784332,0.0075988755561411,100217718.0,0
68,512.0,0.964408278465271,0.9856752157211304,2.3006158755833894e-07,0.0012715888442471,256,320,0.7490286827087402,0.0009434059029445,1402730.0,0
805,4096.0,0.962011992931366,0.9612217545509338,7.115813787095249e-07,1.1347611689416226e-05,64,512,0.0358800441026687,1.5670102584408596e-05,26342620.0,0
590,4096.0,0.9702348709106444,0.9857034087181092,7.134581778700522e-07,0.0001000278352876,512,320,0.4191955924034118,0.0001428172399755,52255278.0,0
1294,8192.0,0.9455419778823853,0.9929953217506408,8.90281285137462e-07,0.0031047584488987,256,320,0.1184812188148498,0.1311835944652557,94592408.0,0
969,4096.0,0.9677883982658386,0.97110253572464,6.547001163426104e-08,0.0047490075230598,64,320,0.5207046270370483,4.799257567356108e-06,28738890.0,0
649,2048.0,0.9388424158096312,0.9928675293922424,1.5738747194404823e-08,0.0014197522541508,64,64,0.5595291256904602,9.204425623465797e-06,6641242.0,0
1452,4096.0,0.9413617253303528,0.9850980043411256,2.743506932745277e-08,0.0018838901305571,128,512,0.6233981847763062,2.2195233668753644e-06,69960522.0,0
402,4096.0,0.955264449119568,0.9740851521492004,5.088484726911702e-07,0.0003781626874115,64,384,0.6421854496002197,2.774080348899588e-05,26805045.0,0
118,4096.0,0.9613685607910156,0.9614749550819396,1.0669069183677491e-08,0.0007288153865374,32,192,0.123606652021408,0.0040235193446278,29152640.0,0
1343,8192.0,0.928732931613922,0.9610206484794616,1.4070284493072904e-08,0.0061617023311555,256,448,0.0312132239341735,8.549337508156896e-06,94686432.0,0
440,2048.0,0.9598509073257446,0.9828214049339294,6.126737162048812e-07,0.0153588624671101,32,384,0.6517813205718994,0.0040383734740316,5031620.0,0
210,4096.0,0.9022524952888488,0.987395405769348,6.112354355991556e-08,0.0090483482927083,32,64,0.0590661317110061,8.486738806823269e-06,42204480.0,0
147,2048.0,0.956176221370697,0.9815132021903992,4.402716911044991e-07,1.818203963921405e-05,192,32,0.6237143278121948,0.0172132868319749,5599956.0,0
1221,8192.0,0.9262897968292236,0.9789592027664183,1.5922455531836024e-07,0.0001154747442342,64,512,0.4574461579322815,2.603054053906817e-05,71863362.0,0
1169,8192.0,0.9601218700408936,0.9513512253761292,2.4481346727611708e-08,0.0004503689706325,128,448,0.0923981219530105,0.0419002510607242,116875900.0,0
992,2048.0,0.9341087937355042,0.9692599773406982,2.4085679228846857e-07,0.0241916812956333,384,384,0.1057503372430801,0.016970807686448,7992092.0,1
1242,8192.0,0.9342221617698668,0.9657980799674988,1.7451560552217418e-07,9.539335587760434e-05,512,512,0.7198885679244995,1.8203510308012485e-06,99045000.0,0
322,512.0,0.944412350654602,0.9959219098091124,1.3292239309237177e-08,0.0002867963339667,256,192,0.434054434299469,0.0283965896815061,3212456.0,0
1460,8192.0,0.9641011357307434,0.9648816585540771,1.051348732516999e-07,0.0493123568594455,32,64,0.4157105088233948,0.0001341357274213,81248321.0,0
798,2048.0,0.9206139445304872,0.9961204528808594,2.052955636600018e-07,0.0453689657151699,384,64,0.0394379943609237,0.0249320585280656,11339370.0,0
164,512.0,0.9804025888442992,0.9735864996910096,2.3185503295053426e-08,3.570468470570631e-05,320,128,0.2332867383956909,0.0046668122522532,2901074.0,0
570,512.0,0.9394293427467346,0.9651044607162476,1.7201861268745233e-08,2.881980435631704e-05,256,192,0.0362689197063446,0.0026293299160897,1565058.0,0
567,4096.0,0.9248450994491576,0.9725136160850524,1.3242564378401768e-08,0.0237337294965982,256,320,0.4094858765602112,1.064820753526874e-05,51092289.0,1
1363,4096.0,0.9410687685012816,0.958205223083496,3.407461690585478e-07,3.047513018827885e-05,256,128,0.2559922933578491,0.0005598540301434,60870072.0,0
1406,8192.0,0.973729133605957,0.9988635778427124,7.322514079532993e-07,0.0462485253810882,448,256,0.6986743211746216,8.497915587213356e-06,104512329.0,1
102,2048.0,0.9272701144218444,0.9901829957962036,6.619890200454392e-07,0.000429847947089,128,192,0.2063391208648681,0.0028291842900216,5368212.0,0
1203,8192.0,0.9065577387809752,0.979629635810852,5.714506414733478e-07,0.00244951993227,128,256,0.1770878881216049,4.76635541417636e-05,113679180.0,0
900,4096.0,0.9752203822135924,0.9736139178276062,4.2485378770606985e-08,0.0012197867035865,512,64,0.6269912123680115,1.0124302889380488e-06,39315640.0,0
926,2048.0,0.9650481343269348,0.9867159128189088,4.061653058329284e-08,6.599612243007869e-05,384,384,0.2212663292884826,0.0025518983602523,11937064.0,0
453,4096.0,0.950047492980957,0.9918407797813416,4.1002216732977104e-08,0.0409118384122848,128,32,0.0581438094377517,0.0473089888691902,30498198.0,0
175,4096.0,0.9661117792129515,0.9565173387527466,1.517321521760096e-07,0.0019311252981424,32,128,0.5662241578102112,9.22582985367626e-05,25244325.0,0
350,4096.0,0.9222792387008668,0.9625860452651978,4.648125297990191e-07,0.000511419668328,32,32,0.0230514854192733,9.454368409933522e-06,35676114.0,0
1185,8192.0,0.9835952520370485,0.952885091304779,1.0441957520868073e-08,1.728071401885245e-05,256,384,0.4290896952152252,9.55296418396756e-05,70767870.0,0
1401,8192.0,0.9861372113227844,0.9934075474739076,2.877178495452881e-08,0.0067923413589596,256,256,0.7022928595542908,8.976751814770978e-06,80984393.0,0
90,4096.0,0.90214341878891,0.955414652824402,2.268318155529414e-07,6.052541721146554e-05,320,512,0.3140628933906555,0.00327910319902,41184857.0,0
756,4096.0,0.9343958497047424,0.9512946009635924,5.344069791135553e-07,0.0175274964421987,64,128,0.2545636296272278,1.6545449398108758e-05,15564588.0,0
652,512.0,0.955345094203949,0.97847181558609,2.1575567643594693e-07,0.0008926976006478,32,32,0.6993412375450134,1.617532871023286e-05,2750660.0,0
88,4096.0,0.9243451952934264,0.9882623553276062,4.390193169001577e-07,0.0080948453396558,320,256,0.1645640730857849,0.1849348396062851,23996752.0,0
55,4096.0,0.979528546333313,0.9786330461502076,1.5134644115732956e-07,0.0002522279683034,64,384,0.0983084142208099,0.0037813186645507,46254360.0,0
1098,8192.0,0.926428496837616,0.9584185481071472,6.353827757266117e-07,4.290683500585146e-05,448,128,0.0645842403173446,5.417676584329456e-05,119296500.0,0
369,512.0,0.9694203734397888,0.9827966690063475,8.408043186136638e-07,0.0081572486087679,32,320,0.4510221481323242,2.1892888071306515e-06,2000136.0,0
265,2048.0,0.9771142601966858,0.9730241894721984,1.5008597031851423e-08,0.0131898503750562,256,256,0.6871440410614014,0.0005204355693422,13544193.0,0
1299,8192.0,0.968958020210266,0.957700252532959,2.438697244144805e-08,1.88404355867533e-05,320,512,0.373233437538147,0.0011743395589292,81078305.0,0
1449,8192.0,0.9416186809539796,0.9557679295539856,2.2054719295283578e-07,0.0402193330228328,256,512,0.5649052262306213,1.806182444852311e-05,109133560.0,1
57,512.0,0.9635680913925172,0.9633705615997314,1.1505597541372481e-07,2.4913624656619504e-05,64,192,0.1209390610456466,1.5747029465273954e-05,2283160.0,0
1429,4096.0,0.9501391649246216,0.95603346824646,9.762918580236146e-07,0.0099353734403848,512,512,0.4665800333023071,0.024350443854928,70003422.0,0
1064,8192.0,0.9439592957496644,0.9537801742553712,9.166756598233405e-08,1.0007825949287508e-05,512,256,0.2183482646942138,0.0397901684045791,84177136.0,0
1344,8192.0,0.9452822804450988,0.9736244082450868,1.320228193435469e-07,4.4543434341903776e-05,256,64,0.3296993970870971,1.436559614376165e-06,94042832.0,0
995,512.0,0.9250624179840088,0.9517728686332704,6.094798976619131e-08,0.0237547997385263,32,128,0.1675426214933395,0.0001558370277052,1452756.0,1
54,4096.0,0.9241006374359132,0.9658178687095642,1.279917825058874e-07,0.0013227912131696,32,32,0.2213676273822784,1.2439889360393863e-05,18165220.0,0
676,512.0,0.963975429534912,0.98209148645401,1.3432157608406214e-08,0.0470233149826526,192,512,0.6559659242630005,0.1784661710262298,1880890.0,0
75,4096.0,0.9396474361419678,0.9601978659629822,3.068478235945804e-07,0.0002856024657376,32,512,0.0093833953142166,1.2364817848720122e-05,57834440.0,0
708,2048.0,0.9025150537490844,0.9606370329856871,5.427299925031548e-07,1.2715536286123095e-05,128,64,0.6656632423400879,0.000453272514278,3958914.0,0
126,4096.0,0.98218035697937,0.960821807384491,1.0723403676138341e-07,0.0002831532619893,64,32,0.6239274740219116,4.012791123386705e-06,17943714.0,0
545,4096.0,0.901585817337036,0.9830939769744872,1.4474731635516493e-08,5.076193338027224e-05,32,320,0.0701895654201507,0.0003511855029501,35685300.0,0
84,2048.0,0.9138432145118712,0.9926550984382628,6.93343849889061e-07,0.0038972860202193,192,128,0.2087847143411636,0.0001302567688981,9119234.0,0
1482,4096.0,0.972167193889618,0.9711918234825134,9.022217000165256e-07,1.8701130102272145e-05,512,320,0.1977752298116684,0.0231142193078994,64321260.0,0
331,4096.0,0.987304389476776,0.9735807180404664,5.50760717032972e-07,0.0001058123889379,128,64,0.4741230607032776,0.1568848192691803,33718644.0,0
829,4096.0,0.95371675491333,0.9822376370429992,2.606767850465985e-07,0.0357790142297744,192,128,0.7123664617538452,0.0002560272987466,31473936.0,1
769,4096.0,0.9567492008209229,0.9884928464889526,4.862878100198032e-08,9.905802289722487e-05,64,320,0.6534211039543152,2.4917055725381942e-06,55523060.0,0
983,4096.0,0.9088097214698792,0.9796894788742064,1.3619581018531337e-08,0.0007802328909747,512,320,0.3035598993301391,0.1506394296884536,38527013.0,0
647,2048.0,0.9417965412139891,0.9692105650901794,7.01758651189266e-08,1.658179644437041e-05,64,32,0.7397527694702148,0.0223849806934595,6774824.0,0
905,4096.0,0.903095841407776,0.950857937335968,7.853464722984428e-08,0.0002663052291609,64,512,0.1768603026866912,5.996103482175386e-06,30091242.0,0
125,4096.0,0.9179940819740297,0.980738878250122,1.1127581522885066e-08,0.0035723180044442,320,320,0.4879285991191864,0.1440795958042144,41461098.0,0
573,512.0,0.9282788634300232,0.978323221206665,2.68718611806662e-08,0.0002153502136934,32,256,0.1911072134971618,2.129538916051388e-05,1460058.0,0
709,4096.0,0.9752888679504396,0.96268892288208,3.0522625138473813e-07,3.5886499972548336e-05,192,32,0.6989135146141052,0.0045973351225256,45286280.0,0
48,4096.0,0.9361671209335328,0.9948140978813172,1.5503144368267385e-07,0.0002657810691744,64,512,0.6074765920639038,0.0009926616912707,20576856.0,0
1149,8192.0,0.9003992676734924,0.9981308579444884,9.30343901472952e-07,0.0217282697558403,192,256,0.1893409788608551,5.748008788941661e-06,119932970.0,1
327,2048.0,0.9406169056892396,0.9724880456924438,5.825747848575702e-07,0.0011455995263531,192,448,0.6802458763122559,0.0125557584688067,5985034.0,0
588,4096.0,0.9541635513305664,0.9595516324043274,3.2889573731154094e-08,0.0001680615532677,448,32,0.5495682954788208,1.0169935194426216e-05,38776703.0,0
1256,8192.0,0.957314908504486,0.9679965972900392,4.762376804023916e-08,0.0047406181693077,256,512,0.6781790256500244,0.002616190817207,88706168.0,0
1412,8192.0,0.970990777015686,0.9821057319641112,1.3236649465397934e-07,7.659525726921856e-05,192,128,0.6780822277069092,0.0003911798703484,70906692.0,0
213,512.0,0.9607852697372437,0.9761783480644226,5.556285600505362e-07,7.211038609966636e-05,192,192,0.4857113063335418,1.2617431366379606e-06,1711866.0,0
1289,8192.0,0.9219711422920228,0.9523213505744934,4.488748004405352e-07,2.3287630028789863e-05,192,320,0.3875437080860138,4.012823774246499e-05,116345060.0,0
81,2048.0,0.9380766153335572,0.95155668258667,4.303187495224847e-08,9.152435814030468e-05,384,32,0.4732999801635742,0.000347258610418,4930942.0,0
660,2048.0,0.9847290515899658,0.9581198692321776,3.5231107631261693e-07,6.348703755065799e-05,64,192,0.1781255453824997,0.0020842305384576,5218060.0,0
1402,8192.0,0.9236791729927064,0.9841559529304504,3.605702829645452e-07,0.0026621702127158,320,512,0.7174752354621887,3.030994776054285e-05,73762710.0,0
267,512.0,0.9829652905464172,0.9800330996513368,1.818039940815197e-08,0.0097659975290298,64,128,0.0645502656698226,0.0001688627526164,1799068.0,0
1186,8192.0,0.9782578945159912,0.9619273543357848,9.722501772557737e-07,2.4073602617136203e-05,512,128,0.6210117340087891,0.0523798130452632,104570622.0,0
123,512.0,0.9707135558128356,0.9823510646820068,1.4634018441483933e-08,1.0673054930521175e-05,32,64,0.5817351341247559,0.0006175261805765,2964368.0,0
1034,8192.0,0.9466778039932252,0.9833389520645142,9.620986247682597e-07,0.0100784208625555,256,64,0.0588073432445526,5.167909421288641e-06,117760250.0,0
1083,8192.0,0.9309536218643188,0.9840825200080872,2.705511690237472e-07,0.0271389763802289,128,448,0.7428908348083496,0.0338038280606269,96307965.0,0
1348,8192.0,0.9411874413490297,0.9811882376670836,4.339180392776144e-08,0.0053448807448148,512,256,0.127171441912651,5.774618330178782e-06,92677088.0,0
521,2048.0,0.9119567275047302,0.9567641615867616,6.78002152199042e-08,0.0058423341251909,32,192,0.1874228417873382,0.0002115300449077,10129216.0,0
1227,4096.0,0.9523216485977172,0.9648385047912598,4.399871329496818e-07,0.0010941242799162,128,448,0.1708242148160934,2.610039155115373e-05,63884106.0,0
154,2048.0,0.9654660820961,0.9635900855064392,1.30091883931982e-08,0.0180723275989294,256,256,0.2663283944129944,2.660051904967986e-06,13764243.0,1
261,2048.0,0.9112370610237122,0.9588411450386048,1.8566895576555e-08,0.0032820927444845,320,384,0.7345687747001648,3.951494363718666e-06,9402036.0,0
32,4096.0,0.9620911478996276,0.975727677345276,2.4279065868881844e-08,1.4724517313879916e-05,384,32,0.2212886810302734,0.0077454694546759,45223640.0,0
444,4096.0,0.9374885559082032,0.9510260224342346,4.847597878665511e-08,0.0038657567929476,32,128,0.5299972295761108,5.182651875657029e-06,28783145.0,0
300,4096.0,0.9047191739082336,0.962166666984558,1.1175908198879373e-08,0.0001852782588684,512,64,0.3337307274341583,3.267739884904586e-05,20235504.0,0
1423,4096.0,0.9431823492050172,0.980296790599823,3.9659934714109113e-07,0.0002108517073793,128,64,0.2033159583806991,0.0053625721484422,67990692.0,0
198,4096.0,0.9547717571258544,0.9769254326820374,5.942135317127395e-07,0.0416234545409679,32,256,0.2058180570602417,0.0717901885509491,17549022.0,0
1108,8192.0,0.9295250177383424,0.9612966775894164,2.1273860895121288e-08,0.0021605396177619,384,128,0.0058449804782867,5.542636790778488e-05,98546958.0,0
948,2048.0,0.931225597858429,0.976115584373474,2.263445253447572e-07,0.0021801029797643,64,512,0.0755141079425811,4.59517605122528e-06,5056678.0,0
1454,8192.0,0.9489610195159912,0.9722785353660583,5.476991873365478e-07,0.0014969938201829,256,320,0.4476076960563659,1.976688508875668e-06,70786812.0,0
329,2048.0,0.9648898243904114,0.9923163056373596,4.900840622212854e-08,0.0005826309788972,192,384,0.383391261100769,0.1081267595291137,10390502.0,0
1223,8192.0,0.945681631565094,0.9540847539901732,1.5411005804821798e-08,0.0036284304223954,320,512,0.5817638039588928,2.310061972821132e-06,107638893.0,0
110,2048.0,0.9070789217948914,0.956441044807434,1.2012958627849455e-08,0.0341770239174366,32,64,0.6890164613723755,9.828565089264885e-05,6461894.0,0
381,512.0,0.9807772636413574,0.9728125333786012,9.16006257511981e-08,0.0012576160952448,384,256,0.6229363679885864,0.0229117386043071,1987620.0,0
622,4096.0,0.9120633006095886,0.9780238270759584,1.0972050290547489e-07,0.0048271366395056,32,192,0.6743279695510864,0.1261554956436157,29372465.0,0
1144,4096.0,0.9304009675979614,0.9679067730903624,3.986835395153321e-07,0.0046290797181427,512,128,0.6388751268386841,0.0002922016719821,66299130.0,0
281,4096.0,0.9810067415237428,0.9912580251693726,1.4871106124303424e-08,0.0013922824291512,384,32,0.2649118602275848,0.0275712572038173,26642970.0,0
614,512.0,0.9832329154014589,0.9836390018463136,4.282719316961449e-07,0.0254573300480842,320,128,0.4001862108707428,1.557239556859713e-06,2125110.0,1
12,512.0,0.9211530685424804,0.9897898435592652,8.333315690833842e-07,0.0002669088426046,448,192,0.0052873492240905,0.0002334387536393,2051494.0,0
326,4096.0,0.9238616228103638,0.9789910316467284,2.8826439901763482e-08,0.0001334231783403,64,64,0.5445926189422607,0.0828467532992363,41421569.0,0
859,2048.0,0.9489009380340576,0.9951341152191162,3.165489772527508e-07,0.0037872644606977,192,384,0.5465030670166016,0.0235807858407497,7858272.0,0
85,2048.0,0.967467963695526,0.952117919921875,2.246981409825821e-07,0.0010613884078338,128,384,0.465435266494751,0.0030737037304788,5157832.0,0
827,2048.0,0.9216320514678956,0.9614999294281006,1.888033729358085e-08,4.567160431179218e-05,32,32,0.18329519033432,0.0046436642296612,12070977.0,0
1311,4096.0,0.9329813122749328,0.9738635420799256,2.6032585864754765e-08,0.0001237691758433,512,320,0.3895177841186523,0.0523963496088981,63625608.0,0
392,4096.0,0.9201606512069702,0.9650714993476868,4.339120494023519e-07,0.0001037501569953,64,320,0.7026670575141907,2.894887074944563e-06,56813440.0,0
1029,8192.0,0.9802594184875488,0.95731782913208,2.492588464519941e-07,1.2113744560338093e-05,192,384,0.2568504810333252,0.0002500186965335,104518584.0,0
714,4096.0,0.96254563331604,0.966092586517334,1.0786832405074165e-07,1.8686172552406788e-05,320,128,0.4949513673782348,0.0139028094708919,34889952.0,0
743,2048.0,0.9342462420463562,0.9815286993980408,4.91044318096101e-07,0.0005058076931163,512,32,0.6628249287605286,4.038101451442344e-06,6481422.0,0
466,4096.0,0.9474668502807616,0.964075803756714,2.567827266375389e-07,5.864909326191992e-05,64,192,0.342011958360672,1.4055559631742651e-06,30244938.0,0
613,4096.0,0.9523240923881532,0.9982956647872924,1.2525497972148969e-08,0.0019131893059238,192,192,0.2481489479541778,0.0028198345098644,19438500.0,0
758,4096.0,0.9701554179191588,0.9979196786880492,9.554762669949925e-08,1.1661612006719224e-05,384,256,0.2844052910804748,2.3788518319634022e-06,37733367.0,0
876,4096.0,0.9761517643928528,0.9616665244102478,2.703508705792501e-08,0.0103695122525095,192,512,0.0024199336767196,0.0106680337339639,32548740.0,1
902,512.0,0.9034699201583862,0.9757331013679504,6.021210765538854e-07,3.713974729180336e-05,320,32,0.2127751260995865,3.309566409370745e-06,2053006.0,0
880,2048.0,0.9336204528808594,0.9718897938728333,5.00612529208411e-08,0.0010263501899316,64,32,0.4568657875061035,1.0455589745106408e-06,8173404.0,0
1114,8192.0,0.9693716168403624,0.9848838448524476,1.348212634866286e-07,9.595632582204416e-05,192,64,0.3989571332931518,0.002264724811539,80399144.0,0
695,512.0,0.9322061538696288,0.9708470106124878,2.6816973530685573e-08,0.0248090084642171,32,128,0.5028139352798462,4.776841706188861e-06,1657078.0,1
124,4096.0,0.9873340129852296,0.9958956241607666,1.4268870529576816e-08,0.0022289811167865,448,320,0.5534465312957764,0.007987474091351,20007564.0,0
1470,4096.0,0.9204444289207458,0.9760980010032654,8.203470542866853e-07,0.0370230339467525,320,512,0.1067920625209808,1.287042960029794e-05,63212616.0,1
989,2048.0,0.9861358404159546,0.9680466651916504,6.675887220808363e-08,0.0025760508142411,448,32,0.0902232080698013,1.6831705806907848e-06,9033054.0,0
1250,8192.0,0.9828581213951112,0.9889397621154784,5.5562615841608944e-08,0.0005022266996093,448,320,0.0362391918897628,1.2247294762346428e-05,86985552.0,0
985,2048.0,0.91596257686615,0.975830852985382,2.6200705605106133e-08,0.0052939914166927,128,384,0.6325629949569702,4.04678939958103e-05,9406884.0,0
920,4096.0,0.9466975927352904,0.9702481627464294,2.3442883190227803e-08,0.0069555095396935,128,384,0.519733726978302,0.0201386362314224,26902260.0,0
1044,4096.0,0.904917538166046,0.9584792256355286,4.825755013371236e-07,0.005229159258306,320,384,0.7227367758750916,0.0464116968214511,65192772.0,0
1036,8192.0,0.9248188138008118,0.9837218523025512,6.685520048677064e-08,0.0005749480915255,64,192,0.6073696613311768,2.639878766785841e-05,108153910.0,0
334,2048.0,0.9035165905952454,0.9641786813735962,1.4508065859786257e-08,0.0007960143266245,256,32,0.5667333006858826,0.0009313715272583,9841512.0,0
1094,8192.0,0.9810476303100586,0.9951549172401428,6.344397007751469e-08,0.0006636069156229,384,192,0.1253570169210434,0.0052470681257545,80962350.0,0
257,2048.0,0.9176608920097352,0.9794469475746156,4.269089259878456e-08,0.0051633580587804,64,192,0.1873278468847274,1.1281988463451853e-06,8955568.0,0
680,4096.0,0.9214247465133668,0.9814314246177672,1.3765236417384585e-07,0.0005694359424524,64,32,0.7263368964195251,1.0941304253719863e-06,54142370.0,0
909,512.0,0.9488944411277772,0.950988233089447,2.840808406290307e-07,0.031265664845705,192,32,0.0316940993070602,0.0004373480333015,981010.0,0
255,2048.0,0.979109525680542,0.9728984832763672,3.649566338026489e-07,0.0002465738798491,64,384,0.71788489818573,2.3101390524971066e-06,7863854.0,0
1393,4096.0,0.97042715549469,0.9899466633796692,1.5462892122286578e-07,0.0014870186569169,64,320,0.4590083062648773,4.9710797611624e-05,68389854.0,0
116,2048.0,0.949834406375885,0.9553133249282836,6.212397920535295e-07,0.0001072933300747,192,64,0.5135079622268677,0.0012684379471465,4802754.0,0
579,4096.0,0.9432649612426758,0.963375687599182,1.1328159388312997e-07,0.011891396716237,64,32,0.2249947339296341,0.0006373978103511,38267992.0,0
491,2048.0,0.9005485773086548,0.9645177125930786,1.028359974952764e-08,5.5055228585843e-05,256,128,0.6334021091461182,0.0026818283367902,8005822.0,0
477,4096.0,0.9613730907440186,0.9547695517539978,6.257832865230739e-07,2.025959838647396e-05,256,256,0.5694968104362488,4.348849870439153e-06,51699465.0,0
1069,4096.0,0.9326297640800476,0.975354552268982,7.28795839677332e-07,0.0027128222864121,512,320,0.3399051427841186,4.188736420474015e-05,64988202.0,0
247,512.0,0.9829554557800292,0.9506080150604248,2.01525995890961e-08,0.0074911643750965,64,32,0.0451316535472869,5.370317467168206e-06,2159568.0,0
104,4096.0,0.928107976913452,0.9956152439117432,8.172968932740332e-07,0.0004121376259718,32,64,0.5757010579109192,0.0033152196556329,22740840.0,0
1365,8192.0,0.9483479261398317,0.9625803232192992,1.3996836578655802e-08,0.0128512792289257,192,32,0.0791763067245483,4.719690878118854e-06,74119822.0,0
1092,8192.0,0.9286087155342102,0.9749882817268372,1.0653843673935628e-07,0.0039920387789607,256,192,0.0970644056797027,0.0036348255816847,104428638.0,0
192,4096.0,0.9329554438591005,0.9728965759277344,1.8091284914589778e-07,0.0079461419954895,384,128,0.5702059268951416,8.902961781132035e-06,44829472.0,0
536,4096.0,0.9279038906097412,0.9797109365463256,2.9297220294211e-07,3.568841202650219e-05,128,448,0.1842517554759979,1.8881274854720689e-06,38321976.0,0
783,512.0,0.9523550271987916,0.959595024585724,5.6214783938912673e-08,0.0034408504143357,512,320,0.6110634803771973,0.0037413267418742,2029042.0,0
1308,8192.0,0.9471207857131958,0.9590560793876648,3.5239307294432365e-07,0.0237221326678991,128,64,0.1471302509307861,0.0153851183131337,70984494.0,0
5,4096.0,0.935051202774048,0.9654356837272644,1.716584989708281e-07,0.0002062911080429,64,512,0.0046241283416748,7.271415233844891e-05,23718000.0,0
72,2048.0,0.9417716264724731,0.9751042127609252,6.207283576031841e-08,0.0077654724009335,320,384,0.5132209658622742,0.1876967102289199,9042574.0,0
1151,8192.0,0.9269643425941468,0.9651345610618592,5.113586780680635e-07,2.694745489861816e-05,320,128,0.6691115498542786,6.174763711896958e-06,72942128.0,0
252,2048.0,0.9781464338302612,0.9928597211837769,2.918884547398193e-07,1.627964957151562e-05,32,32,0.0455772131681442,2.548290467530024e-06,11632156.0,0
742,4096.0,0.9809274077415466,0.9988934397697448,1.1389080611934332e-07,0.0173607133328914,448,320,0.5512298345565796,1.1735988891814486e-06,36316980.0,1
1430,8192.0,0.9260209202766418,0.9924447536468506,1.086455228005434e-07,0.0006541961920447,192,256,0.3883734941482544,2.6267507564625703e-06,108590050.0,0
468,2048.0,0.962881863117218,0.976168930530548,8.799825934602269e-08,0.0009657877963036,384,32,0.437918484210968,0.0002388299180893,9437428.0,0
1085,8192.0,0.9619767665863036,0.9988097548484802,1.7494361514991397e-08,2.469825449225027e-05,192,32,0.1737664192914962,0.0051217279396951,116776370.0,0
1105,8192.0,0.9566915035247804,0.9925655722618104,1.9279333685062738e-07,0.0012095557758584,128,64,0.3923540711402893,1.7572341675986536e-05,106222950.0,0
553,2048.0,0.98219895362854,0.9591672420501708,6.190022361352021e-08,1.7606023902771994e-05,32,32,0.2396169751882553,0.1234008148312568,6505184.0,0
340,4096.0,0.9624525904655457,0.9715896248817444,2.461229975381229e-08,0.0004686335450969,384,384,0.6014399528503418,1.6221927126025548e-06,43627064.0,0
266,4096.0,0.9252969026565552,0.9749232530593872,1.017248578705221e-07,0.0058915517292916,192,320,0.2990626692771911,0.0003017576236743,59025940.0,0
319,512.0,0.9686436653137208,0.9699746370315552,3.92347942579363e-07,2.3851160221965984e-05,32,448,0.4403814673423767,1.099754899769323e-05,2475840.0,0
1422,8192.0,0.9546633958816528,0.9971575736999512,8.437265250904602e-07,0.005402454175055,192,448,0.1549055278301239,0.0002065929147647,107123085.0,0
1102,8192.0,0.9434437155723572,0.9734395146369934,5.992107077190667e-08,0.0352057740092277,32,320,0.0625518858432769,0.1129500046372413,104691123.0,1
1011,8192.0,0.9280213713645936,0.9743179082870485,1.1985060055508256e-08,3.662121525849216e-05,64,384,0.701959490776062,0.0018863242585211,119403710.0,0
1241,8192.0,0.9770984053611756,0.962543487548828,1.1763161111844056e-08,0.0009026710758917,320,320,0.1646383702754974,0.1599790900945663,74737068.0,0
348,2048.0,0.9703623056411744,0.9937188625335692,8.578158627869925e-08,0.0007277891854755,64,512,0.371656984090805,4.273234299034812e-05,7277184.0,0
777,2048.0,0.9048242568969728,0.975762128829956,1.549486654539578e-07,0.0062576993368566,192,128,0.6147018074989319,0.0168697293847799,6129798.0,0
999,4096.0,0.9318838119506836,0.995125651359558,1.4621937438619172e-08,0.0258877724409103,32,64,0.3256233036518097,7.391796316369437e-06,42931896.0,0
729,4096.0,0.9010194540023804,0.9597573280334472,1.264323046257232e-08,1.78710379259428e-05,192,128,0.1728154420852661,0.0898274704813957,17951082.0,0
1357,8192.0,0.9235637187957764,0.9593063592910768,3.704950017890951e-07,1.4247394574340431e-05,448,256,0.1871949434280395,1.9845101633109152e-06,99489168.0,0
9,4096.0,0.967900276184082,0.974153995513916,5.789536885458801e-07,2.366927219554782e-05,192,32,0.6089562773704529,2.206659473813488e-06,27891480.0,0
982,2048.0,0.9479864239692688,0.9552313089370728,3.2106140679388773e-07,1.6227195374085568e-05,32,192,0.4941562414169311,0.0001923633244587,3572548.0,0
1297,8192.0,0.9881158471107484,0.9812114238739014,1.0881599621370697e-07,1.428629366273526e-05,64,448,0.6278670430183411,2.387180029472802e-05,82652766.0,0
860,4096.0,0.9465381503105164,0.9847990870475768,1.2750780875592229e-08,0.0001862682693172,64,192,0.5623468160629272,0.0003977419401053,39421648.0,0
580,2048.0,0.938904881477356,0.958328366279602,3.023517081146565e-07,0.0027896589599549,384,32,0.3287334144115448,0.0010682041756808,4415634.0,0
1096,8192.0,0.9186028242111206,0.965285062789917,1.0422780860608329e-07,0.0026206532493233,128,384,0.1552783995866775,0.0658939033746719,108724970.0,0
253,4096.0,0.9797529578208924,0.9820197224617004,1.463405396862072e-07,0.0029222606681287,512,128,0.3867778182029724,0.0057229329831898,27703925.0,0
535,4096.0,0.9017726182937622,0.9970886707305908,7.293096473404148e-07,3.365923839737661e-05,64,320,0.5212286710739136,0.0560102127492427,20199360.0,0
14,4096.0,0.922819435596466,0.9906257390975952,2.242360608306626e-08,3.932072650059126e-05,320,128,0.3035789430141449,1.5025031643745024e-05,25710880.0,0
239,4096.0,0.9693732857704164,0.9855382442474364,1.574304775431301e-07,0.0021851079072803,32,256,0.1228216141462326,0.1095082089304924,38925761.0,0
288,4096.0,0.9101855158805848,0.987321674823761,5.729818894906202e-07,0.0001606092700967,320,256,0.6357350945472717,0.0965799391269683,24373675.0,0
888,4096.0,0.9592329263687134,0.9531940817832948,4.73717136628693e-07,0.0001255312381545,320,256,0.078046828508377,0.0106534752994775,46866000.0,0
1346,8192.0,0.9377395510673524,0.985832452774048,1.726685781022752e-07,0.0037463197950273,192,320,0.1327564716339111,0.1652002036571502,76224792.0,0
439,2048.0,0.9073156118392944,0.9537843465805054,1.6982948380928065e-08,2.534435770940036e-05,192,64,0.3669252097606659,0.0111216958612203,6665890.0,0
533,2048.0,0.9319378733634948,0.9960970282554626,5.306053481035633e-07,0.0011665188940241,320,32,0.3852332234382629,0.0004898972110822,5140898.0,0
745,2048.0,0.9889791011810304,0.9728335738182068,7.907843837529072e-07,0.001187025452964,128,32,0.449052482843399,0.0030985763296484,5315140.0,0
1101,8192.0,0.9731152057647704,0.980421543121338,2.7036891836473842e-08,0.0015197010943666,448,64,0.5805891156196594,0.001372400089167,84955480.0,0
685,2048.0,0.9896178245544434,0.9603399634361268,6.346627401399019e-07,0.0007169914897531,128,384,0.446647971868515,0.0231850873678922,10288928.0,0
997,4096.0,0.9511831402778624,0.9878365993499756,1.1238475039476724e-08,0.0022299750708043,32,128,0.0626134872436523,1.6056033928180113e-05,44784744.0,0
962,512.0,0.9214980006217957,0.993612825870514,1.7658123852015706e-08,7.599012315040454e-05,32,32,0.5896716117858887,1.838855860114564e-05,1343688.0,0
1047,8192.0,0.9014606475830078,0.9653319120407104,1.860184717372704e-08,0.0007571646710857,384,448,0.1476885080337524,0.0013346263440325,82156487.0,0
693,2048.0,0.9782605171203612,0.9519617557525636,1.00547595138778e-07,0.0072487923316657,192,32,0.6344058513641357,1.4577224646927787e-05,4552312.0,0
1039,8192.0,0.9126073122024536,0.9643574953079224,1.9966654107861362e-08,0.0001892033615149,32,320,0.32596355676651,0.0410062111914157,110099290.0,0
1399,4096.0,0.911865770816803,0.9681684970855712,8.816748504614225e-07,5.522450010175817e-05,192,256,0.3902813196182251,0.0003083620104007,62931468.0,0
953,4096.0,0.9073980450630188,0.9703652262687684,7.418961445182504e-07,0.001208615489304,512,128,0.1572148203849792,2.215279209849541e-06,14839956.0,0
1495,8192.0,0.9018396139144896,0.963352382183075,2.0636093722714577e-08,0.0089466171339154,256,192,0.1762762516736984,0.1555883735418319,72752519.0,0
1472,8192.0,0.9394945502281188,0.9878848195075988,1.7283069553286628e-07,0.0209573898464441,256,64,0.7235076427459717,0.0001446551468688,93026056.0,0
1189,8192.0,0.9331015348434448,0.9792007803916932,1.977526551399933e-07,8.060575783019885e-05,448,512,0.3062046766281128,1.0847636076505296e-05,117791740.0,0
1333,8192.0,0.9453097581863404,0.9764924645423888,9.446563353776585e-08,0.0001153202319983,64,320,0.6316235065460205,0.0338444039225578,101818422.0,0
473,2048.0,0.9258188009262084,0.9774429202079772,1.5309723266909714e-08,4.322789391153492e-05,32,512,0.6254041194915771,1.1356419236108195e-06,3671914.0,0
1208,4096.0,0.9257247447967528,0.9837430715560912,2.168615793607387e-07,0.0003199694328941,512,32,0.1852546334266662,0.0009727621800266,62446632.0,0
1446,8192.0,0.9099273681640624,0.9930545091629028,4.647345122066327e-07,0.0094485469162464,128,320,0.0969531834125518,1.7206079974130262e-06,94556152.0,0
1476,8192.0,0.9171766638755798,0.9673770666122437,7.110539712584797e-08,0.0005136409890837,128,384,0.2603904604911804,0.0035451774019747,76748616.0,0
960,4096.0,0.9027913212776184,0.9911764860153198,1.4143092919027822e-08,2.382894672336988e-05,64,192,0.2218309789896011,1.6226158550125547e-05,40081685.0,0
223,2048.0,0.9158430695533752,0.9765172600746156,6.841371487098513e-07,0.0019908759277313,512,64,0.6121302247047424,0.0254630353301763,5641786.0,0
218,4096.0,0.976068913936615,0.9561244249343872,3.8575052485612105e-07,0.0003069305384997,128,128,0.6096760034561157,0.0104478169232606,15503808.0,0
7,2048.0,0.9843525886535645,0.9566428661346436,2.9261869372021465e-07,0.0031134521123021,448,32,0.690858781337738,0.0090904403477907,10693108.0,0
2,4096.0,0.939552128314972,0.975070059299469,2.05681516263212e-08,0.0024844072759151,320,32,0.0703612715005874,0.0003982668858952,47481472.0,0
678,2048.0,0.9555275440216064,0.9960711002349854,3.26152687080139e-08,0.0022207463625818,32,448,0.0073816180229187,0.0301304440945386,12824862.0,0
712,2048.0,0.9258572459220886,0.992051362991333,1.5755746929357883e-08,4.115482806810178e-05,448,192,0.6223254203796387,0.0001205115913762,11707312.0,0
181,2048.0,0.9857863187789916,0.9579062461853028,1.4327129349567258e-07,0.001838578027673,128,192,0.127326026558876,0.0186472311615943,11933170.0,0
1032,8192.0,0.9560189247131348,0.9554083347320556,2.361542925655158e-07,0.0001595117500983,64,64,0.5355942845344543,0.0002747882972471,102832947.0,0
826,2048.0,0.903805375099182,0.974668025970459,4.7353665877381e-08,0.0010804733028635,384,384,0.6085948348045349,0.0019681355915963,4568826.0,0
618,2048.0,0.9231488704681396,0.9979633092880248,5.2606331735205465e-08,0.0002864472626242,128,128,0.6128820776939392,0.0003767833986785,9369876.0,0
780,4096.0,0.9022136926651,0.9803157448768616,2.0805998701689532e-08,3.427028423175216e-05,64,32,0.6190658807754517,4.964387699146755e-06,48255129.0,0
1078,8192.0,0.9552000164985656,0.9740328192710876,4.4770317231268564e-08,1.414811958966311e-05,256,256,0.1309588104486465,0.0607589222490787,71543040.0,0
821,512.0,0.959567129611969,0.9855000972747804,9.46288309933152e-08,0.0002048263268079,384,32,0.6589243412017822,0.0002735220768954,2603734.0,0
316,2048.0,0.9094667434692384,0.9817524552345276,3.852779073554302e-08,0.0145588656887412,192,64,0.0815656632184982,0.0357386358082294,11561670.0,0
1497,8192.0,0.9833000302314758,0.9868531227111816,1.446724553488821e-07,4.282356167095713e-05,320,512,0.189906433224678,0.001949587254785,87323688.0,0
1385,8192.0,0.91801780462265,0.9836961030960084,1.0671796779604392e-08,0.0013762862654402,320,192,0.1542558521032333,0.0001967578282346,70712694.0,0
1319,8192.0,0.9033687710762024,0.9534223079681396,1.1252266673977829e-08,0.0087961396202445,448,448,0.4693652093410492,0.1293304711580276,111411920.0,0
312,4096.0,0.9415323734283448,0.9687078595161438,6.211396339494968e-07,0.0004162198456469,64,384,0.0311919450759887,0.0160968862473964,25729015.0,0
1150,4096.0,0.9217138290405272,0.9850476384162904,1.74758767457206e-07,0.0057935058139264,512,512,0.434361845254898,1.120581873692572e-05,68550564.0,0
838,4096.0,0.9792423248291016,0.9877562522888184,1.1275292877144238e-07,0.0446127541363239,384,128,0.391059935092926,0.0023751412518322,14737959.0,1
1003,8192.0,0.9383901357650756,0.9773468375205994,2.123271514165026e-08,6.657814810751006e-05,384,320,0.3307075500488281,0.0211084503680467,72644999.0,0
105,2048.0,0.9588374495506288,0.9788614511489868,3.7521044049526615e-08,7.791275857016444e-05,192,512,0.4998446702957153,2.9873988296458265e-06,6423380.0,0
324,4096.0,0.9483732581138612,0.9516939520835876,1.7775577987322325e-07,0.0385595187544822,64,384,0.4693269729614258,0.0030096110422164,33321024.0,1
790,4096.0,0.9307803511619568,0.991560161113739,4.158059851988583e-08,0.0051150601357221,320,512,0.1444709748029709,0.0041589308530092,42990224.0,0
998,4096.0,0.9600234627723694,0.9734484553337096,8.022276460906141e-07,0.0003936607099603,384,64,0.3749504685401916,0.0009050820954144,19834272.0,0
1217,8192.0,0.941669225692749,0.9813002347946168,2.089297908014487e-07,1.4251634638640098e-05,32,512,0.4828101992607116,0.0001372101105516,86178632.0,0
180,4096.0,0.9165971279144288,0.9942460060119628,1.6608090902536787e-08,0.0297701712697744,32,256,0.6952989101409912,0.0001208575631608,51148575.0,1
844,2048.0,0.9347883462905884,0.9956400394439696,2.0666343303332724e-08,0.0099401837214827,64,32,0.2457489520311355,8.949074072006624e-06,14232912.0,0
120,512.0,0.9435707330703736,0.9594913721084596,1.0190837684831425e-07,0.0007413961575366,512,256,0.6647658944129944,4.43865756096784e-05,3325792.0,0
1158,8192.0,0.9044786095619202,0.9593626260757446,1.1151038314949346e-08,2.184991171816364e-05,192,192,0.1798654943704605,0.1940684169530868,80832759.0,0
264,2048.0,0.9572715759277344,0.9527769088745116,3.866484519221558e-07,2.7708414563676342e-05,128,384,0.4935606122016907,0.0179448947310447,12182586.0,0
144,4096.0,0.9692846536636353,0.9789735078811646,1.7371798222143298e-08,0.0018331129103899,256,128,0.2836760878562927,0.0005568516207858,37011121.0,0
418,4096.0,0.9310920238494872,0.9828841090202332,1.2971328899880064e-08,8.394471660722047e-05,32,128,0.1461740434169769,6.118790770415217e-05,32336634.0,0
359,512.0,0.9582927823066713,0.9988665580749512,3.0923011706818215e-08,0.0013476973399519,64,320,0.3831425905227661,0.0005518228281289,1852514.0,0
234,4096.0,0.9401741027832032,0.9597310423851012,1.564596274761243e-08,0.0078343832865357,320,32,0.0762107670307159,1.875445036603196e-06,56174460.0,0
597,4096.0,0.939914345741272,0.9769604206085204,5.336913773135166e-07,0.0017998461844399,384,64,0.0412337779998779,0.0091143557801842,49559895.0,0
857,512.0,0.9354344606399536,0.9884693622589112,1.6685190473708644e-07,0.0023688187357038,64,192,0.1949064284563064,9.069155203178524e-05,1722662.0,0
823,512.0,0.936146080493927,0.9618224501609802,1.249774417289018e-08,0.0002217653236584,512,64,0.0656780451536178,0.1591734290122985,1879334.0,0
243,2048.0,0.9238179922103882,0.9922501444816588,1.2809802285573826e-07,1.1962389180553146e-05,512,32,0.4473425149917602,6.242517429200234e-06,8974664.0,0
19,4096.0,0.9160237312316896,0.974476397037506,1.742326460885124e-08,8.028660522541031e-05,192,64,0.3528659641742706,0.0189179014414548,46656416.0,0
1498,4096.0,0.92622709274292,0.976524531841278,6.57444672924612e-07,1.9235882064094767e-05,192,192,0.1711333394050598,0.0001194501019199,63654870.0,0
773,2048.0,0.9855205416679382,0.9800970554351808,1.6564213112246762e-08,0.0001335832203039,256,448,0.2687022686004638,2.257896085211541e-05,8460038.0,0
395,4096.0,0.9195833802223206,0.9795041084289552,3.2917185421865724e-08,0.0114398756995797,320,384,0.1508588790893554,0.0014903742121532,21667436.0,0
1237,8192.0,0.9404446482658386,0.961288034915924,2.961158429570787e-08,0.0004021835047751,64,192,0.0637780129909515,0.0019041445339098,89156984.0,0
1061,8192.0,0.9610136151313782,0.9545465707778932,1.6122955415198703e-08,2.5451998226344585e-05,320,64,0.6776973605155945,0.039861723780632,103376862.0,0
802,512.0,0.903960645198822,0.9563000202178956,1.7714526734380346e-08,0.0004454702429939,320,32,0.0026345551013946,4.498830094235018e-06,3047860.0,0
757,4096.0,0.9392225742340088,0.9820179343223572,3.4312338925701624e-07,8.692376286489889e-05,64,384,0.1799782812595367,2.754057277343236e-05,53358381.0,0
1071,4096.0,0.9074771404266356,0.9554373621940612,6.948540232087907e-08,0.0018786235013976,192,192,0.0995436161756515,3.104266579612158e-05,69446388.0,0
765,2048.0,0.965058207511902,0.962397038936615,1.53309667183521e-08,0.0357696302235126,256,256,0.691774845123291,6.314084657788044e-06,9965102.0,1
1095,8192.0,0.9787580370903016,0.9726098775863647,3.909398458290525e-07,0.0004902860382571,192,192,0.5873849391937256,0.006966273766011,91060488.0,0
1433,8192.0,0.9403019547462464,0.9724395871162416,6.306008515366558e-08,1.69601207744563e-05,192,512,0.2428307086229324,9.027265150507446e-06,84975544.0,0
1143,8192.0,0.978024125099182,0.9617807269096376,2.6686809206921683e-08,0.0001684934104559,192,192,0.5661160349845886,0.0002779263886623,104327199.0,0
615,2048.0,0.9153156876564026,0.9988648891448976,1.855124942551356e-08,0.0002847341238521,192,32,0.1442660093307495,0.0534320697188377,3947664.0,0
513,4096.0,0.9731708765029908,0.9957258105278016,7.36606523332739e-07,1.38609939313028e-05,320,128,0.0362309664487838,0.0001953339087776,21181108.0,0
879,512.0,0.9556375741958618,0.9931798577308656,5.722203511027146e-08,0.0016838017618283,64,384,0.3539154231548309,2.7599323857430136e-06,2240088.0,0
1438,8192.0,0.9319164156913756,0.9810878038406372,5.368985611653444e-08,0.0017583254957571,192,128,0.4911063909530639,0.0021586632356047,93885992.0,0
581,512.0,0.9059086441993712,0.9535797238349916,2.960448455269216e-07,0.0005999057902954,32,192,0.1603566259145736,0.000150749576278,2630734.0,0
954,512.0,0.90065997838974,0.9922245144844056,3.762983880051252e-08,0.0189199056476354,32,32,0.0535957664251327,1.2412087926350068e-05,2333200.0,0
317,4096.0,0.9115656614303588,0.957277536392212,4.200973648949002e-07,0.0003055217384826,32,384,0.5285481214523315,0.0128970379009842,18049840.0,0
571,4096.0,0.9551514387130736,0.9837976694107056,4.898786869489413e-07,0.0007131025195121,320,384,0.4450546503067016,0.0009044138132594,22011192.0,0
853,4096.0,0.9282532334327698,0.9804882407188416,8.343960189449717e-08,0.0087082162499427,512,128,0.1703979223966598,0.0002922069688793,18181208.0,0
702,4096.0,0.9040809869766236,0.9589679837226868,6.79089282584755e-08,0.0099093606695532,320,32,0.5856932401657104,8.063027780735865e-05,18088500.0,0
1142,8192.0,0.9865747094154358,0.9539819359779358,5.2378055670487824e-08,0.0285208374261856,128,64,0.5169036984443665,0.003705010516569,107774037.0,0
720,4096.0,0.96131032705307,0.9874699115753174,2.089882755740291e-08,0.0008325019734911,128,384,0.6408007144927979,3.273274387538549e-06,23801340.0,0
1093,8192.0,0.9453545808792114,0.9791643619537354,2.10951043300156e-08,0.0002573887177277,128,128,0.7063857316970825,4.387065018818248e-06,70427772.0,0
362,2048.0,0.9261126518249512,0.9739734530448914,4.2329372718086233e-07,0.0198244862258434,32,256,0.1611283421516418,5.6143207984860055e-06,4452078.0,0
633,4096.0,0.9765568375587464,0.9964908361434937,1.6168193894827713e-08,0.0059289098717272,256,256,0.3560764789581299,9.937699360307306e-05,17666274.0,0
151,512.0,0.985748052597046,0.9972275495529176,3.687191849621741e-07,0.0007555208285339,32,192,0.0489103496074676,0.000577485829126,718272.0,0
156,4096.0,0.975958287715912,0.9632131457328796,6.542095576378415e-08,3.894053588737734e-05,32,32,0.2872796058654785,0.146099179983139,53516538.0,0
321,4096.0,0.958473026752472,0.9685349464416504,4.823027097700106e-07,0.020553957670927,32,128,0.6903095245361328,0.0986494049429893,29702985.0,0
1303,8192.0,0.9331246018409728,0.9824534058570862,2.7578732897382e-07,0.0498898737132549,32,64,0.1356807947158813,0.0003566056548152,95519352.0,0
13,512.0,0.9215642213821412,0.9776845574378968,7.18259229870455e-08,0.000299912848277,192,192,0.6959601640701294,0.003645681310445,1591938.0,0
11,4096.0,0.9192207455635072,0.9936429858207704,1.4649740975869465e-08,7.063193334033713e-05,256,32,0.146356388926506,0.0001809079403756,28236845.0,0
562,4096.0,0.9773359298706056,0.9803539514541626,1.1960716861381115e-08,0.0274553336203098,256,32,0.7027463316917419,0.0022129642311483,24612405.0,1
370,2048.0,0.906633734703064,0.9839931726455688,1.034577365999212e-07,0.0066665867343544,64,32,0.2360596507787704,0.0064115268178284,3725734.0,0
1077,8192.0,0.9176874160766602,0.9576581716537476,6.002321839559954e-08,4.17822775489185e-05,384,256,0.4554059505462646,0.0103117376565933,105911199.0,0
673,2048.0,0.950681746006012,0.9973411560058594,1.08414091926079e-07,0.0002110774512402,256,448,0.2252963036298751,0.0011982284486293,10341296.0,0
1262,8192.0,0.95168137550354,0.9531028866767884,2.0022753233206465e-08,0.0002091511996695,128,320,0.0593873262405395,0.0221690479665994,106452819.0,0
1215,8192.0,0.9606550335884094,0.9716553092002868,3.339291865245286e-08,0.0154764531180262,128,512,0.6624890565872192,4.14215937780682e-05,104086089.0,0
732,512.0,0.9723543524742126,0.9621240496635436,4.326444980051748e-08,0.0062649007886648,384,32,0.0102930217981338,0.001160682993941,2020408.0,0
596,512.0,0.931390941143036,0.9739788174629213,5.117557861922251e-07,0.0014693237608298,32,128,0.1363516598939895,0.0118328658863902,2940158.0,0
924,2048.0,0.965827226638794,0.977765679359436,6.487994141934905e-07,0.0030764939729124,64,384,0.4999421834945678,0.0004601190448738,12137388.0,0
878,2048.0,0.9604252576828004,0.9509064555168152,1.6612027309292898e-07,0.0151257794350385,32,448,0.6582374572753906,0.0032777087762951,12876921.0,1
1173,8192.0,0.9596553444862366,0.958415687084198,5.255164978734683e-07,0.000121415083413,256,320,0.2078783959150314,0.0001470106508349,75651520.0,0
71,512.0,0.9747830629348756,0.9701761603355408,1.228217882953686e-08,0.000437860522652,256,192,0.448616087436676,0.0515428110957145,1784640.0,0
179,512.0,0.9663881063461304,0.9730678796768188,1.0772686209747917e-07,1.965979208762292e-05,32,512,0.5298783779144287,0.0030439724214375,924802.0,0
422,4096.0,0.9119672775268556,0.9659227728843688,2.5947322512820392e-08,5.561290527111851e-05,32,64,0.2722913026809692,1.1725657714123372e-05,36661415.0,0
725,2048.0,0.9555522203445436,0.990818977355957,4.673069042837597e-07,0.0169538799673318,64,512,0.1732200980186462,0.007868860848248,5688022.0,1
228,4096.0,0.976701557636261,0.9887880086898804,8.260071808763314e-07,0.005339503288269,384,448,0.5746856927871704,2.792073928503669e-06,49923972.0,0
906,2048.0,0.9150217175483704,0.9766896963119508,1.3793982844845232e-08,0.000331607501721,192,384,0.5785601139068604,0.0054661547765135,14422968.0,0
456,4096.0,0.9149974584579468,0.9917318820953368,8.662030381856312e-07,0.0124229956418275,192,256,0.2203292101621627,0.0008604550384916,30050466.0,0
932,2048.0,0.9082124829292296,0.9578933715820312,3.3867774362761345e-08,0.0059196301735937,384,32,0.4468632936477661,7.479584837710718e-06,14420877.0,0
529,4096.0,0.9438319206237792,0.973183572292328,3.64028522881199e-07,1.281901768379612e-05,128,384,0.1860775798559188,0.0083864945918321,20975808.0,0
664,512.0,0.965986967086792,0.9716015458106996,1.3145826649463288e-08,0.0304269697517156,128,384,0.5645552277565002,0.0002165133046219,800658.0,1
309,2048.0,0.9007627367973328,0.9693282842636108,9.60852943876489e-08,0.0014635458355769,384,192,0.6079461574554443,0.0026356289163231,3613716.0,0
519,2048.0,0.9209076762199402,0.9711288809776306,3.689961758368554e-08,2.859577216440812e-05,128,384,0.3148995041847229,0.0368681773543357,7114598.0,0
1187,8192.0,0.9664458632469176,0.9580477476119996,3.570599105273686e-08,3.170892159687355e-05,448,448,0.153547391295433,0.0001129909869632,72852689.0,0
341,2048.0,0.9326786994934082,0.9897010922431946,3.4363031886641693e-07,1.2706044799415396e-05,128,128,0.1729068607091903,0.1634302586317062,6321304.0,0
1259,8192.0,0.9467525482177734,0.98692125082016,2.615196592614666e-07,0.0002414472983218,384,256,0.2750692069530487,0.0263963602483272,90644744.0,0
1075,8192.0,0.915065050125122,0.9918644428253174,1.6767939925443898e-08,4.662794890464284e-05,64,192,0.3429150581359863,1.0713336450862698e-05,84710776.0,0
1204,8192.0,0.9061224460601808,0.9582138061523438,5.957182338534039e-07,0.0208272337913513,32,512,0.4448339939117431,4.288527634344064e-05,74542832.0,1
631,4096.0,0.9156171083450316,0.978343665599823,5.7235901351759854e-08,1.1268757589277811e-05,64,128,0.3681164979934692,0.0762464180588722,53490645.0,0
165,2048.0,0.9488112926483154,0.9911138415336608,1.3167206880382313e-08,0.0009711192105896,256,512,0.0017428547143936,0.0048624915070831,4562828.0,0
1306,8192.0,0.9751417636871338,0.9712997078895568,2.9106496768349643e-08,0.0166125372052192,384,256,0.7295587062835693,0.0042707286775112,84069856.0,0
830,2048.0,0.9657792448997498,0.994937777519226,1.343140922926978e-07,0.0003090508980676,128,384,0.0449823886156082,2.7281839720672e-06,7662770.0,0
436,4096.0,0.9870736002922058,0.9581050276756288,3.725066619608697e-07,0.0096880849450826,192,384,0.5831683278083801,0.0002303064829902,30120462.0,0
621,4096.0,0.9141165018081664,0.9736430644989014,3.751961230591405e-08,0.0222020428627729,384,32,0.7227433919906616,0.0009416324901394,20719920.0,1
1378,8192.0,0.9824069738388062,0.993767499923706,1.6196558760839252e-08,0.0010846483055502,64,32,0.1583793014287948,0.0534723401069641,105528141.0,0
1060,8192.0,0.9486562609672546,0.98489248752594,2.434318560062821e-07,0.0332812368869781,64,384,0.2070138305425644,0.0001248526095878,109081710.0,1
1484,8192.0,0.9836952090263368,0.9556658267974854,3.3570774604640974e-08,0.0090278340503573,512,384,0.3311486840248108,0.0019272837089374,88587432.0,0
373,512.0,0.938350260257721,0.98630553483963,2.622599311052909e-07,7.350956730078906e-05,448,32,0.5487969517707825,0.0179364755749702,3256498.0,0
558,4096.0,0.9863441586494446,0.9884369373321532,4.8055547097192175e-08,0.0003792313218582,192,384,0.7213752865791321,0.1678728014230728,19806688.0,0
1246,8192.0,0.9549540877342224,0.987357497215271,7.07211654571438e-07,0.0010442935163155,512,32,0.6239508390426636,0.0703736469149589,119347480.0,0
883,2048.0,0.9465934038162231,0.9579403400421144,7.21942896575456e-08,0.0221783202141523,512,320,0.7313108444213867,2.5148121949314373e-06,10975280.0,1
577,2048.0,0.9279110431671144,0.9933561682701112,5.103521516502951e-07,3.393300357856788e-05,32,448,0.3432162702083587,5.499522103491472e-06,9182540.0,0
34,4096.0,0.9037052392959596,0.9794602990150452,5.2508692505170984e-08,2.1694660972571e-05,320,32,0.0406583547592163,0.0003443097230046,21122004.0,0
1326,8192.0,0.9742226004600524,0.9933621287345886,3.563890516034007e-08,0.0006018073763698,128,64,0.4068919420242309,1.5952247849781998e-05,78823577.0,0
1403,8192.0,0.9018486738204956,0.9741069078445436,8.446777144399675e-08,0.0002111736830556,320,448,0.0269705057144165,2.3982433958735783e-06,119161940.0,0
73,4096.0,0.9077215790748596,0.9517253637313844,7.896663589690436e-08,7.392843690467998e-05,256,448,0.5678932666778564,0.0020404190290719,15080799.0,0
1278,8192.0,0.963256299495697,0.9644796252250672,8.703046461278063e-08,0.0060816979967057,448,384,0.5626606941223145,0.1400841027498245,118545080.0,0
1194,8192.0,0.9725666642189026,0.9952518939971924,1.2125960324738116e-07,0.0041810479015111,448,512,0.3909070193767547,0.0008886463474482,113920980.0,0
554,4096.0,0.9795471429824828,0.9567229151725768,6.019094911380307e-08,0.0146630713716149,64,384,0.1258209943771362,9.01519088074565e-05,17880528.0,1
1210,4096.0,0.9180058240890504,0.9853442311286926,1.625879519906448e-07,6.123326602391899e-05,128,256,0.2606908082962036,0.0024940548464655,69963822.0,0
546,2048.0,0.9258446097373962,0.9886163473129272,1.005658134545229e-07,2.7775695343734697e-05,64,32,0.5561451315879822,8.068423994700424e-06,10624914.0,0
493,2048.0,0.9704991579055786,0.9795485734939576,5.1495341324425694e-08,0.0139327999204397,128,32,0.2801610827445984,0.0001479418569942,5025154.0,0
585,4096.0,0.9570154547691344,0.97025465965271,1.441203156815618e-08,0.0028920948971062,320,64,0.7078591585159302,1.7368602129863575e-06,38594451.0,0
1373,8192.0,0.9534273147583008,0.9883056282997132,6.214353334144107e-07,0.0003014288668055,448,32,0.3827917277812958,4.271968919056235e-06,112277320.0,0
750,4096.0,0.9197207093238832,0.994812786579132,1.9041161536392792e-08,1.584659366926644e-05,448,32,0.2266998589038849,0.0436613336205482,31528902.0,0
988,512.0,0.9460400938987732,0.9647494554519652,1.1021271895117481e-08,0.0060701468028128,320,256,0.0168134719133377,0.0081062512472271,2093206.0,0
482,2048.0,0.9512175917625428,0.9850844144821168,1.8754825248379348e-08,0.0001384069764753,384,32,0.5903276205062866,7.404796633636579e-05,12094923.0,0
605,4096.0,0.9044790863990784,0.95298033952713,2.804211760576436e-07,0.0003691361343953,64,512,0.5173424482345581,1.8817845557350665e-05,33108456.0,0
486,512.0,0.9705720543861388,0.9519082307815552,9.102518561121545e-08,0.0007256811950355,256,320,0.518503725528717,0.0075206379406154,1674808.0,0
648,4096.0,0.9033180475234984,0.9911025762557985,7.26028943631718e-08,0.011413742788136,64,512,0.4247457683086395,6.720516830682755e-05,50892453.0,0
205,4096.0,0.9696682095527648,0.9808438420295716,8.616896138846641e-07,2.327251058886759e-05,64,512,0.0841020941734314,0.008509979583323,48774168.0,0
394,2048.0,0.943778932094574,0.9594401717185974,5.4210641309282443e-08,0.0025662512052804,256,192,0.4013785421848297,5.254924690234475e-05,4720966.0,0
333,4096.0,0.9208038449287416,0.994704008102417,4.360708487638476e-07,0.0006609809934161,32,64,0.1088301390409469,0.0013759818393737,58507770.0,0
1234,8192.0,0.9148491621017456,0.9702591896057128,1.1850983838712636e-07,5.641992538585328e-05,192,512,0.1289252489805221,0.0375438146293163,80813502.0,0
1381,4096.0,0.9028885960578918,0.9853047132492064,7.387264844282981e-08,0.0120385475456714,384,320,0.1945162564516067,0.0001105133269447,63449280.0,1
1309,8192.0,0.9492441415786744,0.9733502864837646,7.768767318339087e-08,0.0013446488883346,64,512,0.2035320997238159,3.1400934403791325e-06,115016790.0,0
222,512.0,0.9655841588974,0.9699827432632446,1.4097611256147502e-07,0.0010449803667142,32,192,0.2353547215461731,1.947476221175748e-06,2937460.0,0
1112,8192.0,0.9354126453399658,0.9702311754226683,5.030861984778312e-07,0.0171213336288929,512,64,0.5599813461303711,3.2909356377786025e-05,84529296.0,1
274,2048.0,0.947062849998474,0.9544374346733092,6.268832208888854e-08,1.1095554327766877e-05,32,256,0.3655867874622345,0.1258086413145065,6644750.0,0
170,4096.0,0.9558684825897216,0.9722592234611512,2.0313640547442453e-08,0.0002761196228675,128,32,0.6467263698577881,0.0103823710232973,21462900.0,0
935,512.0,0.970060646533966,0.9619068503379822,5.714277335755469e-07,0.0098652737215161,128,512,0.4720997214317322,4.845259809371783e-06,1917188.0,1
944,4096.0,0.9899874329566956,0.9641075730323792,2.99594518082813e-07,8.356084435945377e-05,64,32,0.1019901931285858,2.203961230407004e-06,37004058.0,0
715,2048.0,0.9133076667785645,0.98757404088974,6.465618440643084e-08,0.0058751315809786,192,32,0.7283106446266174,0.0002331143914489,4231208.0,0
224,2048.0,0.9136910438537598,0.9619911313056946,2.597878108190344e-07,4.4811091356677935e-05,64,384,0.3487257063388824,0.0840083509683609,10983164.0,0
1025,8192.0,0.960877239704132,0.9830912351608276,1.2592516895892913e-07,3.9635699067730457e-05,448,384,0.3691169023513794,3.003461870321189e-06,77851557.0,0
1014,8192.0,0.9145117998123168,0.9516619443893432,4.269408862001001e-07,0.0002608739014249,448,512,0.5193719863891602,0.0004546917334664,116716440.0,0
776,4096.0,0.9570156335830688,0.9543927311897278,3.1013325241247e-08,1.0980613296851516e-05,192,512,0.7415086627006531,0.0008600083529017,26720650.0,0
1195,8192.0,0.9346030950546264,0.9877690672874452,9.196914163567273e-08,0.0003291317261755,320,512,0.7289683818817139,5.6209855756605975e-06,97049538.0,0
837,2048.0,0.985905647277832,0.9738970398902892,1.978925467938097e-08,0.000150941486936,128,448,0.1583831906318664,0.0143261682242155,14413836.0,0
1152,8192.0,0.9534935355186462,0.9591166973114014,9.308342185931909e-08,0.0116493199020624,320,384,0.253136396408081,0.039535604417324,70435650.0,0
65,4096.0,0.9058539271354676,0.998344659805298,2.503165319467371e-07,0.0001443723449483,256,256,0.1924635171890258,0.0002965884341392,22850220.0,0
1043,8192.0,0.9137770533561708,0.9957481026649476,6.565637136191071e-07,2.924025284301024e-05,128,64,0.3429915010929107,0.0003551112313289,101898792.0,0
1436,4096.0,0.9573693871498108,0.9729034900665284,2.784563264413009e-07,0.0270401071757078,256,384,0.3926471471786499,1.894793604151345e-05,66360000.0,1
778,4096.0,0.9244187474250792,0.9508848786354064,1.7698452481340613e-08,4.378582161734812e-05,32,448,0.2600797712802887,0.0003106169460806,21321604.0,0
1265,8192.0,0.9790303707122804,0.9798845648765564,1.3081494998345988e-08,0.0009771595941856,64,512,0.0830283164978027,6.0122852119093295e-06,84927840.0,0
560,2048.0,0.9093360900878906,0.9855495095252992,5.138829450856974e-08,0.0051171923987567,320,384,0.4133773446083069,5.361720013752347e-06,9173192.0,0
509,4096.0,0.9254408478736876,0.9716668725013732,2.1810500072660946e-07,2.1396441297838464e-05,32,64,0.689719557762146,0.0001142931287176,48435966.0,0
643,4096.0,0.9799062609672546,0.9689739346504213,3.5821614119413425e-08,0.0081442790105938,512,32,0.1968551874160766,2.0390221834531985e-05,45111800.0,1
1057,8192.0,0.9816688895225524,0.9783508777618408,1.4063543574138748e-07,0.0001223427389049,320,64,0.6782822608947754,3.3270794119744096e-06,95777808.0,0
121,4096.0,0.9461930394172668,0.9648245573043824,1.1426548951476437e-07,0.0039070956408977,32,128,0.3902381062507629,0.0002141933800885,20375520.0,0
639,2048.0,0.9214648008346558,0.9504024386405944,1.3000104104321508e-07,0.0253109671175479,32,256,0.0022160410881042,0.0005538198747672,5703410.0,0
637,2048.0,0.9135741591453552,0.9885998368263244,2.0080474882888666e-07,0.0305119641125202,128,448,0.71156907081604,0.0001518865756224,10534834.0,1
30,4096.0,0.9030265808105468,0.9924799799919128,9.65259587815126e-08,0.0071404096670448,128,384,0.35619056224823,9.064982805284671e-06,27586230.0,0
515,4096.0,0.9469406008720398,0.9928245544433594,2.064763862108521e-07,0.000117250259791,448,384,0.7488433122634888,9.752315236255528e-06,16081695.0,0
1206,4096.0,0.9406861066818236,0.968408465385437,1.1658024767768891e-08,0.0003172034048475,192,384,0.6208125352859497,0.0020707363728433,63994584.0,0
1182,8192.0,0.978147029876709,0.9903250336647034,3.123570735397152e-08,0.0405832044780254,64,64,0.2688144445419311,0.0001239374832948,97201683.0,0
1466,8192.0,0.9818803071975708,0.9869344234466552,7.092074838510598e-07,0.00036331982119,384,320,0.0364062935113906,4.4234449887881055e-05,91619736.0,0
283,4096.0,0.9560552835464478,0.9847594499588012,3.145297853279772e-07,0.0016197102377191,512,320,0.0022821575403213,0.0321427099406719,18204296.0,0
593,2048.0,0.9161746501922609,0.9532723426818848,6.397685865522362e-07,7.771809760015458e-05,32,384,0.5960276126861572,1.0906467196036829e-06,5353478.0,0
1037,8192.0,0.9833459258079528,0.9545105695724488,7.656713023607153e-07,0.0021000285632908,384,64,0.5940619707107544,0.0002447236329317,107784513.0,0
530,4096.0,0.9583048820495604,0.9871974587440492,3.110123358851524e-08,0.0233461372554302,64,128,0.3701075315475464,5.569848781306064e-06,45869400.0,0
1031,4096.0,0.9878686666488647,0.9510498046875,2.559256131462462e-07,0.0021398463286459,32,448,0.3187903761863708,0.0016814661212265,63096126.0,0
1212,8192.0,0.9547335505485536,0.9613561630249025,2.7134429814168484e-08,0.0060101677663624,320,32,0.6639013886451721,3.3025877200998366e-05,101667888.0,0
692,2048.0,0.907550036907196,0.9539294838905334,1.8775592991460146e-07,5.843949838890694e-05,384,384,0.4843063950538635,0.0003581928031053,4999920.0,0
386,2048.0,0.9360778331756592,0.9794895052909852,8.301468596982886e-07,0.0014016949571669,256,32,0.1683436185121536,9.430087811779232e-05,10420434.0,0
804,2048.0,0.9019087553024292,0.9867823123931884,2.1249903170428297e-07,0.0003282161487732,192,448,0.3247236609458923,0.0164584163576364,13440777.0,0
197,4096.0,0.9343437552452089,0.9876110553741456,4.724043094483932e-07,0.0002483985444996,64,128,0.4581263065338135,0.1260761171579361,56131120.0,0
1489,8192.0,0.9828864336013794,0.9974615573883056,1.0568112429609756e-07,0.000513348612003,128,256,0.2620742321014404,5.921489901083987e-06,113623870.0,0
131,512.0,0.9253131747245787,0.9986433386802672,1.9672319240271466e-07,0.008752760477364,32,64,0.5096957087516785,0.0001765566848916,2670942.0,0
575,4096.0,0.9048212170600892,0.9775692820549012,1.853211806235322e-08,2.881117507058661e-05,192,512,0.3204575181007385,0.0482015125453472,21377164.0,0
1345,8192.0,0.9333121180534364,0.9844204187393188,1.3288334876904171e-08,0.0001189206523122,64,448,0.7060376405715942,5.452755431178957e-06,111446260.0,0
189,4096.0,0.9809783697128296,0.9927764534950256,3.517906748129463e-07,0.0018942201277241,64,32,0.5561575889587402,4.699031251220731e-06,15024372.0,0
149,4096.0,0.9868009090423584,0.9801464676856996,1.6834522398312401e-07,0.0017576573882251,192,512,0.3254048824310303,0.0002359905192861,19869636.0,0
931,2048.0,0.9643346667289734,0.9978066086769104,2.378161099159115e-07,1.3770371879218146e-05,64,128,0.6540777087211609,1.6636452073726105e-06,7517180.0,0
1283,8192.0,0.9082347750663756,0.9675437211990356,5.55317853923043e-08,0.0001893261069199,320,448,0.6660914421081543,1.0941414075205104e-05,119467550.0,0
308,2048.0,0.9549615383148192,0.9839059710502625,2.204029527774765e-07,0.000732040614821,64,256,0.6597024202346802,1.943315692187753e-05,5714082.0,0
914,2048.0,0.93035089969635,0.9852902889251708,6.498270010979469e-08,0.0005131518119014,320,128,0.1037446707487106,1.094768686016323e-05,9424254.0,0
1131,8192.0,0.9012106657028198,0.9650968909263612,4.387978833619855e-07,0.0093949139118194,384,256,0.3167145252227783,0.0072461762465536,88697080.0,0
912,4096.0,0.9253856539726256,0.9642283916473388,6.511276069431915e-07,7.928179547889158e-05,448,192,0.4373739957809448,3.4602617233758792e-06,22426408.0,0
1425,8192.0,0.949683666229248,0.9889847040176392,2.9300894155426253e-08,2.382322054472752e-05,192,448,0.5388943552970886,0.0528085082769393,108811620.0,0
1392,8192.0,0.9361079931259156,0.976420283317566,1.8441427940274483e-08,0.0128465676680207,128,64,0.7064651250839233,5.500828137883218e-06,110404530.0,0
1207,8192.0,0.9028941988945008,0.9886457324028016,4.336849031005841e-07,0.0110668260604143,64,320,0.5286275148391724,1.952111688297009e-06,111996760.0,0
258,2048.0,0.9044930338859558,0.9634659886360168,2.203413771439955e-07,0.0268455874174833,384,256,0.5005632638931274,3.850681878247997e-06,10002484.0,1
347,4096.0,0.961098849773407,0.971769630908966,1.2760658307797712e-08,5.124586095917039e-05,64,384,0.1864520609378814,0.0010960976360365,54353980.0,0
671,2048.0,0.906103491783142,0.957736313343048,4.370479871340649e-07,8.509841427439824e-05,256,192,0.0879657268524169,0.0011193562531843,5520636.0,0
226,4096.0,0.9643983840942384,0.9509897828102112,5.0602981360725614e-08,0.0024670206476002,384,384,0.211519718170166,1.751477066136431e-05,23565068.0,0
972,512.0,0.963946521282196,0.9957209825515748,1.3480608629379276e-07,0.0263585783541202,320,384,0.1919470131397247,0.0004282801528461,786932.0,0
930,2048.0,0.9895525574684144,0.962471604347229,3.238942625216623e-08,0.0209293384104967,128,384,0.267594575881958,9.91823326330632e-05,8866370.0,1
538,2048.0,0.9295766353607178,0.9976868629455566,6.014312248225906e-07,0.0036149963270872,32,256,0.369223952293396,0.1887260973453521,9214164.0,0
845,2048.0,0.900061845779419,0.9901570081710817,1.2316247932631086e-07,0.0037134808953851,128,32,0.1634122878313064,0.0835044905543327,11806902.0,0
498,2048.0,0.9750930666923524,0.962183713912964,7.343262495851377e-07,0.0021360008977353,32,128,0.4688144326210022,0.0493567213416099,10960446.0,0
231,4096.0,0.9415791034698486,0.975906491279602,5.470018322739634e-07,4.132898538955487e-05,64,128,0.0420754551887512,0.0003693712060339,37152115.0,0
442,2048.0,0.9733332395553588,0.965856909751892,7.90979299836181e-08,0.0254799555987119,32,448,0.5556060671806335,0.0471953861415386,6355250.0,1
303,2048.0,0.9272283911705016,0.9866287112236024,1.7183857892177912e-08,0.0048179565928876,512,448,0.221018761396408,0.0240659490227699,9709550.0,0
941,2048.0,0.912068486213684,0.9761834740638732,2.2008105560189506e-08,5.8715690101962537e-05,320,256,0.5603099465370178,1.4359336546476698e-06,13427670.0,0
508,4096.0,0.9609535336494446,0.96540504693985,1.0804787820006825e-07,0.0002337506448384,192,32,0.3836162388324737,0.0001522829697933,15489036.0,0
382,4096.0,0.9086923599243164,0.9781216382980348,1.8234922904980522e-08,0.0080950381234288,192,384,0.2544869184494018,0.1001021414995193,17089599.0,0
242,2048.0,0.9298267364501952,0.9516119956970216,1.1916063691330692e-08,0.000109184977191,448,320,0.3382703065872192,0.0001638621470192,8424578.0,0
289,2048.0,0.9001644849777222,0.9528557658195496,1.0449414133972824e-07,6.413886876543984e-05,448,32,0.5154052972793579,1.3770712939731313e-05,12774642.0,0
955,2048.0,0.9264796376228333,0.9850746393203736,8.405794460486504e-08,0.0002268797543365,64,384,0.6060153245925903,0.0006720831152051,4545960.0,0
674,4096.0,0.9342371225357056,0.9614412784576416,5.1914793175456e-07,0.0013369984226301,32,256,0.1008476614952087,0.0701526552438736,17188080.0,0
854,4096.0,0.9866247177124025,0.9838254451751708,1.5348843973583826e-08,0.0052194166928529,32,32,0.0366493016481399,0.0079351924359798,47003256.0,0
892,4096.0,0.965106964111328,0.9684517979621888,1.2530827042667171e-08,0.0004972710739821,384,384,0.3973467946052551,0.0030136003624647,39942049.0,0
1097,8192.0,0.937781035900116,0.9731645584106444,2.3461089071474817e-08,2.901001971622464e-05,64,256,0.5471299886703491,0.018253456801176,100079055.0,0
1455,8192.0,0.9640223383903505,0.9667596220970154,6.75684788120634e-08,0.0011051754700019,384,256,0.0460601896047592,0.0004148012085352,118947880.0,0
556,4096.0,0.9560278654098512,0.9804591536521912,1.0652665594079737e-07,0.0011819128412753,64,192,0.0301159769296646,0.0209989435970783,45971752.0,0
1020,8192.0,0.9640390872955322,0.9551037549972534,1.4927801217368142e-08,0.0025858667213469,384,32,0.2128161191940307,0.0003337617672514,111368120.0,0
248,4096.0,0.9075093865394592,0.9784846305847168,3.963100994042179e-07,0.0007261221762746,64,512,0.0350163727998733,6.224733806448057e-05,18414556.0,0
753,2048.0,0.9748008847236632,0.9794965982437134,1.2278003680421534e-07,3.057410503970459e-05,512,128,0.7370010614395142,5.404584589996375e-05,4919522.0,0
387,4096.0,0.9152861833572388,0.9961727857589722,1.4700320072336126e-08,0.0004672884533647,128,384,0.2483699172735214,0.0077571566216647,58535140.0,0
52,4096.0,0.9238885045051576,0.9715593457221984,1.3088183870024752e-08,0.0402599722146987,32,32,0.1384290754795074,0.1735631078481674,31204992.0,0
1263,8192.0,0.9134065508842468,0.980607807636261,2.8518710948333137e-08,0.0140775488689541,192,448,0.0144694447517395,2.219180487372796e-06,93535600.0,1
544,2048.0,0.9158647656440736,0.9866558313369752,1.0242296788476324e-08,0.0002809242869261,128,32,0.0395923107862472,0.0020307814702391,5716430.0,0
364,2048.0,0.9060160517692566,0.9795980453491212,5.794353228338878e-07,0.0033375700004398,320,256,0.4780052900314331,0.0025942192878574,7652030.0,0
620,4096.0,0.957418978214264,0.9620441794395448,2.5395079816803445e-08,0.0056803333573043,128,384,0.1814451813697815,0.1944769471883773,57306540.0,0
1122,4096.0,0.968055248260498,0.9881625771522522,7.89803095813113e-07,6.797959213145077e-05,512,32,0.0950171202421188,3.655739419627935e-05,61243152.0,0
1178,8192.0,0.938234269618988,0.998144030570984,1.9399584516577306e-07,0.0053426818922162,512,32,0.0858478993177414,0.0018223843071609,95336904.0,0
1282,8192.0,0.9446150660514832,0.9518250226974488,1.7636347493521498e-08,0.0059524499811232,128,192,0.5555866956710815,0.0005329786217771,118062240.0,0
186,4096.0,0.966629445552826,0.9833620190620422,8.65497838731244e-07,0.00099860469345,320,448,0.0312250256538391,5.929392864345573e-05,31775082.0,0
209,2048.0,0.96700257062912,0.9833934903144836,4.506786766000914e-08,5.545497333514504e-05,192,32,0.7338661551475525,0.0064475936815142,6877632.0,0
337,2048.0,0.935608983039856,0.951380491256714,9.939433311956236e-07,1.3516964827431366e-05,320,128,0.4062290489673614,1.011861741062603e-06,9756776.0,0
502,2048.0,0.9107934832572936,0.9533690214157104,7.059377793439128e-08,5.8185189118376e-05,64,64,0.6298353672027588,0.0433615706861019,6248450.0,0
811,512.0,0.957794427871704,0.9860699772834778,2.0974192693756777e-07,0.005601670127362,256,32,0.1726487427949905,0.0022230369504541,2141012.0,0
1244,8192.0,0.9799513220787048,0.9685179591178894,9.65027666666174e-08,0.025712352246046,512,256,0.4776746034622192,2.3377280740533024e-05,112269410.0,1
791,4096.0,0.949961483478546,0.9735727906227112,6.230761186998279e-07,2.0933786800014783e-05,512,320,0.6051905751228333,0.1484565287828445,27667330.0,0
1492,8192.0,0.9813444018363952,0.9925256371498108,2.3107284619072746e-07,0.0010822624899446,32,512,0.7305861115455627,0.0096301492303609,77826280.0,0
825,4096.0,0.9536207318305968,0.9572393894195556,8.736013796806219e-07,0.0006112019764259,64,512,0.0319204777479171,1.0213537279923912e-05,22806688.0,0
246,4096.0,0.9889693260192872,0.97015380859375,3.164612749628759e-08,0.0068891700357198,32,320,0.1613147109746933,0.0030852099880576,24919725.0,0
449,2048.0,0.9190412759780884,0.998889148235321,1.5723474078299663e-08,0.0105878161266446,64,32,0.4385340213775635,0.0299545284360647,4310856.0,0
21,4096.0,0.9446507096290588,0.9577580690383912,1.7170238209018865e-07,0.0128900045529007,384,32,0.4483631551265716,0.0027857348322868,26093810.0,0
599,4096.0,0.9552373886108398,0.960250735282898,2.1930249616275432e-08,0.0001285017497139,512,64,0.4065382182598114,4.705295850726543e-06,43568224.0,0
1079,8192.0,0.9646247029304504,0.9659610390663148,3.66234296222956e-08,0.0001931882288772,32,32,0.347079336643219,0.0081812599673867,75000240.0,0
963,512.0,0.9819636344909668,0.9885417222976683,3.8415134895330993e-07,5.787924965261482e-05,256,32,0.7167060971260071,0.0385849364101886,3191652.0,0
604,512.0,0.957423448562622,0.9648780822753906,9.958247346730786e-07,0.0024164980277419,192,448,0.3933517336845398,2.1261013898765668e-05,1406844.0,0
1387,8192.0,0.9072668552398682,0.9556400775909424,8.804329922895704e-07,0.0001596272632014,512,256,0.650661051273346,0.0361694991588592,118292060.0,0
563,4096.0,0.903433918952942,0.9800245761871338,3.0591618127573383e-08,6.746247527189553e-05,128,384,0.5253050327301025,0.0167734920978546,15965256.0,0
487,512.0,0.9041284322738647,0.985432744026184,2.822423823545251e-07,0.0007316999835893,320,128,0.6573156714439392,0.0272234175354242,1540832.0,0
275,512.0,0.9754274487495422,0.9588937163352966,7.66810188679301e-08,0.0054004294797778,32,512,0.1138577610254287,0.0601048581302166,3275758.0,0
733,4096.0,0.9839032888412476,0.9567092657089232,5.3988788550896094e-08,0.0132553661242127,256,256,0.5602428913116455,2.690505971258972e-05,23067520.0,0
272,4096.0,0.9121688008308412,0.9677757024765016,3.022391226181753e-08,0.001980303088203,320,384,0.1555877476930618,0.0017898182850331,29096500.0,0
797,2048.0,0.9302574396133424,0.9902585744857788,2.508482452867611e-07,0.0039508049376308,32,128,0.4345879554748535,0.0115659581497311,6580056.0,0
365,2048.0,0.9671379923820496,0.9571456909179688,1.9859850652892426e-08,3.9602375181857497e-05,448,320,0.5998581051826477,0.0219921637326478,7389912.0,0
188,2048.0,0.9680725336074828,0.9815455675125122,5.091858383821091e-07,0.0002773230080492,192,320,0.458749383687973,0.0285633280873298,9135830.0,0
682,2048.0,0.9285551309585572,0.989688515663147,2.234827860547739e-07,1.861742202891037e-05,32,192,0.4061712920665741,0.0348409712314605,8041072.0,0
634,4096.0,0.9582371711730956,0.9561718106269836,1.766607482522886e-08,0.0143071692436933,320,32,0.5117566585540771,3.9230308175319806e-05,38842321.0,0
1058,4096.0,0.9370526671409608,0.9949453473091124,4.870408361057343e-07,0.0012839671690016,192,64,0.7285180687904358,0.0017682840116322,62263362.0,0
907,4096.0,0.950392246246338,0.9978445768356324,2.9031991743977414e-07,0.0001032099535223,448,32,0.082018107175827,0.0103661157190799,19098056.0,0
922,2048.0,0.9824692606925964,0.9689763784408568,1.348954015156778e-08,2.807626333378721e-05,32,192,0.4215505123138428,3.1001468414615374e-06,3705728.0,0
587,2048.0,0.9568058252334596,0.9545325636863708,3.2618068246392795e-08,0.0039956951513886,320,256,0.0177917182445526,0.0105420984327793,13987554.0,0
1248,8192.0,0.902402937412262,0.9545394778251648,1.3275979426907725e-07,0.0318025201559066,128,32,0.5090229511260986,1.992098759728833e-06,84483200.0,0
1337,8192.0,0.9182300567626952,0.9717366695404052,7.603934477629082e-07,3.858013224089518e-05,320,64,0.0743976831436157,0.1487013846635818,94877840.0,0
130,2048.0,0.917255401611328,0.9666924476623536,2.4432178946653952e-08,0.0008893025806173,128,32,0.1871989220380783,0.0364790186285972,7801626.0,0
961,4096.0,0.9360532164573668,0.9884565472602844,1.9841676746068515e-08,9.753473568707705e-05,320,384,0.1169467717409133,0.0268358085304498,37337671.0,0
33,512.0,0.9809404611587524,0.9627367854118348,1.4277228288506194e-08,0.0001225977030117,256,256,0.4981131255626678,0.0525911897420883,2028878.0,0
460,2048.0,0.9540275931358336,0.9654256105422974,2.5075567577914626e-07,0.0012284166878089,512,32,0.6861097812652588,0.0011176047846674,3926230.0,0
947,4096.0,0.9810837507247924,0.9611059427261353,1.7101951854670006e-08,0.0007370682433247,64,32,0.6624752879142761,4.278533197066281e-06,40270608.0,0
526,4096.0,0.9583578109741212,0.9729115962982178,2.07553739528521e-07,7.786269270582125e-05,32,32,0.0575417429208755,3.269772423664108e-05,52206858.0,0
891,2048.0,0.9360676407814026,0.96804279088974,8.561012521113298e-08,0.0276701152324676,512,320,0.5103093385696411,2.880228748836089e-06,5669730.0,1
409,2048.0,0.9233787655830384,0.9977068901062012,3.482156429868155e-08,0.0002604806213639,320,64,0.7151464223861694,1.4183568964654114e-05,11655018.0,0
76,2048.0,0.9506915211677552,0.9505658745765686,1.480090787708832e-07,5.235356366029009e-05,192,512,0.1362183988094329,0.0025255400687456,13115364.0,0
1349,8192.0,0.9045477509498596,0.9542446136474608,2.7466851904023315e-08,1.2700726074399428e-05,512,384,0.4342123568058014,0.0012892248341813,81864587.0,0
63,4096.0,0.9801499843597412,0.9913294911384584,2.3735547927117293e-07,0.000906293047592,256,32,0.1965417265892028,0.0552186854183673,58972010.0,0
427,2048.0,0.913881778717041,0.9854520559310912,6.860243217943207e-08,0.0003674186882562,32,64,0.4586766064167022,4.262887523509562e-05,12090609.0,0
675,512.0,0.9619473218917848,0.9632145166397096,6.580405624845298e-07,0.0002173602988477,32,512,0.5283353328704834,0.0396969690918922,3018110.0,0
807,512.0,0.9018624424934388,0.9737197160720824,2.066263782296573e-08,0.0040093413554131,448,32,0.7306811809539795,1.3540336567530176e-06,1007144.0,0
927,4096.0,0.950027585029602,0.957307755947113,9.18237049063464e-07,4.163923222222365e-05,32,32,0.6562358140945435,6.169630978547502e-06,29009910.0,0
375,4096.0,0.9191222190856934,0.9927296042442322,3.379558393135085e-07,4.764991899719462e-05,32,32,0.6563138961791992,0.0025281908456236,47675728.0,0
296,2048.0,0.9406575560569764,0.9854277968406676,1.3483340666198274e-08,0.0004331980017013,384,192,0.7357295155525208,0.0717213451862335,7856996.0,0
1229,8192.0,0.9538898468017578,0.9766964316368104,4.198824754553243e-08,0.0004333368560764,128,512,0.1661543995141983,8.928802344598807e-06,113551620.0,0
388,4096.0,0.9372822642326356,0.9775078892707824,5.365382094169036e-08,0.0449184700846672,256,256,0.465451180934906,0.0003797325771301,54967810.0,1
1088,8192.0,0.9359472393989564,0.98821222782135,9.669000746725942e-07,0.0057036615908145,256,128,0.2945854663848877,0.0006419526762329,106389792.0,0
572,2048.0,0.9422271251678468,0.982819676399231,6.052942325140975e-08,4.527251439867541e-05,256,448,0.4286032319068908,0.0001235572417499,8400688.0,0
330,2048.0,0.9604833126068116,0.9862347841262816,4.262066113369656e-07,0.0001259824202861,448,32,0.6097096800804138,4.1134855564450845e-05,12227214.0,0
528,2048.0,0.9214155673980712,0.9576125741004944,2.892738564241881e-07,0.0090924901887774,192,128,0.4836580157279968,7.777957216603681e-05,4147922.0,0
182,4096.0,0.9152284264564514,0.9545785188674928,1.785489445182975e-08,0.0021229539997875,32,64,0.0384130775928497,0.0044446941465139,39981144.0,0
208,4096.0,0.931431770324707,0.956779956817627,1.4663187997143725e-08,3.071883475058712e-05,128,64,0.7298903465270996,0.0002631625393405,24661980.0,0
107,4096.0,0.9612701535224916,0.9886183142662048,2.0623579288781e-08,0.0143840843811631,256,448,0.1283967643976211,2.858013658624259e-06,59233310.0,1
47,2048.0,0.9472320079803468,0.9805814623832704,8.805118909549492e-07,0.0252361763268709,64,32,0.522852897644043,0.0019000141182914,11074388.0,0
839,2048.0,0.9780057668685912,0.9606963992118835,7.246455169251932e-08,0.0173257738351821,32,256,0.633814811706543,0.0012690206058323,14525994.0,1
1442,8192.0,0.981862723827362,0.9896199107170104,1.837931762338485e-07,0.0019107495900243,512,384,0.6326160430908203,5.12915758008603e-05,86196824.0,0
183,4096.0,0.9341144561767578,0.9859607815742492,2.349758609909713e-08,0.0012989392271265,320,256,0.0336492508649826,0.0014858031645417,20979516.0,0
937,512.0,0.9574475288391112,0.9695826172828674,1.1551757772565452e-08,0.0053363190963864,128,448,0.5279293656349182,0.0078684333711862,1916266.0,0
551,512.0,0.966079592704773,0.956864058971405,7.68037182297121e-07,0.011033141054213,32,32,0.400229275226593,0.0176612604409456,1899310.0,0
1038,8192.0,0.9774410128593444,0.961170256137848,4.82852215100138e-07,0.0005912876222282,192,128,0.4167091250419616,0.0015824990114197,115374480.0,0
27,2048.0,0.9306063055992126,0.9973229765892028,7.903776122475392e-08,5.540063284570351e-05,32,32,0.4977114200592041,0.0311409495770931,9916538.0,0
1211,8192.0,0.9457873106002808,0.9801476001739502,1.7823353459789363e-08,0.0237947721034288,64,448,0.4115574955940246,0.0066460287198424,84775472.0,1
848,512.0,0.9364815354347228,0.95985347032547,3.716392527053358e-08,0.0008171683875843,64,512,0.6266960501670837,1.6682510022292265e-06,2031148.0,0
665,4096.0,0.9395158290863036,0.9947547912597656,4.955615509061317e-07,0.0049539147876203,256,256,0.507269561290741,1.4878803995088674e-05,27746410.0,0
1445,8192.0,0.9144026041030884,0.979825496673584,1.938873595008772e-08,0.0006666786503046,192,128,0.1973193436861038,3.269589797127992e-06,91863456.0,0
136,4096.0,0.9812213778495787,0.97284734249115,1.2552882289185165e-08,2.830475386872422e-05,32,256,0.3475310504436493,0.0865926891565322,34495926.0,0
91,2048.0,0.9876755475997924,0.9542956948280334,6.90148226567544e-07,0.0005159048596397,512,320,0.652244508266449,0.0167040042579174,3531374.0,0
1107,8192.0,0.9158605933189392,0.9936192631721495,6.357507231768977e-07,0.0001144592533819,32,128,0.1137780994176864,0.0020197720732539,88129520.0,0
686,512.0,0.9127867817878724,0.9639087319374084,1.5646969586669004e-07,0.0001369142992189,320,64,0.5575223565101624,2.0695890725619392e-06,3220678.0,0
736,4096.0,0.9189704656600952,0.9553720951080322,5.240696054897853e-07,3.943297269870527e-05,64,320,0.0534755140542984,0.0003057254652958,22963516.0,0
452,4096.0,0.9166978597640992,0.9957133531570436,3.7082283910194747e-08,0.0468305647373199,128,512,0.6013175249099731,7.736200132058002e-06,33852564.0,1
44,4096.0,0.98338520526886,0.992238461971283,2.380610553132101e-08,0.0001531064481241,64,32,0.147726908326149,4.931863077217713e-05,28954825.0,0
976,2048.0,0.9064795970916748,0.9705727100372314,1.0331511646199942e-08,0.0032554396893829,192,512,0.5692749619483948,0.00026964279823,6094858.0,0
1300,8192.0,0.9819284081459044,0.9888174533843994,1.2888023093182712e-08,0.0002038669335888,32,320,0.5353291630744934,2.038711954810424e-06,106447329.0,0
434,4096.0,0.92899888753891,0.976571798324585,2.365900257927933e-07,0.0056374375708401,128,128,0.2408714443445205,0.0565694160759449,58072180.0,0
464,512.0,0.9123026728630066,0.9853461980819702,6.464795774263621e-07,0.0010785111226141,192,64,0.2934434115886688,0.0004159400996286,1298222.0,0
1251,8192.0,0.9063629508018494,0.9557651281356812,6.179676148576618e-08,0.0217699911445379,448,32,0.7391473054885864,0.0002464067365508,81634588.0,1
89,2048.0,0.9778311252593994,0.9539820551872252,5.566840286519437e-07,0.0485812313854694,448,32,0.6834771633148193,1.870275264082011e-05,4737146.0,1
1426,8192.0,0.9504094123840332,0.982961654663086,9.120223580794118e-07,0.049171894788742,192,192,0.3033876419067383,3.2942956750048324e-05,119511510.0,1
582,2048.0,0.925813615322113,0.9840431213378906,4.4331429194244265e-08,7.566976273665205e-05,512,320,0.4613511562347412,0.0003403462469577,7480664.0,0
1272,8192.0,0.9276666641235352,0.9790359735488892,3.1782775522515294e-08,1.5850431736907922e-05,32,448,0.7092682123184204,2.7614660211838785e-05,113768470.0,0
766,2048.0,0.9740434885025024,0.995771050453186,1.4161367190013152e-08,0.0128183588385581,192,320,0.6975204944610596,2.965417479572352e-06,5026544.0,0
687,4096.0,0.9674606323242188,0.9832861423492432,1.2064853116555696e-08,0.0001118841828429,64,64,0.2611145973205566,5.621827313007088e-06,16787334.0,0
407,4096.0,0.9616584181785583,0.973809540271759,1.1628916496420061e-07,0.0034817603882402,192,128,0.2023427188396453,1.4674743624709663e-06,17614341.0,0
1012,4096.0,0.9475268721580504,0.9909595847129822,9.34657435891495e-08,0.0033655951265245,64,32,0.4653359651565552,0.0002398385404376,60591750.0,0
1258,8192.0,0.9555076956748962,0.9664154648780824,5.3753385742538746e-08,0.0232333838939666,256,512,0.1737387478351593,0.0883169174194336,114397880.0,1
744,2048.0,0.94681978225708,0.9588746428489684,9.457740901552825e-08,0.0051872413605451,64,32,0.634840726852417,4.039497798657976e-05,4421888.0,0
314,512.0,0.94407719373703,0.9632300734519958,7.893410725046125e-08,0.0151509577408432,128,320,0.5963767766952515,0.0002628347137942,1503034.0,1
711,4096.0,0.9840881824493408,0.9651283025741576,4.8100940119866216e-08,0.0097386492416262,256,32,0.2233378887176513,0.0007276867982,17364312.0,0
469,512.0,0.9750572443008424,0.9816152453422546,4.6317371271698e-08,7.146369898691773e-05,32,384,0.6101711988449097,1.5790519682923332e-05,2987746.0,0
106,2048.0,0.9507461786270142,0.9579137563705444,1.0242648507130523e-08,5.3066709369886667e-05,128,384,0.0119384676218032,7.385634671663865e-05,11899230.0,0
438,2048.0,0.9843600988388062,0.9686437249183656,4.263094410816848e-07,1.26222757899086e-05,448,128,0.4723449349403381,1.6426738511654548e-06,7350246.0,0
284,2048.0,0.9611902236938475,0.9533795714378356,5.335053998578587e-08,0.0290333405137062,192,128,0.3252973556518554,4.190464096609503e-06,14386692.0,0
645,4096.0,0.9553901553153992,0.9562911987304688,9.129612976721546e-07,0.0035083519760519,128,32,0.2158230543136596,6.365855369949713e-05,29394825.0,0
1279,4096.0,0.9521384835243224,0.9655116200447084,1.2184605679976812e-07,0.002364438958466,192,64,0.4496465027332306,0.0007300964789465,60354576.0,0
163,4096.0,0.9073044657707214,0.9861547946929932,6.502054930024315e-07,0.001545006991364,256,320,0.4612898826599121,0.0059761772863566,45004448.0,0
325,4096.0,0.982410728931427,0.9620386362075806,3.9177626831588e-07,0.0125693324953317,320,32,0.0602095127105712,0.0032251020893454,56699320.0,1
202,512.0,0.950819969177246,0.9591512680053712,1.237911817497661e-07,0.004240539856255,320,32,0.036914438009262,0.0009717876673676,2609816.0,0
666,4096.0,0.9288300275802612,0.9835487604141236,4.2941767475213055e-08,0.0045375521294772,192,320,0.4898113310337066,1.202578096126672e-05,31920612.0,0
555,4096.0,0.9131687879562378,0.9848467111587524,7.523441922785423e-07,0.0109208570793271,64,128,0.6453490257263184,0.0707570388913154,16250271.0,0
934,2048.0,0.9551915526390076,0.982729196548462,4.197463354671528e-08,0.0040004574693739,320,32,0.2424505054950714,1.0760273653431796e-05,5728648.0,0
653,2048.0,0.928910791873932,0.9597864747047424,1.7257541173876237e-07,0.0010133514879271,512,128,0.5548056960105896,0.0001542144600534,11423104.0,0
734,4096.0,0.9598166942596436,0.9590059518814088,3.5400230302684577e-08,0.0002172703534597,320,32,0.0946898907423019,0.0001169921306427,28964395.0,0
754,4096.0,0.9448335766792296,0.9646621942520142,1.456114802067532e-07,0.0112835932523012,32,32,0.197946086525917,0.0551307089626789,28051490.0,0
251,4096.0,0.944788932800293,0.9785234332084656,5.917546559430775e-07,2.465293073328212e-05,32,32,0.3958580493927002,3.3141714084194973e-06,28100145.0,0
250,2048.0,0.9464480876922609,0.9917495846748352,9.547184731673044e-08,0.0004512184823397,448,32,0.0887503176927566,0.0128369722515344,3593200.0,0
800,2048.0,0.9203229546546936,0.9546242356300354,7.08158864881625e-08,4.050368443131447e-05,512,64,0.3865078091621399,0.0001569216838106,9399006.0,0
727,512.0,0.9317865967750548,0.9710580110549928,1.1919495612744413e-08,0.008015589788556,32,32,0.6861693263053894,4.044642082590144e-06,1332274.0,0
1336,4096.0,0.9388205409049988,0.9850705862045288,1.656491548374106e-07,0.0003012423694599,32,320,0.5977272987365723,5.032025455875555e-06,67412532.0,0
1175,8192.0,0.900509774684906,0.9856395721435548,1.3774448248682349e-08,0.0347097739577293,256,256,0.2507619261741638,1.80927258952579e-06,110123460.0,1
1435,8192.0,0.9089326858520508,0.9550597071647644,6.207141467484689e-08,0.0011854586191475,512,384,0.3782793283462524,0.1212807968258857,86119528.0,0
635,4096.0,0.9543140530586244,0.9968761205673218,1.2401881299695106e-08,0.027168458327651,128,512,0.0233760774135589,7.608468877151608e-05,40409768.0,1
539,2048.0,0.9878091812133788,0.997081458568573,3.450371082180937e-07,5.704025534214452e-05,448,448,0.5259694457054138,0.000535633356776,11457182.0,0
870,4096.0,0.9583988189697266,0.9611250162124634,1.0152191975976168e-07,4.851846460951492e-05,512,256,0.3449926972389221,3.790246773860417e-05,40409222.0,0
295,4096.0,0.9066804051399232,0.9772922396659852,6.603036695196352e-07,0.004560777451843,32,128,0.4219957888126373,2.8030285648128483e-06,42418664.0,0
454,2048.0,0.9630572199821472,0.9615551233291626,9.34010557784859e-08,0.0177914965897798,32,64,0.2578161954879761,1.8704258764046244e-06,12387720.0,0
463,4096.0,0.9078853130340576,0.9953945875167848,3.394837619907776e-07,0.0364602394402027,64,256,0.2762988805770874,0.0539584793150424,19841976.0,1
610,2048.0,0.9234536290168762,0.9819709658622742,1.3642649321354838e-07,0.0026708506047725,32,64,0.1332570612430572,0.0002517377433832,4814644.0,0
1428,8192.0,0.9188778400421144,0.9700369238853456,1.5163545086238628e-08,5.384315227274783e-05,192,384,0.6159693598747253,0.0535516440868377,112168280.0,0
874,2048.0,0.9318030476570128,0.9574135541915894,3.3675757293849535e-08,0.0166655294597148,32,256,0.4063424468040466,0.0032194387167692,8924702.0,0
339,4096.0,0.9256111979484558,0.9703864455223083,1.27799495430736e-08,1.3032727110839916e-05,448,384,0.2168966978788375,0.156235322356224,44066016.0,0
